/*
SQLyog Ultimate v9.30 
MySQL - 5.7.39-log : Database - stu_grades_admin
*********************************************************************
*/

/*!40101 SET NAMES utf8 */;

/*!40101 SET SQL_MODE=''*/;

/*!40014 SET @OLD_UNIQUE_CHECKS=@@UNIQUE_CHECKS, UNIQUE_CHECKS=0 */;
/*!40014 SET @OLD_FOREIGN_KEY_CHECKS=@@FOREIGN_KEY_CHECKS, FOREIGN_KEY_CHECKS=0 */;
/*!40101 SET @OLD_SQL_MODE=@@SQL_MODE, SQL_MODE='NO_AUTO_VALUE_ON_ZERO' */;
/*!40111 SET @OLD_SQL_NOTES=@@SQL_NOTES, SQL_NOTES=0 */;
CREATE DATABASE /*!32312 IF NOT EXISTS*/`stu_grades_admin` /*!40100 DEFAULT CHARACTER SET utf8 */;

USE `stu_grades_admin`;

/*Table structure for table `gen_table` */

DROP TABLE IF EXISTS `gen_table`;

CREATE TABLE `gen_table` (
  `table_id` bigint(20) NOT NULL AUTO_INCREMENT COMMENT '编号',
  `table_name` varchar(200) DEFAULT '' COMMENT '表名称',
  `table_comment` varchar(500) DEFAULT '' COMMENT '表描述',
  `sub_table_name` varchar(64) DEFAULT NULL COMMENT '关联子表的表名',
  `sub_table_fk_name` varchar(64) DEFAULT NULL COMMENT '子表关联的外键名',
  `class_name` varchar(100) DEFAULT '' COMMENT '实体类名称',
  `tpl_category` varchar(200) DEFAULT 'crud' COMMENT '使用的模板（crud单表操作 tree树表操作）',
  `package_name` varchar(100) DEFAULT NULL COMMENT '生成包路径',
  `module_name` varchar(30) DEFAULT NULL COMMENT '生成模块名',
  `business_name` varchar(30) DEFAULT NULL COMMENT '生成业务名',
  `function_name` varchar(50) DEFAULT NULL COMMENT '生成功能名',
  `function_author` varchar(50) DEFAULT NULL COMMENT '生成功能作者',
  `gen_type` char(1) DEFAULT '0' COMMENT '生成代码方式（0zip压缩包 1自定义路径）',
  `gen_path` varchar(200) DEFAULT '/' COMMENT '生成路径（不填默认项目路径）',
  `options` varchar(1000) DEFAULT NULL COMMENT '其它生成选项',
  `create_by` varchar(64) DEFAULT '' COMMENT '创建者',
  `create_time` datetime DEFAULT NULL COMMENT '创建时间',
  `update_by` varchar(64) DEFAULT '' COMMENT '更新者',
  `update_time` datetime DEFAULT NULL COMMENT '更新时间',
  `remark` varchar(500) DEFAULT NULL COMMENT '备注',
  PRIMARY KEY (`table_id`)
) ENGINE=InnoDB AUTO_INCREMENT=5 DEFAULT CHARSET=utf8 COMMENT='代码生成业务表';

/*Data for the table `gen_table` */

insert  into `gen_table`(`table_id`,`table_name`,`table_comment`,`sub_table_name`,`sub_table_fk_name`,`class_name`,`tpl_category`,`package_name`,`module_name`,`business_name`,`function_name`,`function_author`,`gen_type`,`gen_path`,`options`,`create_by`,`create_time`,`update_by`,`update_time`,`remark`) values (1,'stu_course','',NULL,NULL,'StuCourse','crud','com.ruoyi.system','system','course',NULL,'ruoyi','0','/',NULL,'admin','2022-11-15 23:39:35','',NULL,NULL),(2,'stu_score','',NULL,NULL,'StuScore','crud','com.ruoyi.system','system','score',NULL,'ruoyi','0','/',NULL,'admin','2022-11-15 23:39:35','',NULL,NULL),(3,'stu_student','',NULL,NULL,'StuStudent','crud','com.ruoyi.system','system','student',NULL,'ruoyi','0','/',NULL,'admin','2022-11-15 23:39:35','',NULL,NULL),(4,'stu_teacher','',NULL,NULL,'StuTeacher','crud','com.ruoyi.system','system','teacher',NULL,'ruoyi','0','/',NULL,'admin','2022-11-15 23:39:36','',NULL,NULL);

/*Table structure for table `gen_table_column` */

DROP TABLE IF EXISTS `gen_table_column`;

CREATE TABLE `gen_table_column` (
  `column_id` bigint(20) NOT NULL AUTO_INCREMENT COMMENT '编号',
  `table_id` varchar(64) DEFAULT NULL COMMENT '归属表编号',
  `column_name` varchar(200) DEFAULT NULL COMMENT '列名称',
  `column_comment` varchar(500) DEFAULT NULL COMMENT '列描述',
  `column_type` varchar(100) DEFAULT NULL COMMENT '列类型',
  `java_type` varchar(500) DEFAULT NULL COMMENT 'JAVA类型',
  `java_field` varchar(200) DEFAULT NULL COMMENT 'JAVA字段名',
  `is_pk` char(1) DEFAULT NULL COMMENT '是否主键（1是）',
  `is_increment` char(1) DEFAULT NULL COMMENT '是否自增（1是）',
  `is_required` char(1) DEFAULT NULL COMMENT '是否必填（1是）',
  `is_insert` char(1) DEFAULT NULL COMMENT '是否为插入字段（1是）',
  `is_edit` char(1) DEFAULT NULL COMMENT '是否编辑字段（1是）',
  `is_list` char(1) DEFAULT NULL COMMENT '是否列表字段（1是）',
  `is_query` char(1) DEFAULT NULL COMMENT '是否查询字段（1是）',
  `query_type` varchar(200) DEFAULT 'EQ' COMMENT '查询方式（等于、不等于、大于、小于、范围）',
  `html_type` varchar(200) DEFAULT NULL COMMENT '显示类型（文本框、文本域、下拉框、复选框、单选框、日期控件）',
  `dict_type` varchar(200) DEFAULT '' COMMENT '字典类型',
  `sort` int(11) DEFAULT NULL COMMENT '排序',
  `create_by` varchar(64) DEFAULT '' COMMENT '创建者',
  `create_time` datetime DEFAULT NULL COMMENT '创建时间',
  `update_by` varchar(64) DEFAULT '' COMMENT '更新者',
  `update_time` datetime DEFAULT NULL COMMENT '更新时间',
  PRIMARY KEY (`column_id`)
) ENGINE=InnoDB AUTO_INCREMENT=29 DEFAULT CHARSET=utf8 COMMENT='代码生成业务表字段';

/*Data for the table `gen_table_column` */

insert  into `gen_table_column`(`column_id`,`table_id`,`column_name`,`column_comment`,`column_type`,`java_type`,`java_field`,`is_pk`,`is_increment`,`is_required`,`is_insert`,`is_edit`,`is_list`,`is_query`,`query_type`,`html_type`,`dict_type`,`sort`,`create_by`,`create_time`,`update_by`,`update_time`) values (1,'1','course_id','课程编号','int(11)','Long','courseId','1','1',NULL,'1',NULL,NULL,NULL,'EQ','input','',1,'admin','2022-11-15 23:39:35','',NULL),(2,'1','course_name','课程名','varchar(20)','String','courseName','0','0','1','1','1','1','1','LIKE','input','',2,'admin','2022-11-15 23:39:35','',NULL),(3,'1','course_credit','学分','int(3)','Integer','courseCredit','0','0','1','1','1','1','1','EQ','input','',3,'admin','2022-11-15 23:39:35','',NULL),(4,'1','course_hours','学时','int(3)','Integer','courseHours','0','0','1','1','1','1','1','EQ','input','',4,'admin','2022-11-15 23:39:35','',NULL),(5,'1','tea_id','任课教师','int(11)','Long','teaId','0','0','1','1','1','1','1','EQ','input','',5,'admin','2022-11-15 23:39:35','',NULL),(6,'1','course_date','开课时间','date','Date','courseDate','0','0','1','1','1','1','1','EQ','datetime','',6,'admin','2022-11-15 23:39:35','',NULL),(7,'2','score_id','分数编号','int(11)','Long','scoreId','1','1',NULL,'1',NULL,NULL,NULL,'EQ','input','',1,'admin','2022-11-15 23:39:35','',NULL),(8,'2','stu_id','学生编号','int(11)','Long','stuId','0','0','1','1','1','1','1','EQ','input','',2,'admin','2022-11-15 23:39:35','',NULL),(9,'2','course_id','课程编号','int(11)','Long','courseId','0','0','1','1','1','1','1','EQ','input','',3,'admin','2022-11-15 23:39:35','',NULL),(10,'2','score_grade','成绩','double(11,2)','BigDecimal','scoreGrade','0','0','1','1','1','1','1','EQ','input','',4,'admin','2022-11-15 23:39:35','',NULL),(11,'3','stu_id','学生编号','int(11)','Long','stuId','1','1',NULL,'1',NULL,NULL,NULL,'EQ','input','',1,'admin','2022-11-15 23:39:35','',NULL),(12,'3','stu_num','学号','varchar(40)','String','stuNum','0','0','1','1','1','1','1','EQ','input','',2,'admin','2022-11-15 23:39:35','',NULL),(13,'3','stu_name','院系','varchar(30)','String','stuName','0','0','1','1','1','1','1','LIKE','input','',3,'admin','2022-11-15 23:39:35','',NULL),(14,'3','stu_sex','性别','char(1)','String','stuSex','0','0','1','1','1','1','1','EQ','select','',4,'admin','2022-11-15 23:39:35','',NULL),(15,'3','birth_date','出生日期','datetime','Date','birthDate','0','0','1','1','1','1','1','EQ','datetime','',5,'admin','2022-11-15 23:39:36','',NULL),(16,'3','stu_class','班级','varchar(30)','String','stuClass','0','0','1','1','1','1','1','EQ','input','',6,'admin','2022-11-15 23:39:36','',NULL),(17,'3','major_id','专业编号','int(11)','Long','majorId','0','0','1','1','1','1','1','EQ','input','',7,'admin','2022-11-15 23:39:36','',NULL),(18,'3','department_id','院系编号','int(11)','Long','departmentId','0','0','1','1','1','1','1','EQ','input','',8,'admin','2022-11-15 23:39:36','',NULL),(19,'3','del_flag','删除标志（0代表存在 2代表删除）','char(1)','String','delFlag','0','0','1','1',NULL,NULL,NULL,'EQ','input','',9,'admin','2022-11-15 23:39:36','',NULL),(20,'4','tea_id','编号','int(11)','Long','teaId','1','1',NULL,'1',NULL,NULL,NULL,'EQ','input','',1,'admin','2022-11-15 23:39:36','',NULL),(21,'4','tea_num','工号','varchar(30)','String','teaNum','0','0','1','1','1','1','1','EQ','input','',2,'admin','2022-11-15 23:39:36','',NULL),(22,'4','tea_name','姓名','varchar(30)','String','teaName','0','0','1','1','1','1','1','LIKE','input','',3,'admin','2022-11-15 23:39:36','',NULL),(23,'4','tea_sex','性别','char(1)','String','teaSex','0','0','1','1','1','1','1','EQ','select','',4,'admin','2022-11-15 23:39:36','',NULL),(24,'4','tea_age','年龄','datetime','Date','teaAge','0','0','1','1','1','1','1','EQ','datetime','',5,'admin','2022-11-15 23:39:36','',NULL),(25,'4','tea_description','简介','varchar(120)','String','teaDescription','0','0',NULL,'1','1','1','1','EQ','input','',6,'admin','2022-11-15 23:39:36','',NULL),(26,'4','major_id','专业编号','varchar(30)','String','majorId','0','0','1','1','1','1','1','EQ','input','',7,'admin','2022-11-15 23:39:36','',NULL),(27,'4','department_id','院系编号','varchar(30)','String','departmentId','0','0','1','1','1','1','1','EQ','input','',8,'admin','2022-11-15 23:39:36','',NULL),(28,'4','del_flag','删除标志（0代表存在 2代表删除）','char(1)','String','delFlag','0','0','1','1',NULL,NULL,NULL,'EQ','input','',9,'admin','2022-11-15 23:39:36','',NULL);

/*Table structure for table `stu_class` */

DROP TABLE IF EXISTS `stu_class`;

CREATE TABLE `stu_class` (
  `class_id` bigint(20) NOT NULL AUTO_INCREMENT COMMENT '班级编号',
  `class_name` varchar(20) DEFAULT NULL COMMENT '班级名称',
  `class_grade` varchar(10) DEFAULT NULL COMMENT '年级',
  `major_id` bigint(20) DEFAULT NULL COMMENT '专业编号',
  `order_num` int(4) DEFAULT '0' COMMENT '显示顺序',
  PRIMARY KEY (`class_id`)
) ENGINE=InnoDB AUTO_INCREMENT=8 DEFAULT CHARSET=utf8 COMMENT='班级表';

/*Data for the table `stu_class` */

insert  into `stu_class`(`class_id`,`class_name`,`class_grade`,`major_id`,`order_num`) values (1,'19计科3班','2019',1,0),(2,'19计科2班','2019',1,0),(3,'19计科4班','2019',1,0),(4,'19计科1班','2019',1,0),(5,'19软件1班','2019',1,0),(6,'18计科3班','2019',1,1),(7,'22软件1班','2022',2,0);

/*Table structure for table `stu_course` */

DROP TABLE IF EXISTS `stu_course`;

CREATE TABLE `stu_course` (
  `course_id` bigint(20) NOT NULL AUTO_INCREMENT COMMENT '课程编号',
  `course_name` varchar(60) NOT NULL COMMENT '课程名',
  `course_credit` int(3) NOT NULL COMMENT '学分',
  `course_hours` int(3) NOT NULL COMMENT '学时',
  `tea_id` bigint(20) NOT NULL COMMENT '任课教师',
  `course_date` date NOT NULL COMMENT '开课时间',
  `studying_way` char(1) NOT NULL DEFAULT '0' COMMENT '修读方式（0 必修 1 限选   2 任选  ）',
  `course_type` enum('公共必修课','公共选修课','集中实践课','拓展课程','专业基础课','专业核心课','专业选修课') NOT NULL COMMENT '课程大类',
  `scaled_grades_proportion` float(11,2) NOT NULL DEFAULT '0.60' COMMENT '卷面成绩占比',
  `usual_grades_proportion` float(11,2) NOT NULL DEFAULT '0.40' COMMENT '平时成绩占比',
  `class_id` bigint(20) NOT NULL COMMENT '班级编号',
  `term` varchar(120) NOT NULL COMMENT '学期',
  PRIMARY KEY (`course_id`)
) ENGINE=InnoDB AUTO_INCREMENT=12 DEFAULT CHARSET=utf8 COMMENT='课程表';

/*Data for the table `stu_course` */

insert  into `stu_course`(`course_id`,`course_name`,`course_credit`,`course_hours`,`tea_id`,`course_date`,`studying_way`,`course_type`,`scaled_grades_proportion`,`usual_grades_proportion`,`class_id`,`term`) values (1,'数据结构',4,48,2,'2022-11-16','0','公共选修课',0.60,0.40,1,'2021-2022-1'),(2,'软件工程',4,214,5,'2022-11-22','0','公共选修课',0.60,0.30,1,'2021-2022-2'),(3,'高级架构技术',4,212,1,'2022-11-22','0','公共必修课',0.60,0.50,1,'2021-2022-2'),(4,'移动应用开发技术',4,22,3,'2022-11-22','0','公共选修课',0.60,0.40,1,'2021-2022-1'),(5,'JavaWeb开发',4,22,1,'2022-11-22','0','公共必修课',0.60,0.40,7,'2022-2023-1'),(6,'UML统一建模语言',4,22,1,'2022-11-22','0','公共必修课',0.60,0.40,7,'2022-2023-1'),(7,'JavaSE',4,22,1,'2022-11-22','0','公共选修课',0.60,0.40,1,'2021-2022-1'),(8,'IT项目管理',4,22,1,'2022-11-22','0','专业核心课',0.60,0.40,1,'2021-2022-2'),(9,'数据结构',1,48,1,'2022-12-29','0','专业核心课',0.60,0.50,7,'2022-2023-1'),(10,'前端设计技术',1,48,3,'2023-02-23','0','公共必修课',0.40,0.40,1,'2021-2022-2'),(11,'软件测试',1,28,5,'2022-07-20','0','公共必修课',0.50,0.50,6,'2021-2022-2');

/*Table structure for table `stu_department` */

DROP TABLE IF EXISTS `stu_department`;

CREATE TABLE `stu_department` (
  `department_id` bigint(20) NOT NULL AUTO_INCREMENT COMMENT '院系编号',
  `department_name` varchar(20) NOT NULL COMMENT '院系名称',
  `order_num` int(4) DEFAULT '0' COMMENT '显示顺序',
  `del_flag` char(1) NOT NULL DEFAULT '0' COMMENT '删除标志（0代表存在 2代表删除）',
  PRIMARY KEY (`department_id`)
) ENGINE=InnoDB AUTO_INCREMENT=7 DEFAULT CHARSET=utf8 COMMENT='院系表';

/*Data for the table `stu_department` */

insert  into `stu_department`(`department_id`,`department_name`,`order_num`,`del_flag`) values (1,'计算机科学与工程学院',0,'0'),(2,'继续教育学院',0,'0'),(3,'音乐舞蹈学院',0,'0'),(4,'经济管理学院',0,'0'),(5,'建筑工程学院',0,'0'),(6,'智能制造与电气工程学院',5,'0');

/*Table structure for table `stu_exam` */

DROP TABLE IF EXISTS `stu_exam`;

CREATE TABLE `stu_exam` (
  `exam_id` bigint(20) NOT NULL AUTO_INCREMENT COMMENT '考试编号',
  `exam_name` varchar(120) NOT NULL COMMENT '考试名称',
  `exam_type` char(1) NOT NULL DEFAULT '0' COMMENT '考试性质/类型',
  `exam_desc` varchar(255) DEFAULT NULL COMMENT '考试描述',
  `course_id` bigint(20) NOT NULL COMMENT '课程编号',
  `schedule_time` date NOT NULL COMMENT '安排时间',
  `exam_classroom` varchar(120) NOT NULL COMMENT '考试场地',
  `exam_start_time` varchar(50) NOT NULL COMMENT '考试起始时间',
  `exam_end_time` varchar(50) NOT NULL COMMENT '考试结束时间',
  PRIMARY KEY (`exam_id`)
) ENGINE=InnoDB AUTO_INCREMENT=3 DEFAULT CHARSET=utf8 COMMENT='课程考试安排表';

/*Data for the table `stu_exam` */

insert  into `stu_exam`(`exam_id`,`exam_name`,`exam_type`,`exam_desc`,`course_id`,`schedule_time`,`exam_classroom`,`exam_start_time`,`exam_end_time`) values (1,'【JavaWeb开发】','0',NULL,5,'2023-03-03','6栋-2200','8:40','10:40'),(2,'【数据结构】','0',NULL,9,'2023-02-23','13栋-2131','14:00','16:00');

/*Table structure for table `stu_exam_detail` */

DROP TABLE IF EXISTS `stu_exam_detail`;

CREATE TABLE `stu_exam_detail` (
  `exam_detail_id` bigint(20) NOT NULL AUTO_INCREMENT COMMENT '考试明细编号',
  `exam_id` bigint(20) NOT NULL COMMENT '考试编号',
  `stu_id` bigint(20) NOT NULL COMMENT '学生编号',
  PRIMARY KEY (`exam_detail_id`)
) ENGINE=InnoDB AUTO_INCREMENT=39 DEFAULT CHARSET=utf8 COMMENT='课程考试安排明细表';

/*Data for the table `stu_exam_detail` */

insert  into `stu_exam_detail`(`exam_detail_id`,`exam_id`,`stu_id`) values (2,1,36),(3,1,37),(4,1,7),(5,1,38),(6,1,8),(7,1,39),(8,1,9),(9,1,40),(10,1,10),(11,1,41),(12,1,11),(13,1,42),(14,1,32),(15,1,43),(16,1,33),(17,1,44),(18,1,34),(19,1,45),(20,2,35),(21,2,36),(22,2,37),(23,2,7),(24,2,38),(25,2,8),(26,2,39),(27,2,9),(28,2,40),(29,2,10),(30,2,41),(31,2,11),(32,2,42),(33,2,32),(34,2,43),(35,2,33),(36,2,44),(37,2,34),(38,2,45);

/*Table structure for table `stu_grade` */

DROP TABLE IF EXISTS `stu_grade`;

CREATE TABLE `stu_grade` (
  `grade_id` bigint(20) NOT NULL AUTO_INCREMENT COMMENT '课程明细编号',
  `stu_id` bigint(20) NOT NULL COMMENT '学生编号',
  `course_id` bigint(20) NOT NULL COMMENT '课程编号',
  `grade_gpa` double(11,2) DEFAULT NULL COMMENT '课程绩点',
  `scaled_grades` double(11,2) DEFAULT NULL COMMENT '卷面成绩',
  `usual_grades` double(11,2) DEFAULT NULL COMMENT '平时成绩',
  `score_grades` double(11,2) DEFAULT NULL COMMENT '最终成绩',
  `exam_id` bigint(20) DEFAULT NULL COMMENT '考试编号',
  `grade_entry_time` datetime DEFAULT NULL COMMENT '成绩录入时间',
  PRIMARY KEY (`grade_id`),
  KEY `FK_scoreid` (`course_id`),
  KEY `FK_stuid` (`stu_id`),
  CONSTRAINT `FK_scoreid` FOREIGN KEY (`course_id`) REFERENCES `stu_course` (`course_id`),
  CONSTRAINT `FK_stuid` FOREIGN KEY (`stu_id`) REFERENCES `stu_student` (`stu_id`)
) ENGINE=InnoDB AUTO_INCREMENT=64 DEFAULT CHARSET=utf8 COMMENT='课程明细信息表';

/*Data for the table `stu_grade` */

insert  into `stu_grade`(`grade_id`,`stu_id`,`course_id`,`grade_gpa`,`scaled_grades`,`usual_grades`,`score_grades`,`exam_id`,`grade_entry_time`) values (1,1,2,NULL,NULL,NULL,NULL,NULL,NULL),(2,2,2,NULL,NULL,NULL,NULL,NULL,NULL),(3,3,2,NULL,NULL,NULL,NULL,NULL,NULL),(4,4,2,NULL,NULL,NULL,NULL,NULL,NULL),(5,5,2,NULL,NULL,NULL,NULL,NULL,NULL),(6,6,2,NULL,NULL,NULL,NULL,NULL,NULL),(7,7,5,0.20,20.00,100.00,52.00,1,'2023-02-05 23:28:48'),(8,8,5,NULL,NULL,NULL,NULL,1,NULL),(9,9,5,NULL,NULL,NULL,NULL,1,NULL),(10,10,5,NULL,NULL,NULL,NULL,1,NULL),(11,11,5,NULL,NULL,NULL,NULL,1,NULL),(12,32,5,NULL,NULL,NULL,NULL,1,NULL),(13,33,5,NULL,NULL,NULL,NULL,1,NULL),(14,34,5,NULL,NULL,NULL,NULL,1,NULL),(15,35,5,2.20,60.00,90.00,72.00,1,'2023-02-05 16:20:57'),(16,36,5,NULL,NULL,NULL,NULL,1,NULL),(17,37,5,NULL,NULL,NULL,NULL,1,NULL),(18,38,5,NULL,NULL,NULL,NULL,1,NULL),(19,39,5,NULL,NULL,NULL,NULL,1,NULL),(20,40,5,NULL,NULL,NULL,NULL,1,NULL),(21,41,5,4.00,90.00,90.00,90.00,1,'2023-02-05 16:34:32'),(22,42,5,NULL,NULL,NULL,NULL,1,NULL),(23,43,5,NULL,NULL,NULL,NULL,1,NULL),(24,44,5,NULL,NULL,NULL,NULL,1,NULL),(25,45,5,NULL,NULL,NULL,NULL,1,NULL),(26,7,6,NULL,NULL,NULL,NULL,NULL,NULL),(27,8,6,NULL,NULL,NULL,NULL,NULL,NULL),(28,9,6,NULL,NULL,NULL,NULL,NULL,NULL),(29,10,6,NULL,NULL,NULL,NULL,NULL,NULL),(30,11,6,NULL,NULL,NULL,NULL,NULL,NULL),(31,32,6,NULL,NULL,NULL,NULL,NULL,NULL),(32,33,6,NULL,NULL,NULL,NULL,NULL,NULL),(33,34,6,NULL,NULL,NULL,NULL,NULL,NULL),(34,35,6,NULL,NULL,NULL,NULL,NULL,NULL),(35,36,6,NULL,NULL,NULL,NULL,NULL,NULL),(36,37,6,NULL,NULL,NULL,NULL,NULL,NULL),(37,38,6,NULL,NULL,NULL,NULL,NULL,NULL),(38,39,6,NULL,NULL,NULL,NULL,NULL,NULL),(39,40,6,NULL,NULL,NULL,NULL,NULL,NULL),(40,41,6,NULL,NULL,NULL,NULL,NULL,NULL),(41,42,6,NULL,NULL,NULL,NULL,NULL,NULL),(42,43,6,NULL,NULL,NULL,NULL,NULL,NULL),(43,44,6,NULL,NULL,NULL,NULL,NULL,NULL),(44,45,6,NULL,NULL,NULL,NULL,NULL,NULL),(45,7,9,1.70,70.00,50.00,67.00,2,'2023-02-05 23:28:59'),(46,8,9,NULL,NULL,NULL,NULL,2,NULL),(47,9,9,NULL,NULL,NULL,NULL,2,NULL),(48,10,9,NULL,NULL,NULL,NULL,2,NULL),(49,11,9,NULL,NULL,NULL,NULL,2,NULL),(50,32,9,NULL,NULL,NULL,NULL,2,NULL),(51,33,9,NULL,NULL,NULL,NULL,2,NULL),(52,34,9,NULL,NULL,NULL,NULL,2,NULL),(53,35,9,NULL,NULL,NULL,NULL,2,NULL),(54,36,9,NULL,NULL,NULL,NULL,2,NULL),(55,37,9,NULL,NULL,NULL,NULL,2,NULL),(56,38,9,NULL,NULL,NULL,NULL,2,NULL),(57,39,9,NULL,NULL,NULL,NULL,2,NULL),(58,40,9,NULL,NULL,NULL,NULL,2,NULL),(59,41,9,2.90,65.00,80.00,79.00,2,'2023-02-05 16:34:42'),(60,42,9,NULL,NULL,NULL,NULL,2,NULL),(61,43,9,NULL,NULL,NULL,NULL,2,NULL),(62,44,9,NULL,NULL,NULL,NULL,2,NULL),(63,45,9,NULL,NULL,NULL,NULL,2,NULL);

/*Table structure for table `stu_grade_objection` */

DROP TABLE IF EXISTS `stu_grade_objection`;

CREATE TABLE `stu_grade_objection` (
  `grade_obj_id` bigint(20) NOT NULL AUTO_INCREMENT COMMENT '成绩异议编号',
  `grade_id` bigint(20) NOT NULL COMMENT '成绩编号',
  `grade_obj_desc` varchar(255) NOT NULL COMMENT '成绩异议说明',
  `operation_status` char(1) NOT NULL DEFAULT '0' COMMENT '处理状态（0代表等待中 1代表处理中 2代表已处理）',
  `feedback` varchar(255) DEFAULT NULL COMMENT '反馈意见',
  PRIMARY KEY (`grade_obj_id`)
) ENGINE=InnoDB AUTO_INCREMENT=4 DEFAULT CHARSET=utf8 COMMENT='成绩异议处理记录表';

/*Data for the table `stu_grade_objection` */

insert  into `stu_grade_objection`(`grade_obj_id`,`grade_id`,`grade_obj_desc`,`operation_status`,`feedback`) values (1,21,'怎么可能这么高分','0',NULL),(2,59,'我好低分啊 不可能！！！！！','0',NULL),(3,45,'好低分啊我要重测','0',NULL);

/*Table structure for table `stu_major` */

DROP TABLE IF EXISTS `stu_major`;

CREATE TABLE `stu_major` (
  `major_id` bigint(20) NOT NULL AUTO_INCREMENT COMMENT '专业编号',
  `major_name` varchar(20) NOT NULL COMMENT '专业名称',
  `major_code` varchar(20) NOT NULL COMMENT '专业代码',
  `department_id` bigint(20) NOT NULL COMMENT '所属院系编号',
  `order_num` int(4) DEFAULT '0' COMMENT '显示顺序',
  `del_flag` char(1) NOT NULL DEFAULT '0' COMMENT '删除标志（0代表存在 2代表删除）',
  PRIMARY KEY (`major_id`)
) ENGINE=InnoDB AUTO_INCREMENT=9 DEFAULT CHARSET=utf8 COMMENT='专业表';

/*Data for the table `stu_major` */

insert  into `stu_major`(`major_id`,`major_name`,`major_code`,`department_id`,`order_num`,`del_flag`) values (1,'计算机科学与技术','100',1,0,'0'),(2,'软件工程专业','101',1,0,'0'),(3,'网络工程专业','102',1,0,'0'),(4,'人工智能','1212',6,0,'0'),(5,'机器人工程','121',6,0,'0'),(6,'音乐表演','121',3,0,'0'),(7,'声乐方向','1212',1,0,'0'),(8,'舞蹈表演','1',3,0,'0');

/*Table structure for table `stu_student` */

DROP TABLE IF EXISTS `stu_student`;

CREATE TABLE `stu_student` (
  `stu_id` bigint(20) NOT NULL AUTO_INCREMENT COMMENT '学生编号',
  `stu_num` varchar(40) NOT NULL COMMENT '学号',
  `stu_name` varchar(30) NOT NULL COMMENT '学生名称',
  `stu_sex` char(1) NOT NULL COMMENT '性别',
  `birth_date` date DEFAULT NULL COMMENT '出生日期',
  `class_id` bigint(20) DEFAULT NULL COMMENT '班级编号',
  `major_id` bigint(20) DEFAULT NULL COMMENT '专业编号',
  `department_id` bigint(20) DEFAULT NULL COMMENT '院系编号',
  `del_flag` char(1) NOT NULL DEFAULT '0' COMMENT '删除标志（0代表存在 2代表删除）',
  PRIMARY KEY (`stu_id`,`stu_num`)
) ENGINE=InnoDB AUTO_INCREMENT=46 DEFAULT CHARSET=utf8 COMMENT='学生表';

/*Data for the table `stu_student` */

insert  into `stu_student`(`stu_id`,`stu_num`,`stu_name`,`stu_sex`,`birth_date`,`class_id`,`major_id`,`department_id`,`del_flag`) values (1,'20190411430356','唐琪','1','2022-11-01',1,1,1,'0'),(2,'20190411430326','李是是','0','2022-11-22',1,1,1,'0'),(3,'20190411430351','张三俄','1','2022-11-22',1,1,1,'0'),(4,'20190411430352','潘轻微','1','2022-11-22',1,1,1,'0'),(5,'20190411430363','张双喜','0','2022-11-22',1,1,1,'0'),(6,'20190411430368','张鞋子','0','2022-11-22',1,1,1,'0'),(7,'20190411430322','李大大','0','2022-11-17',7,2,1,'0'),(8,'20220411430321','张三','0','2022-12-23',7,2,1,'0'),(9,'20190411432356','李四','0','2022-12-15',7,2,1,'0'),(10,'20220414430301','张雪超','0','2022-12-15',7,2,1,'0'),(11,'20220411430355','刘德海','0','2022-12-08',7,2,1,'0'),(32,'20190411430301','李一','0','2022-11-22',7,1,1,'0'),(33,'20190411430302','张二','0','2022-11-23',7,1,1,'0'),(34,'20190411430303','王三','1','2022-11-24',7,1,1,'0'),(35,'20190411430304','陈斯','1','2022-11-25',7,1,1,'0'),(36,'20190411430305','何志','1','2022-11-26',7,1,1,'0'),(37,'20190411430306','张流','0','2022-11-27',7,1,1,'0'),(38,'20190411430307','刘七','0','2022-11-28',7,1,1,'0'),(39,'20190411430308','卢十九','1','2022-11-29',7,1,1,'0'),(40,'20190411430309','章十一','0','2022-11-30',7,1,1,'0'),(41,'20190411430310','李恺','0','2022-12-01',7,1,1,'0'),(42,'20190411430311','张楷','1','2022-12-02',7,1,1,'0'),(43,'20190411430312','宋体','0','2022-12-03',7,1,1,'0'),(44,'20190411430313','孙志','0','2022-12-04',7,1,1,'0'),(45,'20190411430314','张十五','1','2022-12-05',7,1,1,'0');

/*Table structure for table `stu_teacher` */

DROP TABLE IF EXISTS `stu_teacher`;

CREATE TABLE `stu_teacher` (
  `tea_id` bigint(20) NOT NULL AUTO_INCREMENT COMMENT '编号',
  `tea_num` varchar(30) NOT NULL COMMENT '工号',
  `tea_name` varchar(30) NOT NULL COMMENT '姓名',
  `tea_sex` char(1) NOT NULL COMMENT '性别',
  `tea_age` date NOT NULL COMMENT '年龄',
  `tea_description` text COMMENT '简介',
  `job_title` varchar(60) NOT NULL COMMENT '职称',
  `department_id` bigint(20) NOT NULL COMMENT '院系编号',
  `del_flag` char(1) NOT NULL DEFAULT '0' COMMENT '删除标志（0代表存在 2代表删除）',
  PRIMARY KEY (`tea_id`,`tea_num`)
) ENGINE=InnoDB AUTO_INCREMENT=9 DEFAULT CHARSET=utf8 COMMENT='教师表';

/*Data for the table `stu_teacher` */

insert  into `stu_teacher`(`tea_id`,`tea_num`,`tea_name`,`tea_sex`,`tea_age`,`tea_description`,`job_title`,`department_id`,`del_flag`) values (1,'10000','罗建平','2','1940-07-18','罗建平，计算机高级工程师。本科、研究生、硕士、博研分别就读于成都科技大学（并入四川大学）、西北工业大学、法国格勒诺布尔大学、法国国家计算机研究所的计算机相关专业；取得美国电报电话公司（AT&T）网络综合布线工程师培训结业证书。曾担任长城计算机集团下属深圳企业视像技术部副经理、香港移动深圳研发中心高级研究员、深圳商业银行（现为平安银行）网络安全主管，及多家软件应用开发企业高级工程师、主管、职位；曾担任上市公司网络产品定型鉴定专家组成员和大型项目评标组委成员；现担任广东技术师范大学天河学院计算机科学与工程学院教师；兼具企业工作与高校教学经验，可使用英语和法语进行技术交流与教学。曾在行业多个刊物上发表技术文章。工作期间多次前往美、日、加等国家进行访问、调研，保持行业前沿技术跟踪。','计算机高级工程师',1,'0'),(2,'10001','刘飞生','0','1990-04-18','刘飞生，男，1990年4月，双硕士学位，计算机高级工程师，高级信息系统项目管理师。具有多年企业工作经历及高校教学经验，现任职广州理工学院计算机科学与工程学院专任教师。主要承担《C语言程序设计》、《数据结构》、《离散数学》、《云计算》、《信息系统分析与设计》、《面向对象程序语言》、《高等数学》等课程的教学工作。曾获南昌职业大学优秀教师，指导学生参加江西省信息技术知识竞赛获三等奖，指导学生参加全国新能源汽车虚拟大赛获得一等奖、二等奖。','计算机高级工程师，高级信息系统项目管理师',1,'0'),(3,'10002','陈焰','1','1944-06-22','陈焰，讲师，硕士研究生，高级信息系统项目管理师，毕业于华中师范大学信息技术系，现任计算机科学与工程学院专任老师。主要担任的课程有《C语言程序设计》、《web前端应用开发》、《PHP动态网站开发》等。先后在国内相关中文学术期刊杂志发表论文有《基于微信公众号的学习平台研究》、《基于任务驱动的合作学习模式研究》等十余篇，参编教材2本，主持并参与的课题有《基于网络平台开展智慧课堂互动教学的设计与创新研究》、省级精品资源共享课程《Flash动画制作》等。\n\n','讲师',1,'0'),(4,'10003','陈智勇','0','1980-02-29','陈智勇，1981年出生，男，37岁，计算机科学与技术专业讲师,广东工业大学硕士学位。2005年至今，任教于计算机科学与工程学院；主要担任《数据仓库与数据挖掘》，《大数据技术基础》，《人工智能》《算法与数据结构》、《程序设计基础》，《移动应用开发》《计算机组装与维护》等课程教学工作。主要研究方向，大数据及挖掘技术，移动应用开发，嵌入式开发，多次指导学生获得省级大学生创新创业项目，多次获得教学评比优秀、良好荣益。多次指导IT数码工作室教研创新团队。\n\n','讲师',1,'0'),(5,'10004','周少波','0','2022-11-22','周少波，男，1977年出生，软件设计师、计算机软件讲师。从事计算机教学工作多年，主要担任《操作系统原理与应用》、《软件测试技术》、《信息系统分析与设计》等课程教学工作。主要研究方向是信息系统开发。2010届、2011届优秀毕业设计指导教师。2014年指导学生参加泛珠三角大学生计算机作品赛、广东省大学生毕业设计作品大赛荣获三等奖， 2016年指导学生参加第七届“蓝桥杯”全国软件和信息技术专业人才大赛(Java B)广东赛区一等奖、国家三等奖；2018年指导学生参加第九届“蓝桥杯”全国软件和信息技术专业人才大赛(Java B)广东赛区一等奖、国家三等奖；','讲师',1,'0'),(6,'10005','蔡岳良','0','2000-06-22','蔡岳良，党总支副书记兼学生管理工作副院长，男，中共党员，讲师，研究生毕业于华中科技大学软件工程专业。先后担任电气与电子工程学院辅导员兼任党总支组织委员、团总支书记、学生党支部书记，外国语学院办公室主任兼任党总支宣传委员、教工党支部书记等职务。任职期间撰写《论辅导员与校园突发性事务》、《大学生党员教育与管理》、《如何提高岗位的任职能力》等多篇论文；申报“创新党建育人平台及工作模式”项目，参与省级“十二五”规划研究项目（德育专项）课题《独立学院辅导员在突发事件中的危机管理研究》；积极搭建各种协同育人平台，创新人才培养模式，指导学生社团参加校内外比赛均取得优异成绩；2017年所在党支部被评为教育工委“三型党支部”；多次带领师生党员参加各项社会实践活动，多家媒体跟踪报道，获得学校及教育工委的好评，其中2018年海洋环保活动获得省教育工委重点项目立项。多次荣获“优秀辅导员”、“优秀员工”、“就业先进个人”、“优秀党务工作者”等荣誉称号。\n\n','党总支副书记兼学生管理工作副院长',1,'0'),(7,'10006','赵玉刚','0','2022-04-30','赵玉刚，男，毕业于吉林大学计算机学院，硕士研究生，讲师。主要讲授《数据结构与算法》、《C语言程序设计》等课程。主要研究方向：企业级软件开发及嵌入式技术。参与《吉林省移动公司综合网络管理系统》等多个企业软件、嵌入式系统研发项目，公开发表《无线传感器网络拓扑控制》等多篇核心期刊论文。\n\n','讲师',1,'0'),(8,'20131','test','2','2022-11-17','213','21312',4,'0');

/*Table structure for table `sys_config` */

DROP TABLE IF EXISTS `sys_config`;

CREATE TABLE `sys_config` (
  `config_id` int(5) NOT NULL AUTO_INCREMENT COMMENT '参数主键',
  `config_name` varchar(100) DEFAULT '' COMMENT '参数名称',
  `config_key` varchar(100) DEFAULT '' COMMENT '参数键名',
  `config_value` varchar(500) DEFAULT '' COMMENT '参数键值',
  `config_type` char(1) DEFAULT 'N' COMMENT '系统内置（Y是 N否）',
  `create_by` varchar(64) DEFAULT '' COMMENT '创建者',
  `create_time` datetime DEFAULT NULL COMMENT '创建时间',
  `update_by` varchar(64) DEFAULT '' COMMENT '更新者',
  `update_time` datetime DEFAULT NULL COMMENT '更新时间',
  `remark` varchar(500) DEFAULT NULL COMMENT '备注',
  PRIMARY KEY (`config_id`)
) ENGINE=InnoDB AUTO_INCREMENT=6 DEFAULT CHARSET=utf8 COMMENT='参数配置表';

/*Data for the table `sys_config` */

insert  into `sys_config`(`config_id`,`config_name`,`config_key`,`config_value`,`config_type`,`create_by`,`create_time`,`update_by`,`update_time`,`remark`) values (1,'主框架页-默认皮肤样式名称','sys.index.skinName','skin-blue','Y','admin','2022-11-15 17:25:45','',NULL,'蓝色 skin-blue、绿色 skin-green、紫色 skin-purple、红色 skin-red、黄色 skin-yellow'),(2,'用户管理-账号初始密码','sys.user.initPassword','123456','Y','admin','2022-11-15 17:25:45','',NULL,'初始化密码 123456'),(3,'主框架页-侧边栏主题','sys.index.sideTheme','theme-dark','Y','admin','2022-11-15 17:25:45','',NULL,'深色主题theme-dark，浅色主题theme-light'),(4,'账号自助-验证码开关','sys.account.captchaEnabled','true','Y','admin','2022-11-15 17:25:45','',NULL,'是否开启验证码功能（true开启，false关闭）'),(5,'账号自助-是否开启用户注册功能','sys.account.registerUser','false','Y','admin','2022-11-15 17:25:45','',NULL,'是否开启注册用户功能（true开启，false关闭）');

/*Table structure for table `sys_dept` */

DROP TABLE IF EXISTS `sys_dept`;

CREATE TABLE `sys_dept` (
  `dept_id` bigint(20) NOT NULL AUTO_INCREMENT COMMENT '部门id',
  `parent_id` bigint(20) DEFAULT '0' COMMENT '父部门id',
  `ancestors` varchar(50) DEFAULT '' COMMENT '祖级列表',
  `dept_name` varchar(30) DEFAULT '' COMMENT '部门名称',
  `order_num` int(4) DEFAULT '0' COMMENT '显示顺序',
  `leader` varchar(20) DEFAULT NULL COMMENT '负责人',
  `phone` varchar(11) DEFAULT NULL COMMENT '联系电话',
  `email` varchar(50) DEFAULT NULL COMMENT '邮箱',
  `status` char(1) DEFAULT '0' COMMENT '部门状态（0正常 1停用）',
  `del_flag` char(1) DEFAULT '0' COMMENT '删除标志（0代表存在 2代表删除）',
  `create_by` varchar(64) DEFAULT '' COMMENT '创建者',
  `create_time` datetime DEFAULT NULL COMMENT '创建时间',
  `update_by` varchar(64) DEFAULT '' COMMENT '更新者',
  `update_time` datetime DEFAULT NULL COMMENT '更新时间',
  PRIMARY KEY (`dept_id`)
) ENGINE=InnoDB AUTO_INCREMENT=106 DEFAULT CHARSET=utf8 COMMENT='部门表';

/*Data for the table `sys_dept` */

insert  into `sys_dept`(`dept_id`,`parent_id`,`ancestors`,`dept_name`,`order_num`,`leader`,`phone`,`email`,`status`,`del_flag`,`create_by`,`create_time`,`update_by`,`update_time`) values (100,0,'0','广州理工学院',0,'admin','15888888888','ry@qq.com','0','0','admin','2022-11-15 17:25:34','admin','2022-12-11 23:45:42'),(101,100,'0,100','老师',1,'admin','15888888888','ry@qq.com','0','0','admin','2022-11-15 17:25:34','admin','2022-12-11 23:45:47'),(102,100,'0,100','教务人员',2,'admin','15888888888','ry@qq.com','0','0','admin','2022-11-15 17:25:34','admin','2022-12-11 23:45:52'),(103,100,'0,100','系统运维',2,'admin','15888888888','ry@qq.com','0','0','admin','2022-11-15 17:25:34','admin','2022-12-11 23:45:56'),(104,100,'0,100','19级学生',2,'admin','15888888888','ry@qq.com','0','0','admin','2023-01-01 17:38:42','admin','2022-12-11 23:45:35'),(105,100,'0,100','22级学生',2,'廖老师',NULL,NULL,'0','0','admin','2022-12-27 18:15:10','admin','2022-12-27 18:15:16');

/*Table structure for table `sys_dict_data` */

DROP TABLE IF EXISTS `sys_dict_data`;

CREATE TABLE `sys_dict_data` (
  `dict_code` bigint(20) NOT NULL AUTO_INCREMENT COMMENT '字典编码',
  `dict_sort` int(4) DEFAULT '0' COMMENT '字典排序',
  `dict_label` varchar(100) DEFAULT '' COMMENT '字典标签',
  `dict_value` varchar(100) DEFAULT '' COMMENT '字典键值',
  `dict_type` varchar(100) DEFAULT '' COMMENT '字典类型',
  `css_class` varchar(100) DEFAULT NULL COMMENT '样式属性（其他样式扩展）',
  `list_class` varchar(100) DEFAULT NULL COMMENT '表格回显样式',
  `is_default` char(1) DEFAULT 'N' COMMENT '是否默认（Y是 N否）',
  `status` char(1) DEFAULT '0' COMMENT '状态（0正常 1停用）',
  `create_by` varchar(64) DEFAULT '' COMMENT '创建者',
  `create_time` datetime DEFAULT NULL COMMENT '创建时间',
  `update_by` varchar(64) DEFAULT '' COMMENT '更新者',
  `update_time` datetime DEFAULT NULL COMMENT '更新时间',
  `remark` varchar(500) DEFAULT NULL COMMENT '备注',
  PRIMARY KEY (`dict_code`)
) ENGINE=InnoDB AUTO_INCREMENT=30 DEFAULT CHARSET=utf8 COMMENT='字典数据表';

/*Data for the table `sys_dict_data` */

insert  into `sys_dict_data`(`dict_code`,`dict_sort`,`dict_label`,`dict_value`,`dict_type`,`css_class`,`list_class`,`is_default`,`status`,`create_by`,`create_time`,`update_by`,`update_time`,`remark`) values (1,1,'男','0','sys_user_sex','','','Y','0','admin','2022-11-15 17:25:44','',NULL,'性别男'),(2,2,'女','1','sys_user_sex','','','N','0','admin','2022-11-15 17:25:44','',NULL,'性别女'),(3,3,'未知','2','sys_user_sex','','','N','0','admin','2022-11-15 17:25:44','',NULL,'性别未知'),(4,1,'显示','0','sys_show_hide','','primary','Y','0','admin','2022-11-15 17:25:44','',NULL,'显示菜单'),(5,2,'隐藏','1','sys_show_hide','','danger','N','0','admin','2022-11-15 17:25:44','',NULL,'隐藏菜单'),(6,1,'正常','0','sys_normal_disable','','primary','Y','0','admin','2022-11-15 17:25:44','',NULL,'正常状态'),(7,2,'停用','1','sys_normal_disable','','danger','N','0','admin','2022-11-15 17:25:44','',NULL,'停用状态'),(8,1,'正常','0','sys_job_status','','primary','Y','0','admin','2022-11-15 17:25:44','',NULL,'正常状态'),(9,2,'暂停','1','sys_job_status','','danger','N','0','admin','2022-11-15 17:25:44','',NULL,'停用状态'),(10,1,'默认','DEFAULT','sys_job_group','','','Y','0','admin','2022-11-15 17:25:44','',NULL,'默认分组'),(11,2,'系统','SYSTEM','sys_job_group','','','N','0','admin','2022-11-15 17:25:44','',NULL,'系统分组'),(12,1,'是','Y','sys_yes_no','','primary','Y','0','admin','2022-11-15 17:25:44','',NULL,'系统默认是'),(13,2,'否','N','sys_yes_no','','danger','N','0','admin','2022-11-15 17:25:44','',NULL,'系统默认否'),(14,1,'通知','1','sys_notice_type','','warning','Y','0','admin','2022-11-15 17:25:44','',NULL,'通知'),(15,2,'公告','2','sys_notice_type','','success','N','0','admin','2022-11-15 17:25:44','',NULL,'公告'),(16,1,'正常','0','sys_notice_status','','primary','Y','0','admin','2022-11-15 17:25:44','',NULL,'正常状态'),(17,2,'关闭','1','sys_notice_status','','danger','N','0','admin','2022-11-15 17:25:44','',NULL,'关闭状态'),(18,99,'其他','0','sys_oper_type','','info','N','0','admin','2022-11-15 17:25:44','',NULL,'其他操作'),(19,1,'新增','1','sys_oper_type','','info','N','0','admin','2022-11-15 17:25:44','',NULL,'新增操作'),(20,2,'修改','2','sys_oper_type','','info','N','0','admin','2022-11-15 17:25:44','',NULL,'修改操作'),(21,3,'删除','3','sys_oper_type','','danger','N','0','admin','2022-11-15 17:25:44','',NULL,'删除操作'),(22,4,'授权','4','sys_oper_type','','primary','N','0','admin','2022-11-15 17:25:44','',NULL,'授权操作'),(23,5,'导出','5','sys_oper_type','','warning','N','0','admin','2022-11-15 17:25:44','',NULL,'导出操作'),(24,6,'导入','6','sys_oper_type','','warning','N','0','admin','2022-11-15 17:25:44','',NULL,'导入操作'),(25,7,'强退','7','sys_oper_type','','danger','N','0','admin','2022-11-15 17:25:44','',NULL,'强退操作'),(26,8,'生成代码','8','sys_oper_type','','warning','N','0','admin','2022-11-15 17:25:44','',NULL,'生成操作'),(27,9,'清空数据','9','sys_oper_type','','danger','N','0','admin','2022-11-15 17:25:44','',NULL,'清空操作'),(28,1,'成功','0','sys_common_status','','primary','N','0','admin','2022-11-15 17:25:44','',NULL,'正常状态'),(29,2,'失败','1','sys_common_status','','danger','N','0','admin','2022-11-15 17:25:44','',NULL,'停用状态');

/*Table structure for table `sys_dict_type` */

DROP TABLE IF EXISTS `sys_dict_type`;

CREATE TABLE `sys_dict_type` (
  `dict_id` bigint(20) NOT NULL AUTO_INCREMENT COMMENT '字典主键',
  `dict_name` varchar(100) DEFAULT '' COMMENT '字典名称',
  `dict_type` varchar(100) DEFAULT '' COMMENT '字典类型',
  `status` char(1) DEFAULT '0' COMMENT '状态（0正常 1停用）',
  `create_by` varchar(64) DEFAULT '' COMMENT '创建者',
  `create_time` datetime DEFAULT NULL COMMENT '创建时间',
  `update_by` varchar(64) DEFAULT '' COMMENT '更新者',
  `update_time` datetime DEFAULT NULL COMMENT '更新时间',
  `remark` varchar(500) DEFAULT NULL COMMENT '备注',
  PRIMARY KEY (`dict_id`),
  UNIQUE KEY `dict_type` (`dict_type`)
) ENGINE=InnoDB AUTO_INCREMENT=11 DEFAULT CHARSET=utf8 COMMENT='字典类型表';

/*Data for the table `sys_dict_type` */

insert  into `sys_dict_type`(`dict_id`,`dict_name`,`dict_type`,`status`,`create_by`,`create_time`,`update_by`,`update_time`,`remark`) values (1,'用户性别','sys_user_sex','0','admin','2022-11-15 17:25:43','',NULL,'用户性别列表'),(2,'菜单状态','sys_show_hide','0','admin','2022-11-15 17:25:43','',NULL,'菜单状态列表'),(3,'系统开关','sys_normal_disable','0','admin','2022-11-15 17:25:43','',NULL,'系统开关列表'),(4,'任务状态','sys_job_status','0','admin','2022-11-15 17:25:43','',NULL,'任务状态列表'),(5,'任务分组','sys_job_group','0','admin','2022-11-15 17:25:43','',NULL,'任务分组列表'),(6,'系统是否','sys_yes_no','0','admin','2022-11-15 17:25:43','',NULL,'系统是否列表'),(7,'通知类型','sys_notice_type','0','admin','2022-11-15 17:25:43','',NULL,'通知类型列表'),(8,'通知状态','sys_notice_status','0','admin','2022-11-15 17:25:43','',NULL,'通知状态列表'),(9,'操作类型','sys_oper_type','0','admin','2022-11-15 17:25:43','',NULL,'操作类型列表'),(10,'系统状态','sys_common_status','0','admin','2022-11-15 17:25:43','',NULL,'登录状态列表');

/*Table structure for table `sys_job` */

DROP TABLE IF EXISTS `sys_job`;

CREATE TABLE `sys_job` (
  `job_id` bigint(20) NOT NULL AUTO_INCREMENT COMMENT '任务ID',
  `job_name` varchar(64) NOT NULL DEFAULT '' COMMENT '任务名称',
  `job_group` varchar(64) NOT NULL DEFAULT 'DEFAULT' COMMENT '任务组名',
  `invoke_target` varchar(500) NOT NULL COMMENT '调用目标字符串',
  `cron_expression` varchar(255) DEFAULT '' COMMENT 'cron执行表达式',
  `misfire_policy` varchar(20) DEFAULT '3' COMMENT '计划执行错误策略（1立即执行 2执行一次 3放弃执行）',
  `concurrent` char(1) DEFAULT '1' COMMENT '是否并发执行（0允许 1禁止）',
  `status` char(1) DEFAULT '0' COMMENT '状态（0正常 1暂停）',
  `create_by` varchar(64) DEFAULT '' COMMENT '创建者',
  `create_time` datetime DEFAULT NULL COMMENT '创建时间',
  `update_by` varchar(64) DEFAULT '' COMMENT '更新者',
  `update_time` datetime DEFAULT NULL COMMENT '更新时间',
  `remark` varchar(500) DEFAULT '' COMMENT '备注信息',
  PRIMARY KEY (`job_id`,`job_name`,`job_group`)
) ENGINE=InnoDB AUTO_INCREMENT=4 DEFAULT CHARSET=utf8 COMMENT='定时任务调度表';

/*Data for the table `sys_job` */

insert  into `sys_job`(`job_id`,`job_name`,`job_group`,`invoke_target`,`cron_expression`,`misfire_policy`,`concurrent`,`status`,`create_by`,`create_time`,`update_by`,`update_time`,`remark`) values (1,'系统默认（无参）','DEFAULT','ryTask.ryNoParams','0/10 * * * * ?','3','1','1','admin','2022-11-15 17:25:45','',NULL,''),(2,'系统默认（有参）','DEFAULT','ryTask.ryParams(\'ry\')','0/15 * * * * ?','3','1','1','admin','2022-11-15 17:25:45','',NULL,''),(3,'系统默认（多参）','DEFAULT','ryTask.ryMultipleParams(\'ry\', true, 2000L, 316.50D, 100)','0/20 * * * * ?','3','1','1','admin','2022-11-15 17:25:45','',NULL,'');

/*Table structure for table `sys_job_log` */

DROP TABLE IF EXISTS `sys_job_log`;

CREATE TABLE `sys_job_log` (
  `job_log_id` bigint(20) NOT NULL AUTO_INCREMENT COMMENT '任务日志ID',
  `job_name` varchar(64) NOT NULL COMMENT '任务名称',
  `job_group` varchar(64) NOT NULL COMMENT '任务组名',
  `invoke_target` varchar(500) NOT NULL COMMENT '调用目标字符串',
  `job_message` varchar(500) DEFAULT NULL COMMENT '日志信息',
  `status` char(1) DEFAULT '0' COMMENT '执行状态（0正常 1失败）',
  `exception_info` varchar(2000) DEFAULT '' COMMENT '异常信息',
  `create_time` datetime DEFAULT NULL COMMENT '创建时间',
  PRIMARY KEY (`job_log_id`)
) ENGINE=InnoDB DEFAULT CHARSET=utf8 COMMENT='定时任务调度日志表';

/*Data for the table `sys_job_log` */

/*Table structure for table `sys_logininfor` */

DROP TABLE IF EXISTS `sys_logininfor`;

CREATE TABLE `sys_logininfor` (
  `info_id` bigint(20) NOT NULL AUTO_INCREMENT COMMENT '访问ID',
  `user_name` varchar(50) DEFAULT '' COMMENT '用户账号',
  `ipaddr` varchar(128) DEFAULT '' COMMENT '登录IP地址',
  `login_location` varchar(255) DEFAULT '' COMMENT '登录地点',
  `browser` varchar(50) DEFAULT '' COMMENT '浏览器类型',
  `os` varchar(50) DEFAULT '' COMMENT '操作系统',
  `status` char(1) DEFAULT '0' COMMENT '登录状态（0成功 1失败）',
  `msg` varchar(255) DEFAULT '' COMMENT '提示消息',
  `login_time` datetime DEFAULT NULL COMMENT '访问时间',
  PRIMARY KEY (`info_id`)
) ENGINE=InnoDB AUTO_INCREMENT=423 DEFAULT CHARSET=utf8 COMMENT='系统访问记录';

/*Data for the table `sys_logininfor` */

insert  into `sys_logininfor`(`info_id`,`user_name`,`ipaddr`,`login_location`,`browser`,`os`,`status`,`msg`,`login_time`) values (100,'admin','127.0.0.1','内网IP','Chrome 10','Windows 10','0','登录成功','2022-11-15 23:33:40'),(101,'admin','127.0.0.1','内网IP','Chrome 10','Windows 10','0','登录成功','2022-11-16 00:07:01'),(102,'admin','127.0.0.1','内网IP','Chrome 10','Windows 10','0','退出成功','2022-11-16 00:07:58'),(103,'admin','127.0.0.1','内网IP','Chrome 10','Windows 10','0','登录成功','2022-11-16 00:08:09'),(104,'admin','127.0.0.1','内网IP','Chrome 10','Windows 10','0','退出成功','2022-11-16 00:40:50'),(105,'admin','127.0.0.1','内网IP','Chrome 10','Windows 10','0','登录成功','2022-11-16 00:41:00'),(106,'tq','127.0.0.1','内网IP','Chrome 10','Windows 10','1','登录用户：tq 不存在','2022-11-22 20:19:26'),(107,'ruoyi','127.0.0.1','内网IP','Chrome 10','Windows 10','1','验证码错误','2022-11-22 20:19:32'),(108,'ruoyi','127.0.0.1','内网IP','Chrome 10','Windows 10','1','登录用户：ruoyi 不存在','2022-11-22 20:19:40'),(109,'ry','127.0.0.1','内网IP','Chrome 10','Windows 10','1','密码输入错误1次','2022-11-22 20:20:14'),(110,'ry','127.0.0.1','内网IP','Chrome 10','Windows 10','1','用户不存在/密码错误','2022-11-22 20:20:14'),(111,'tq','127.0.0.1','内网IP','Chrome 10','Windows 10','1','验证码错误','2022-11-22 20:21:12'),(112,'tq','127.0.0.1','内网IP','Chrome 10','Windows 10','1','验证码错误','2022-11-22 20:21:16'),(113,'tq','127.0.0.1','内网IP','Chrome 10','Windows 10','1','登录用户：tq 不存在','2022-11-22 20:21:19'),(114,'tq','127.0.0.1','内网IP','Chrome 10','Windows 10','1','验证码错误','2022-11-22 20:21:23'),(115,'tq','127.0.0.1','内网IP','Chrome 10','Windows 10','1','登录用户：tq 不存在','2022-11-22 20:21:27'),(116,'tangqi','127.0.0.1','内网IP','Chrome 10','Windows 10','1','登录用户：tangqi 不存在','2022-11-22 20:21:36'),(117,'admin','127.0.0.1','内网IP','Chrome 10','Windows 10','1','用户不存在/密码错误','2022-11-22 20:21:42'),(118,'admin','127.0.0.1','内网IP','Chrome 10','Windows 10','1','密码输入错误1次','2022-11-22 20:21:42'),(119,'admin','127.0.0.1','内网IP','Chrome 10','Windows 10','1','用户不存在/密码错误','2022-11-22 20:21:46'),(120,'admin','127.0.0.1','内网IP','Chrome 10','Windows 10','1','密码输入错误2次','2022-11-22 20:21:46'),(121,'tangqi','127.0.0.1','内网IP','Chrome 10','Windows 10','1','验证码错误','2022-11-22 20:22:38'),(122,'tangqi','127.0.0.1','内网IP','Chrome 10','Windows 10','1','登录用户：tangqi 不存在','2022-11-22 20:22:42'),(123,'admin','127.0.0.1','内网IP','Chrome 10','Windows 10','1','密码输入错误3次','2022-11-22 20:23:11'),(124,'admin','127.0.0.1','内网IP','Chrome 10','Windows 10','1','用户不存在/密码错误','2022-11-22 20:23:11'),(125,'admin','127.0.0.1','内网IP','Chrome 10','Windows 10','1','用户不存在/密码错误','2022-11-22 20:23:24'),(126,'admin','127.0.0.1','内网IP','Chrome 10','Windows 10','1','密码输入错误4次','2022-11-22 20:23:25'),(127,'tangqi','127.0.0.1','内网IP','Chrome 10','Windows 10','1','登录用户：tangqi 不存在','2022-11-22 20:23:31'),(128,'admin','127.0.0.1','内网IP','Chrome 10','Windows 10','1','验证码已失效','2022-11-22 20:25:38'),(129,'admin','127.0.0.1','内网IP','Chrome 10','Windows 10','0','登录成功','2022-11-22 20:25:41'),(130,'admin','127.0.0.1','内网IP','Chrome 10','Windows 10','1','验证码错误','2022-11-22 21:54:36'),(131,'admin','127.0.0.1','内网IP','Chrome 10','Windows 10','0','登录成功','2022-11-22 21:54:43'),(132,'admin','127.0.0.1','内网IP','Chrome 10','Windows 10','0','退出成功','2022-11-22 22:39:59'),(133,'admin','127.0.0.1','内网IP','Chrome 10','Windows 10','0','登录成功','2022-11-22 22:40:05'),(134,'admin','127.0.0.1','内网IP','Chrome 10','Windows 10','0','退出成功','2022-11-22 22:42:28'),(135,'admin','127.0.0.1','内网IP','Chrome 10','Windows 10','0','登录成功','2022-11-22 22:42:34'),(136,'admin','127.0.0.1','内网IP','Chrome 10','Windows 10','0','退出成功','2022-11-22 22:46:32'),(137,'admin','127.0.0.1','内网IP','Chrome 10','Windows 10','0','登录成功','2022-11-22 22:46:37'),(138,'admin','127.0.0.1','内网IP','Chrome 10','Windows 10','0','退出成功','2022-11-22 22:48:21'),(139,'admin','127.0.0.1','内网IP','Chrome 10','Windows 10','0','登录成功','2022-11-22 22:48:44'),(140,'admin','127.0.0.1','内网IP','Chrome 10','Windows 10','0','退出成功','2022-11-22 23:23:21'),(141,'dian','127.0.0.1','内网IP','Chrome 10','Windows 10','1','登录用户：dian 不存在','2022-11-22 23:23:28'),(142,'diandian','127.0.0.1','内网IP','Chrome 10','Windows 10','1','用户不存在/密码错误','2022-11-22 23:23:33'),(143,'diandian','127.0.0.1','内网IP','Chrome 10','Windows 10','1','密码输入错误1次','2022-11-22 23:23:33'),(144,'diandian','127.0.0.1','内网IP','Chrome 10','Windows 10','1','用户不存在/密码错误','2022-11-22 23:23:53'),(145,'diandian','127.0.0.1','内网IP','Chrome 10','Windows 10','1','密码输入错误2次','2022-11-22 23:23:53'),(146,'diandian','127.0.0.1','内网IP','Chrome 10','Windows 10','1','验证码错误','2022-11-22 23:24:03'),(147,'diandian','127.0.0.1','内网IP','Chrome 10','Windows 10','0','登录成功','2022-11-22 23:24:15'),(148,'diandian','127.0.0.1','内网IP','Chrome 10','Windows 10','0','退出成功','2022-11-22 23:26:40'),(149,'admin','127.0.0.1','内网IP','Chrome 10','Windows 10','0','登录成功','2022-11-23 10:43:18'),(150,'admin','127.0.0.1','内网IP','Chrome 10','Windows 10','0','登录成功','2022-11-23 14:41:54'),(151,'admin','127.0.0.1','内网IP','Chrome 10','Windows 10','0','登录成功','2022-11-23 16:07:55'),(152,'admin','127.0.0.1','内网IP','Chrome 10','Windows 10','0','退出成功','2022-11-23 17:20:05'),(153,'admin','127.0.0.1','内网IP','Chrome 10','Windows 10','0','登录成功','2022-11-23 17:20:10'),(154,'admin','127.0.0.1','内网IP','Chrome 10','Windows 10','0','登录成功','2022-11-23 18:00:19'),(155,'admin','127.0.0.1','内网IP','Chrome 10','Windows 10','0','登录成功','2022-11-23 19:01:05'),(156,'admin','127.0.0.1','内网IP','Chrome 10','Windows 10','1','验证码错误','2022-11-23 20:08:23'),(157,'admin','127.0.0.1','内网IP','Chrome 10','Windows 10','1','验证码错误','2022-11-23 20:08:25'),(158,'admin','127.0.0.1','内网IP','Chrome 10','Windows 10','1','验证码错误','2022-11-23 20:08:52'),(159,'admin','127.0.0.1','内网IP','Chrome 10','Windows 10','0','登录成功','2022-11-23 20:08:55'),(160,'admin','127.0.0.1','内网IP','Chrome 10','Windows 10','0','登录成功','2022-11-23 22:02:02'),(161,'admin','127.0.0.1','内网IP','Chrome 10','Windows 10','0','登录成功','2022-11-23 23:21:47'),(162,'admin','127.0.0.1','内网IP','Chrome 10','Windows 10','0','登录成功','2022-11-23 23:39:48'),(163,'admin','127.0.0.1','内网IP','Chrome 10','Windows 10','0','登录成功','2022-11-24 00:30:35'),(164,'admin','127.0.0.1','内网IP','Chrome 10','Windows 10','0','登录成功','2022-11-24 09:31:22'),(165,'admin','127.0.0.1','内网IP','Chrome 10','Windows 10','0','退出成功','2022-11-24 09:33:13'),(166,'admin','127.0.0.1','内网IP','Chrome 10','Windows 10','1','验证码已失效','2022-11-24 09:40:41'),(167,'admin','127.0.0.1','内网IP','Chrome 10','Windows 10','0','登录成功','2022-11-24 09:40:53'),(168,'admin','127.0.0.1','内网IP','Chrome 10','Windows 10','0','登录成功','2022-11-25 23:05:06'),(169,'admin','127.0.0.1','内网IP','Chrome 10','Windows 10','0','登录成功','2022-11-27 14:06:27'),(170,'admin','127.0.0.1','内网IP','Chrome 10','Windows 10','1','验证码已失效','2022-11-27 15:49:42'),(171,'admin','127.0.0.1','内网IP','Chrome 10','Windows 10','0','登录成功','2022-11-27 15:49:48'),(172,'admin','127.0.0.1','内网IP','Chrome 10','Windows 10','0','退出成功','2022-11-27 16:17:55'),(173,'admin','127.0.0.1','内网IP','Chrome 10','Windows 10','1','验证码已失效','2022-11-27 16:21:06'),(174,'admin','127.0.0.1','内网IP','Chrome 10','Windows 10','0','登录成功','2022-11-27 16:21:10'),(175,'admin','127.0.0.1','内网IP','Chrome 10','Windows 10','0','登录成功','2022-11-27 19:20:20'),(176,'admin','127.0.0.1','内网IP','Chrome 10','Windows 10','0','登录成功','2022-11-28 11:18:58'),(177,'admin','127.0.0.1','内网IP','Chrome 10','Windows 10','0','登录成功','2022-11-28 11:49:25'),(178,'admin','127.0.0.1','内网IP','Chrome 10','Windows 10','0','登录成功','2022-11-28 15:05:28'),(179,'admin','127.0.0.1','内网IP','Chrome 10','Windows 10','0','退出成功','2022-11-28 15:12:20'),(180,'admin','127.0.0.1','内网IP','Chrome 10','Windows 10','0','登录成功','2022-11-28 15:12:24'),(181,'admin','127.0.0.1','内网IP','Chrome 10','Windows 10','0','登录成功','2022-11-28 16:19:59'),(182,'admin','127.0.0.1','内网IP','Chrome 10','Windows 10','0','退出成功','2022-11-28 17:03:15'),(183,'admin','127.0.0.1','内网IP','Chrome 10','Windows 10','0','登录成功','2022-11-28 17:03:20'),(184,'admin','127.0.0.1','内网IP','Chrome 10','Windows 10','0','退出成功','2022-11-28 18:04:03'),(185,'admin','127.0.0.1','内网IP','Chrome 10','Windows 10','0','登录成功','2022-11-28 18:04:10'),(186,'admin','127.0.0.1','内网IP','Chrome 10','Windows 10','0','登录成功','2022-12-03 15:11:37'),(187,'admin','127.0.0.1','内网IP','Chrome 10','Windows 10','0','登录成功','2022-12-03 17:44:38'),(188,'admin','127.0.0.1','内网IP','Chrome 10','Windows 10','0','登录成功','2022-12-03 18:38:45'),(189,'admin','127.0.0.1','内网IP','Chrome 10','Windows 10','0','退出成功','2022-12-03 18:41:39'),(190,'admin','127.0.0.1','内网IP','Chrome 10','Windows 10','0','登录成功','2022-12-03 18:41:46'),(191,'admin','127.0.0.1','内网IP','Chrome 10','Windows 10','0','登录成功','2022-12-03 20:25:14'),(192,'admin','127.0.0.1','内网IP','Chrome 10','Windows 10','0','登录成功','2022-12-03 21:29:03'),(193,'admin','127.0.0.1','内网IP','Chrome 10','Windows 10','0','退出成功','2022-12-03 22:11:12'),(194,'admin','127.0.0.1','内网IP','Chrome 10','Windows 10','0','登录成功','2022-12-03 22:11:18'),(195,'admin','127.0.0.1','内网IP','Chrome 10','Windows 10','1','验证码已失效','2022-12-04 12:13:39'),(196,'admin','127.0.0.1','内网IP','Chrome 10','Windows 10','0','登录成功','2022-12-04 12:13:46'),(197,'admin','127.0.0.1','内网IP','Chrome 10','Windows 10','1','验证码错误','2022-12-04 12:17:13'),(198,'admin','127.0.0.1','内网IP','Chrome 10','Windows 10','1','验证码错误','2022-12-04 12:17:17'),(199,'admin','127.0.0.1','内网IP','Chrome 10','Windows 10','1','用户不存在/密码错误','2022-12-04 12:17:19'),(200,'admin','127.0.0.1','内网IP','Chrome 10','Windows 10','1','密码输入错误1次','2022-12-04 12:17:19'),(201,'admin','127.0.0.1','内网IP','Chrome 10','Windows 10','1','密码输入错误2次','2022-12-04 12:17:26'),(202,'admin','127.0.0.1','内网IP','Chrome 10','Windows 10','1','用户不存在/密码错误','2022-12-04 12:17:26'),(203,'admin','127.0.0.1','内网IP','Chrome 10','Windows 10','1','密码输入错误3次','2022-12-04 12:17:36'),(204,'admin','127.0.0.1','内网IP','Chrome 10','Windows 10','1','用户不存在/密码错误','2022-12-04 12:17:36'),(205,'admin','127.0.0.1','内网IP','Chrome 10','Windows 10','0','登录成功','2022-12-04 12:18:02'),(206,'admin','127.0.0.1','内网IP','Chrome 10','Windows 10','0','登录成功','2022-12-04 16:50:59'),(207,'admin','127.0.0.1','内网IP','Chrome 10','Windows 10','0','登录成功','2022-12-04 21:21:23'),(208,'admin','127.0.0.1','内网IP','Chrome 10','Windows 10','0','登录成功','2022-12-04 22:46:28'),(209,'admin','127.0.0.1','内网IP','Chrome 10','Windows 10','0','登录成功','2022-12-06 16:25:34'),(210,'admin','127.0.0.1','内网IP','Chrome 10','Windows 10','1','验证码已失效','2022-12-07 17:28:09'),(211,'admin','127.0.0.1','内网IP','Chrome 10','Windows 10','0','登录成功','2022-12-07 17:28:15'),(212,'admin','127.0.0.1','内网IP','Chrome 10','Windows 10','0','登录成功','2022-12-07 22:31:57'),(213,'admin','127.0.0.1','内网IP','Chrome 10','Windows 10','1','验证码错误','2022-12-09 15:52:24'),(214,'admin','127.0.0.1','内网IP','Chrome 10','Windows 10','0','登录成功','2022-12-09 15:52:28'),(215,'admin','127.0.0.1','内网IP','Chrome 10','Windows 10','0','退出成功','2022-12-09 16:40:23'),(216,'admin','127.0.0.1','内网IP','Chrome 10','Windows 10','0','登录成功','2022-12-09 16:42:04'),(217,'admin','127.0.0.1','内网IP','Chrome 10','Windows 10','0','登录成功','2022-12-09 17:50:28'),(218,'admin','127.0.0.1','内网IP','Chrome 10','Windows 10','1','验证码已失效','2022-12-10 14:01:31'),(219,'admin','127.0.0.1','内网IP','Chrome 10','Windows 10','0','登录成功','2022-12-10 14:01:35'),(220,'admin','127.0.0.1','内网IP','Chrome 10','Windows 10','0','登录成功','2022-12-10 14:36:48'),(221,'admin','127.0.0.1','内网IP','Chrome 10','Windows 10','0','登录成功','2022-12-10 15:28:15'),(222,'admin','127.0.0.1','内网IP','Chrome 10','Windows 10','0','登录成功','2022-12-10 20:08:35'),(223,'admin','127.0.0.1','内网IP','Chrome 10','Windows 10','1','验证码错误','2022-12-10 21:01:22'),(224,'admin','127.0.0.1','内网IP','Chrome 10','Windows 10','0','登录成功','2022-12-10 21:01:25'),(225,'admin','127.0.0.1','内网IP','Chrome 10','Windows 10','0','登录成功','2022-12-11 00:16:36'),(226,'admin','127.0.0.1','内网IP','Chrome 10','Windows 10','0','登录成功','2022-12-11 11:09:08'),(227,'admin','127.0.0.1','内网IP','Chrome 10','Windows 10','0','登录成功','2022-12-11 13:53:32'),(228,'admin','127.0.0.1','内网IP','Chrome 10','Windows 10','0','登录成功','2022-12-11 15:59:35'),(229,'admin','127.0.0.1','内网IP','Chrome 10','Windows 10','0','退出成功','2022-12-11 17:18:44'),(230,'admin','127.0.0.1','内网IP','Chrome 10','Windows 10','1','验证码已失效','2022-12-11 17:30:31'),(231,'admin','127.0.0.1','内网IP','Chrome 10','Windows 10','0','登录成功','2022-12-11 17:30:35'),(232,'admin','127.0.0.1','内网IP','Chrome 10','Windows 10','0','退出成功','2022-12-11 17:42:46'),(233,'admin','127.0.0.1','内网IP','Chrome 10','Windows 10','0','登录成功','2022-12-11 17:43:58'),(234,'admin','127.0.0.1','内网IP','Chrome 10','Windows 10','0','登录成功','2022-12-11 22:20:08'),(235,'admin','127.0.0.1','内网IP','Chrome 10','Windows 10','1','验证码错误','2022-12-11 23:36:55'),(236,'admin','127.0.0.1','内网IP','Chrome 10','Windows 10','0','登录成功','2022-12-11 23:36:58'),(237,'admin','127.0.0.1','内网IP','Chrome 10','Windows 10','0','退出成功','2022-12-11 23:43:41'),(238,'admin','127.0.0.1','内网IP','Chrome 10','Windows 10','0','登录成功','2022-12-11 23:43:46'),(239,'admin','127.0.0.1','内网IP','Chrome 10','Windows 10','0','登录成功','2022-12-15 13:47:41'),(240,'admin','127.0.0.1','内网IP','Chrome 10','Windows 10','0','登录成功','2022-12-21 17:27:44'),(241,'admin','127.0.0.1','内网IP','Chrome 10','Windows 10','0','登录成功','2022-12-21 18:56:58'),(242,'admin','127.0.0.1','内网IP','Chrome 10','Windows 10','0','退出成功','2022-12-21 19:01:24'),(243,'admin','127.0.0.1','内网IP','Chrome 10','Windows 10','0','登录成功','2022-12-21 19:01:29'),(244,'admin','127.0.0.1','内网IP','Chrome 10','Windows 10','0','退出成功','2022-12-21 19:40:32'),(245,'admin','127.0.0.1','内网IP','Chrome 10','Windows 10','0','登录成功','2022-12-21 19:40:46'),(246,'admin','127.0.0.1','内网IP','Chrome 10','Windows 10','1','验证码已失效','2022-12-21 21:28:58'),(247,'admin','127.0.0.1','内网IP','Chrome 10','Windows 10','0','登录成功','2022-12-21 21:30:02'),(248,'admin','127.0.0.1','内网IP','Chrome 10','Windows 10','0','退出成功','2022-12-21 22:06:32'),(249,'admin','127.0.0.1','内网IP','Chrome 10','Windows 10','0','登录成功','2022-12-21 22:06:41'),(250,'admin','127.0.0.1','内网IP','Chrome 10','Windows 10','0','登录成功','2022-12-21 22:37:02'),(251,'admin','127.0.0.1','内网IP','Chrome 10','Windows 10','0','登录成功','2022-12-21 23:10:50'),(252,'admin','127.0.0.1','内网IP','Chrome 10','Windows 10','1','验证码已失效','2022-12-27 15:35:15'),(253,'admin','127.0.0.1','内网IP','Chrome 10','Windows 10','1','验证码错误','2022-12-27 15:35:19'),(254,'admin','127.0.0.1','内网IP','Chrome 10','Windows 10','0','登录成功','2022-12-27 15:35:24'),(255,'admin','127.0.0.1','内网IP','Chrome 10','Windows 10','0','登录成功','2022-12-27 16:09:13'),(256,'admin','127.0.0.1','内网IP','Chrome 10','Windows 10','0','登录成功','2022-12-27 17:54:36'),(257,'admin','127.0.0.1','内网IP','Chrome 10','Windows 10','0','退出成功','2022-12-27 18:35:19'),(258,'admin','127.0.0.1','内网IP','Chrome 10','Windows 10','0','登录成功','2022-12-27 18:35:26'),(259,'20190411430326','127.0.0.1','内网IP','Chrome 10','Windows 10','0','登录成功','2022-12-27 20:03:01'),(260,'20190411430326','127.0.0.1','内网IP','Chrome 10','Windows 10','0','退出成功','2022-12-27 20:03:27'),(261,'20190411430326','127.0.0.1','内网IP','Chrome 10','Windows 10','0','登录成功','2022-12-28 22:12:12'),(262,'20190411430326','127.0.0.1','内网IP','Chrome 10','Windows 10','0','退出成功','2022-12-28 22:15:45'),(263,'20190411430326','127.0.0.1','内网IP','Chrome 10','Windows 10','0','登录成功','2022-12-28 22:15:54'),(264,'20190411430326','127.0.0.1','内网IP','Chrome 10','Windows 10','0','登录成功','2022-12-28 22:57:02'),(265,'20190411430326','127.0.0.1','内网IP','Chrome 10','Windows 10','0','登录成功','2022-12-29 15:59:13'),(266,'20190411430326','127.0.0.1','内网IP','Chrome 10','Windows 10','0','退出成功','2022-12-29 15:59:31'),(267,'admin','127.0.0.1','内网IP','Chrome 10','Windows 10','0','登录成功','2022-12-29 15:59:41'),(268,'admin','127.0.0.1','内网IP','Chrome 10','Windows 10','1','密码输入错误1次','2023-02-04 15:35:24'),(269,'admin','127.0.0.1','内网IP','Chrome 10','Windows 10','1','用户不存在/密码错误','2023-02-04 15:35:24'),(270,'admin','127.0.0.1','内网IP','Chrome 10','Windows 10','0','登录成功','2023-02-04 15:35:37'),(271,'admin','127.0.0.1','内网IP','Chrome 10','Windows 10','1','密码输入错误1次','2023-02-04 16:55:17'),(272,'admin','127.0.0.1','内网IP','Chrome 10','Windows 10','1','用户不存在/密码错误','2023-02-04 16:55:17'),(273,'admin','127.0.0.1','内网IP','Chrome 10','Windows 10','1','验证码错误','2023-02-04 16:55:23'),(274,'admin','127.0.0.1','内网IP','Chrome 10','Windows 10','0','登录成功','2023-02-04 16:55:34'),(275,'admin','127.0.0.1','内网IP','Chrome 10','Windows 10','1','用户不存在/密码错误','2023-02-05 10:20:53'),(276,'admin','127.0.0.1','内网IP','Chrome 10','Windows 10','1','密码输入错误1次','2023-02-05 10:20:53'),(277,'admin','127.0.0.1','内网IP','Chrome 10','Windows 10','1','验证码错误','2023-02-05 10:20:57'),(278,'admin','127.0.0.1','内网IP','Chrome 10','Windows 10','0','登录成功','2023-02-05 10:20:59'),(279,'admin','127.0.0.1','内网IP','Chrome 10','Windows 10','0','退出成功','2023-02-05 10:59:04'),(280,'admin','127.0.0.1','内网IP','Chrome 10','Windows 10','0','登录成功','2023-02-05 10:59:36'),(281,'admin','127.0.0.1','内网IP','Chrome 10','Windows 10','0','退出成功','2023-02-05 12:28:23'),(282,'admin','127.0.0.1','内网IP','Chrome 10','Windows 10','0','登录成功','2023-02-05 12:28:30'),(283,'admin','127.0.0.1','内网IP','Chrome 10','Windows 10','0','登录成功','2023-02-05 13:38:49'),(284,'admin','127.0.0.1','内网IP','Chrome 10','Windows 10','0','登录成功','2023-02-05 15:27:53'),(285,'admin','127.0.0.1','内网IP','Chrome 10','Windows 10','0','退出成功','2023-02-05 16:40:56'),(286,'20190411430310','127.0.0.1','内网IP','Chrome 10','Windows 10','0','登录成功','2023-02-05 16:41:05'),(287,'20190411430310','127.0.0.1','内网IP','Chrome 10','Windows 10','0','退出成功','2023-02-05 16:41:54'),(288,'admin','127.0.0.1','内网IP','Chrome 10','Windows 10','0','登录成功','2023-02-05 16:42:04'),(289,'admin','127.0.0.1','内网IP','Chrome 10','Windows 10','0','退出成功','2023-02-05 16:43:37'),(290,'20190411430310','127.0.0.1','内网IP','Chrome 10','Windows 10','0','登录成功','2023-02-05 16:43:45'),(291,'20190411430310','127.0.0.1','内网IP','Chrome 10','Windows 10','0','退出成功','2023-02-05 16:47:55'),(292,'admin','127.0.0.1','内网IP','Chrome 10','Windows 10','0','登录成功','2023-02-05 16:48:08'),(293,'admin','127.0.0.1','内网IP','Chrome 10','Windows 10','0','退出成功','2023-02-05 16:51:58'),(294,'20190411430310','127.0.0.1','内网IP','Chrome 10','Windows 10','0','登录成功','2023-02-05 16:52:09'),(295,'20190411430310','127.0.0.1','内网IP','Chrome 10','Windows 10','0','退出成功','2023-02-05 16:53:53'),(296,'admin','127.0.0.1','内网IP','Chrome 10','Windows 10','0','登录成功','2023-02-05 16:54:03'),(297,'admin','127.0.0.1','内网IP','Chrome 10','Windows 10','0','退出成功','2023-02-05 16:54:46'),(298,'admin','127.0.0.1','内网IP','Chrome 10','Windows 10','0','登录成功','2023-02-05 16:55:02'),(299,'admin','127.0.0.1','内网IP','Chrome 10','Windows 10','0','退出成功','2023-02-05 16:55:18'),(300,'20190411430310','127.0.0.1','内网IP','Chrome 10','Windows 10','0','登录成功','2023-02-05 16:55:42'),(301,'20190411430310','127.0.0.1','内网IP','Chrome 10','Windows 10','0','退出成功','2023-02-05 17:04:36'),(302,'20190411430310','127.0.0.1','内网IP','Chrome 10','Windows 10','0','登录成功','2023-02-05 17:04:47'),(303,'20190411430310','127.0.0.1','内网IP','Chrome 10','Windows 10','0','退出成功','2023-02-05 17:20:00'),(304,'20190411430310','127.0.0.1','内网IP','Chrome 10','Windows 10','0','登录成功','2023-02-05 17:20:11'),(305,'20190411430310','127.0.0.1','内网IP','Chrome 10','Windows 10','0','退出成功','2023-02-05 17:20:25'),(306,'admin','127.0.0.1','内网IP','Chrome 10','Windows 10','1','验证码错误','2023-02-05 17:20:36'),(307,'admin','127.0.0.1','内网IP','Chrome 10','Windows 10','0','登录成功','2023-02-05 17:20:40'),(308,'admin','127.0.0.1','内网IP','Chrome 10','Windows 10','0','退出成功','2023-02-05 17:21:17'),(309,'20190411430310','127.0.0.1','内网IP','Chrome 10','Windows 10','0','登录成功','2023-02-05 17:21:29'),(310,'20190411430310','127.0.0.1','内网IP','Chrome 10','Windows 10','0','退出成功','2023-02-05 17:22:16'),(311,'admin','127.0.0.1','内网IP','Chrome 10','Windows 10','0','登录成功','2023-02-05 17:22:29'),(312,'admin','127.0.0.1','内网IP','Chrome 10','Windows 10','0','退出成功','2023-02-05 17:23:05'),(313,'20190411430310','127.0.0.1','内网IP','Chrome 10','Windows 10','0','登录成功','2023-02-05 17:23:12'),(314,'20190411430310','127.0.0.1','内网IP','Chrome 10','Windows 10','0','退出成功','2023-02-05 17:23:28'),(315,'admin','127.0.0.1','内网IP','Chrome 10','Windows 10','0','登录成功','2023-02-05 17:23:38'),(316,'admin','127.0.0.1','内网IP','Chrome 10','Windows 10','0','退出成功','2023-02-05 17:29:52'),(317,'20190411430310','127.0.0.1','内网IP','Chrome 10','Windows 10','0','登录成功','2023-02-05 17:30:05'),(318,'20190411430310','127.0.0.1','内网IP','Chrome 10','Windows 10','0','退出成功','2023-02-05 17:40:46'),(319,'20190411430310','127.0.0.1','内网IP','Chrome 10','Windows 10','0','登录成功','2023-02-05 17:40:51'),(320,'20190411430310','127.0.0.1','内网IP','Chrome 10','Windows 10','0','退出成功','2023-02-05 18:44:22'),(321,'admin','127.0.0.1','内网IP','Chrome 10','Windows 10','1','验证码错误','2023-02-05 18:44:31'),(322,'admin','127.0.0.1','内网IP','Chrome 10','Windows 10','1','密码输入错误1次','2023-02-05 18:44:35'),(323,'admin','127.0.0.1','内网IP','Chrome 10','Windows 10','1','用户不存在/密码错误','2023-02-05 18:44:35'),(324,'admin','127.0.0.1','内网IP','Chrome 10','Windows 10','0','登录成功','2023-02-05 18:44:42'),(325,'admin','127.0.0.1','内网IP','Chrome 10','Windows 10','0','退出成功','2023-02-05 18:47:20'),(326,'20190411430310','127.0.0.1','内网IP','Chrome 10','Windows 10','0','登录成功','2023-02-05 18:47:32'),(327,'20190411430310','127.0.0.1','内网IP','Chrome 10','Windows 10','0','登录成功','2023-02-05 23:04:44'),(328,'20190411430310','127.0.0.1','内网IP','Chrome 10','Windows 10','0','退出成功','2023-02-05 23:27:37'),(329,'admin','127.0.0.1','内网IP','Chrome 10','Windows 10','1','密码输入错误1次','2023-02-05 23:27:50'),(330,'admin','127.0.0.1','内网IP','Chrome 10','Windows 10','1','用户不存在/密码错误','2023-02-05 23:27:50'),(331,'admin','127.0.0.1','内网IP','Chrome 10','Windows 10','0','登录成功','2023-02-05 23:28:00'),(332,'admin','127.0.0.1','内网IP','Chrome 10','Windows 10','0','退出成功','2023-02-05 23:29:38'),(333,'20190411430322','127.0.0.1','内网IP','Chrome 10','Windows 10','0','登录成功','2023-02-05 23:29:49'),(334,'20190411430322','127.0.0.1','内网IP','Chrome 10','Windows 10','0','退出成功','2023-02-05 23:36:24'),(335,'20190411430322','127.0.0.1','内网IP','Chrome 10','Windows 10','0','登录成功','2023-02-05 23:36:32'),(336,'20190411430322','127.0.0.1','内网IP','Chrome 10','Windows 10','0','退出成功','2023-02-05 23:43:49'),(337,'20190411430322','127.0.0.1','内网IP','Chrome 10','Windows 10','0','登录成功','2023-02-05 23:43:54'),(338,'20190411430322','127.0.0.1','内网IP','Chrome 10','Windows 10','0','退出成功','2023-02-05 23:46:15'),(339,'20190411430322','127.0.0.1','内网IP','Chrome 10','Windows 10','0','登录成功','2023-02-05 23:46:21'),(340,'20190411430322','127.0.0.1','内网IP','Chrome 10','Windows 10','0','退出成功','2023-02-05 23:47:55'),(341,'20190411430322','127.0.0.1','内网IP','Chrome 10','Windows 10','0','登录成功','2023-02-05 23:48:02'),(342,'20190411430322','127.0.0.1','内网IP','Chrome 10','Windows 10','0','退出成功','2023-02-05 23:48:09'),(343,'20190411430310','127.0.0.1','内网IP','Chrome 10','Windows 10','0','登录成功','2023-02-05 23:48:15'),(344,'20190411430310','127.0.0.1','内网IP','Chrome 10','Windows 10','0','退出成功','2023-02-05 23:48:18'),(345,'20190411430322','127.0.0.1','内网IP','Chrome 10','Windows 10','0','登录成功','2023-02-05 23:48:28'),(346,'20190411430322','127.0.0.1','内网IP','Chrome 10','Windows 10','0','退出成功','2023-02-05 23:50:03'),(347,'20190411430322','127.0.0.1','内网IP','Chrome 10','Windows 10','0','登录成功','2023-02-05 23:50:11'),(348,'20190411430322','127.0.0.1','内网IP','Chrome 10','Windows 10','0','退出成功','2023-02-05 23:50:46'),(349,'20190411430322','127.0.0.1','内网IP','Chrome 10','Windows 10','0','登录成功','2023-02-05 23:50:52'),(350,'20190411430322','127.0.0.1','内网IP','Chrome 10','Windows 10','0','退出成功','2023-02-05 23:57:41'),(351,'20190411430322','127.0.0.1','内网IP','Chrome 10','Windows 10','0','登录成功','2023-02-05 23:57:45'),(352,'20190411430322','127.0.0.1','内网IP','Chrome 10','Windows 10','0','退出成功','2023-02-06 00:01:18'),(353,'20190411430322','127.0.0.1','内网IP','Chrome 10','Windows 10','1','验证码错误','2023-02-06 00:01:25'),(354,'20190411430322','127.0.0.1','内网IP','Chrome 10','Windows 10','0','登录成功','2023-02-06 00:01:31'),(355,'20190411430322','127.0.0.1','内网IP','Chrome 10','Windows 10','0','退出成功','2023-02-06 00:02:44'),(356,'20190411430322','127.0.0.1','内网IP','Chrome 10','Windows 10','0','登录成功','2023-02-06 00:02:50'),(357,'20190411430322','127.0.0.1','内网IP','Chrome 10','Windows 10','0','退出成功','2023-02-06 00:14:53'),(358,'20190411430322','127.0.0.1','内网IP','Chrome 10','Windows 10','0','登录成功','2023-02-06 00:14:58'),(359,'20190411430322','127.0.0.1','内网IP','Chrome 10','Windows 10','0','退出成功','2023-02-06 00:16:49'),(360,'20190411430322','127.0.0.1','内网IP','Chrome 10','Windows 10','1','验证码错误','2023-02-06 00:17:43'),(361,'20190411430322','127.0.0.1','内网IP','Chrome 10','Windows 10','0','登录成功','2023-02-06 00:17:49'),(362,'20190411430322','127.0.0.1','内网IP','Chrome 10','Windows 10','0','退出成功','2023-02-06 00:23:49'),(363,'20190411430322','127.0.0.1','内网IP','Chrome 10','Windows 10','0','登录成功','2023-02-06 00:23:55'),(364,'20190411430322','127.0.0.1','内网IP','Chrome 10','Windows 10','0','退出成功','2023-02-06 01:09:01'),(365,'20190411430322','127.0.0.1','内网IP','Chrome 10','Windows 10','0','登录成功','2023-02-06 01:09:08'),(366,'20190411430322','127.0.0.1','内网IP','Chrome 10','Windows 10','0','退出成功','2023-02-06 01:21:43'),(367,'20190411430322','127.0.0.1','内网IP','Chrome 10','Windows 10','1','验证码错误','2023-02-06 01:21:47'),(368,'20190411430322','127.0.0.1','内网IP','Chrome 10','Windows 10','0','登录成功','2023-02-06 01:21:52'),(369,'20190411430322','127.0.0.1','内网IP','Chrome 10','Windows 10','0','退出成功','2023-02-06 01:22:34'),(370,'20190411430322','127.0.0.1','内网IP','Chrome 10','Windows 10','0','登录成功','2023-02-06 01:22:38'),(371,'20190411430322','127.0.0.1','内网IP','Chrome 10','Windows 10','0','退出成功','2023-02-06 01:24:32'),(372,'20190411430322','127.0.0.1','内网IP','Chrome 10','Windows 10','0','登录成功','2023-02-06 01:24:37'),(373,'20190411430322','127.0.0.1','内网IP','Chrome 10','Windows 10','0','退出成功','2023-02-06 01:31:58'),(374,'20190411430322','127.0.0.1','内网IP','Chrome 10','Windows 10','0','登录成功','2023-02-06 01:32:03'),(375,'20190411430322','127.0.0.1','内网IP','Chrome 10','Windows 10','0','退出成功','2023-02-06 01:32:07'),(376,'20190411430322','127.0.0.1','内网IP','Chrome 10','Windows 10','0','登录成功','2023-02-06 01:32:11'),(377,'20190411430322','127.0.0.1','内网IP','Chrome 10','Windows 10','0','退出成功','2023-02-06 01:32:17'),(378,'20190411430322','127.0.0.1','内网IP','Chrome 10','Windows 10','0','登录成功','2023-02-06 01:32:30'),(379,'20190411430322','127.0.0.1','内网IP','Chrome 10','Windows 10','0','退出成功','2023-02-06 01:32:34'),(380,'20190411430322','127.0.0.1','内网IP','Chrome 10','Windows 10','0','登录成功','2023-02-06 01:32:58'),(381,'20190411430322','127.0.0.1','内网IP','Chrome 10','Windows 10','0','退出成功','2023-02-06 01:33:16'),(382,'20190411430322','127.0.0.1','内网IP','Chrome 10','Windows 10','0','登录成功','2023-02-06 01:33:20'),(383,'20190411430322','127.0.0.1','内网IP','Chrome 10','Windows 10','0','退出成功','2023-02-06 01:33:24'),(384,'20190411430310','127.0.0.1','内网IP','Chrome 10','Windows 10','0','登录成功','2023-02-06 01:33:53'),(385,'20190411430310','127.0.0.1','内网IP','Chrome 10','Windows 10','0','退出成功','2023-02-06 01:34:03'),(386,'1000','127.0.0.1','内网IP','Chrome 10','Windows 10','1','密码输入错误1次','2023-02-06 01:34:12'),(387,'1000','127.0.0.1','内网IP','Chrome 10','Windows 10','1','用户不存在/密码错误','2023-02-06 01:34:12'),(388,'1000','127.0.0.1','内网IP','Chrome 10','Windows 10','1','验证码错误','2023-02-06 01:34:21'),(389,'admin','127.0.0.1','内网IP','Chrome 10','Windows 10','0','登录成功','2023-02-06 01:34:49'),(390,'admin','127.0.0.1','内网IP','Chrome 10','Windows 10','0','退出成功','2023-02-06 01:37:14'),(391,'10001','127.0.0.1','内网IP','Chrome 10','Windows 10','1','用户不存在/密码错误','2023-02-06 01:37:24'),(392,'10001','127.0.0.1','内网IP','Chrome 10','Windows 10','1','密码输入错误1次','2023-02-06 01:37:24'),(393,'10001','127.0.0.1','内网IP','Chrome 10','Windows 10','1','验证码错误','2023-02-06 01:37:28'),(394,'10001','127.0.0.1','内网IP','Chrome 10','Windows 10','1','密码输入错误2次','2023-02-06 01:37:32'),(395,'10001','127.0.0.1','内网IP','Chrome 10','Windows 10','1','用户不存在/密码错误','2023-02-06 01:37:32'),(396,'10000','127.0.0.1','内网IP','Chrome 10','Windows 10','1','验证码错误','2023-02-06 01:37:43'),(397,'10000','127.0.0.1','内网IP','Chrome 10','Windows 10','1','验证码错误','2023-02-06 01:37:46'),(398,'10000','127.0.0.1','内网IP','Chrome 10','Windows 10','1','密码输入错误1次','2023-02-06 01:37:50'),(399,'10000','127.0.0.1','内网IP','Chrome 10','Windows 10','1','用户不存在/密码错误','2023-02-06 01:37:50'),(400,'10000','127.0.0.1','内网IP','Chrome 10','Windows 10','1','验证码错误','2023-02-06 01:38:01'),(401,'10000','127.0.0.1','内网IP','Chrome 10','Windows 10','0','登录成功','2023-02-06 01:38:06'),(402,'10000','127.0.0.1','内网IP','Chrome 10','Windows 10','0','退出成功','2023-02-06 01:39:06'),(403,'admin','127.0.0.1','内网IP','Chrome 10','Windows 10','1','密码输入错误1次','2023-02-06 01:39:24'),(404,'admin','127.0.0.1','内网IP','Chrome 10','Windows 10','1','用户不存在/密码错误','2023-02-06 01:39:24'),(405,'admin','127.0.0.1','内网IP','Chrome 10','Windows 10','0','登录成功','2023-02-06 01:39:30'),(406,'admin','127.0.0.1','内网IP','Chrome 10','Windows 10','0','退出成功','2023-02-06 01:41:03'),(407,'10000','127.0.0.1','内网IP','Chrome 10','Windows 10','0','登录成功','2023-02-06 01:41:38'),(408,'10000','127.0.0.1','内网IP','Chrome 10','Windows 10','0','退出成功','2023-02-06 01:43:01'),(409,'admin','127.0.0.1','内网IP','Chrome 10','Windows 10','0','登录成功','2023-02-06 01:43:13'),(410,'admin','127.0.0.1','内网IP','Chrome 10','Windows 10','0','退出成功','2023-02-06 01:43:35'),(411,'10000','127.0.0.1','内网IP','Chrome 10','Windows 10','0','登录成功','2023-02-06 01:43:49'),(412,'10000','127.0.0.1','内网IP','Chrome 10','Windows 10','0','退出成功','2023-02-06 01:49:06'),(413,'20190411430310','127.0.0.1','内网IP','Chrome 10','Windows 10','0','登录成功','2023-02-06 01:49:15'),(414,'20190411430310','127.0.0.1','内网IP','Chrome 10','Windows 10','0','退出成功','2023-02-06 01:49:30'),(415,'20190411430310','127.0.0.1','内网IP','Chrome 10','Windows 10','0','登录成功','2023-02-06 01:49:37'),(416,'20190411430310','127.0.0.1','内网IP','Chrome 10','Windows 10','0','退出成功','2023-02-06 01:49:41'),(417,'10001','127.0.0.1','内网IP','Chrome 10','Windows 10','1','密码输入错误1次','2023-02-06 01:49:51'),(418,'10001','127.0.0.1','内网IP','Chrome 10','Windows 10','1','用户不存在/密码错误','2023-02-06 01:49:51'),(419,'10000','127.0.0.1','内网IP','Chrome 10','Windows 10','0','登录成功','2023-02-06 01:49:57'),(420,'10000','127.0.0.1','内网IP','Chrome 10','Windows 10','0','退出成功','2023-02-06 02:48:33'),(421,'admin','127.0.0.1','内网IP','Chrome 10','Windows 10','0','登录成功','2023-02-06 02:48:44'),(422,'admin','127.0.0.1','内网IP','Chrome 10','Windows 10','0','退出成功','2023-02-06 02:52:45');

/*Table structure for table `sys_menu` */

DROP TABLE IF EXISTS `sys_menu`;

CREATE TABLE `sys_menu` (
  `menu_id` bigint(20) NOT NULL AUTO_INCREMENT COMMENT '菜单ID',
  `menu_name` varchar(50) NOT NULL COMMENT '菜单名称',
  `parent_id` bigint(20) DEFAULT '0' COMMENT '父菜单ID',
  `order_num` int(4) DEFAULT '0' COMMENT '显示顺序',
  `path` varchar(200) DEFAULT '' COMMENT '路由地址',
  `component` varchar(255) DEFAULT NULL COMMENT '组件路径',
  `query` varchar(255) DEFAULT NULL COMMENT '路由参数',
  `is_frame` int(1) DEFAULT '1' COMMENT '是否为外链（0是 1否）',
  `is_cache` int(1) DEFAULT '0' COMMENT '是否缓存（0缓存 1不缓存）',
  `menu_type` char(1) DEFAULT '' COMMENT '菜单类型（M目录 C菜单 F按钮）',
  `visible` char(1) DEFAULT '0' COMMENT '菜单状态（0显示 1隐藏）',
  `status` char(1) DEFAULT '0' COMMENT '菜单状态（0正常 1停用）',
  `perms` varchar(100) DEFAULT NULL COMMENT '权限标识',
  `icon` varchar(100) DEFAULT '#' COMMENT '菜单图标',
  `create_by` varchar(64) DEFAULT '' COMMENT '创建者',
  `create_time` datetime DEFAULT NULL COMMENT '创建时间',
  `update_by` varchar(64) DEFAULT '' COMMENT '更新者',
  `update_time` datetime DEFAULT NULL COMMENT '更新时间',
  `remark` varchar(500) DEFAULT '' COMMENT '备注',
  PRIMARY KEY (`menu_id`)
) ENGINE=InnoDB AUTO_INCREMENT=2112 DEFAULT CHARSET=utf8 COMMENT='菜单权限表';

/*Data for the table `sys_menu` */

insert  into `sys_menu`(`menu_id`,`menu_name`,`parent_id`,`order_num`,`path`,`component`,`query`,`is_frame`,`is_cache`,`menu_type`,`visible`,`status`,`perms`,`icon`,`create_by`,`create_time`,`update_by`,`update_time`,`remark`) values (1,'系统管理',0,0,'system',NULL,'',1,0,'M','0','0','','system','admin','2022-11-15 17:25:36','admin','2022-11-22 22:40:48','系统管理目录'),(2,'系统监控',0,1,'monitor',NULL,'',1,0,'M','1','1','','monitor','admin','2022-11-15 17:25:36','admin','2022-11-22 22:40:55','系统监控目录'),(3,'系统工具',0,1,'tool',NULL,'',1,0,'M','1','0','','tool','admin','2022-11-15 17:25:36','admin','2022-11-28 11:57:24','系统工具目录'),(100,'用户管理',1,1,'user','system/user/index','',1,0,'C','0','0','system:user:list','user','admin','2022-11-15 17:25:36','',NULL,'用户管理菜单'),(101,'角色管理',1,2,'role','system/role/index','',1,0,'C','0','0','system:role:list','peoples','admin','2022-11-15 17:25:36','',NULL,'角色管理菜单'),(102,'菜单管理',1,3,'menu','system/menu/index','',1,0,'C','0','0','system:menu:list','tree-table','admin','2022-11-15 17:25:36','',NULL,'菜单管理菜单'),(103,'用户分类管理',1,4,'dept','system/dept/index','',1,0,'C','0','0','system:dept:list','tree','admin','2022-11-15 17:25:36','admin','2022-12-11 23:42:21','部门管理菜单'),(104,'岗位管理',1,5,'post','system/post/index','',1,0,'C','1','1','system:post:list','post','admin','2022-11-15 17:25:36','admin','2022-12-11 17:44:25','岗位管理菜单'),(105,'字典管理',1,6,'dict','system/dict/index','',1,0,'C','1','0','system:dict:list','dict','admin','2022-11-15 17:25:36','admin','2022-11-16 00:40:36','字典管理菜单'),(106,'参数设置',1,7,'config','system/config/index','',1,0,'C','1','0','system:config:list','edit','admin','2022-11-15 17:25:36','admin','2022-11-16 00:40:41','参数设置菜单'),(107,'通知公告',1,8,'notice','system/notice/index','',1,0,'C','1','0','system:notice:list','message','admin','2022-11-15 17:25:36','admin','2022-12-11 17:42:17','通知公告菜单'),(108,'日志管理',1,9,'log','','',1,0,'M','0','0','','log','admin','2022-11-15 17:25:36','',NULL,'日志管理菜单'),(109,'在线用户',2,1,'online','monitor/online/index','',1,0,'C','0','0','monitor:online:list','online','admin','2022-11-15 17:25:36','',NULL,'在线用户菜单'),(110,'定时任务',2,2,'job','monitor/job/index','',1,0,'C','0','0','monitor:job:list','job','admin','2022-11-15 17:25:36','',NULL,'定时任务菜单'),(111,'数据监控',2,3,'druid','monitor/druid/index','',1,0,'C','0','0','monitor:druid:list','druid','admin','2022-11-15 17:25:36','',NULL,'数据监控菜单'),(112,'服务监控',2,4,'server','monitor/server/index','',1,0,'C','0','0','monitor:server:list','server','admin','2022-11-15 17:25:36','',NULL,'服务监控菜单'),(113,'缓存监控',2,5,'cache','monitor/cache/index','',1,0,'C','0','0','monitor:cache:list','redis','admin','2022-11-15 17:25:36','',NULL,'缓存监控菜单'),(114,'缓存列表',2,6,'cacheList','monitor/cache/list','',1,0,'C','0','0','monitor:cache:list','redis-list','admin','2022-11-15 17:25:36','',NULL,'缓存列表菜单'),(115,'表单构建',3,1,'build','tool/build/index','',1,0,'C','1','0','tool:build:list','build','admin','2022-11-15 17:25:36','admin','2022-11-22 22:35:34','表单构建菜单'),(116,'代码生成',3,2,'gen','tool/gen/index','',1,0,'C','1','0','tool:gen:list','code','admin','2022-11-15 17:25:36','admin','2022-11-22 22:35:42','代码生成菜单'),(117,'系统接口',3,3,'swagger','tool/swagger/index','',1,0,'C','0','0','tool:swagger:list','swagger','admin','2022-11-15 17:25:36','',NULL,'系统接口菜单'),(500,'操作日志',108,1,'operlog','monitor/operlog/index','',1,0,'C','0','0','monitor:operlog:list','form','admin','2022-11-15 17:25:36','',NULL,'操作日志菜单'),(501,'登录日志',108,2,'logininfor','monitor/logininfor/index','',1,0,'C','0','0','monitor:logininfor:list','logininfor','admin','2022-11-15 17:25:36','',NULL,'登录日志菜单'),(1000,'用户查询',100,1,'','','',1,0,'F','0','0','system:user:query','#','admin','2022-11-15 17:25:36','',NULL,''),(1001,'用户新增',100,2,'','','',1,0,'F','0','0','system:user:add','#','admin','2022-11-15 17:25:36','',NULL,''),(1002,'用户修改',100,3,'','','',1,0,'F','0','0','system:user:edit','#','admin','2022-11-15 17:25:36','',NULL,''),(1003,'用户删除',100,4,'','','',1,0,'F','0','0','system:user:remove','#','admin','2022-11-15 17:25:36','',NULL,''),(1004,'用户导出',100,5,'','','',1,0,'F','0','0','system:user:export','#','admin','2022-11-15 17:25:36','',NULL,''),(1005,'用户导入',100,6,'','','',1,0,'F','0','0','system:user:import','#','admin','2022-11-15 17:25:36','',NULL,''),(1006,'重置密码',100,7,'','','',1,0,'F','0','0','system:user:resetPwd','#','admin','2022-11-15 17:25:36','',NULL,''),(1007,'角色查询',101,1,'','','',1,0,'F','0','0','system:role:query','#','admin','2022-11-15 17:25:36','',NULL,''),(1008,'角色新增',101,2,'','','',1,0,'F','0','0','system:role:add','#','admin','2022-11-15 17:25:36','',NULL,''),(1009,'角色修改',101,3,'','','',1,0,'F','0','0','system:role:edit','#','admin','2022-11-15 17:25:36','',NULL,''),(1010,'角色删除',101,4,'','','',1,0,'F','0','0','system:role:remove','#','admin','2022-11-15 17:25:36','',NULL,''),(1011,'角色导出',101,5,'','','',1,0,'F','0','0','system:role:export','#','admin','2022-11-15 17:25:36','',NULL,''),(1012,'菜单查询',102,1,'','','',1,0,'F','0','0','system:menu:query','#','admin','2022-11-15 17:25:36','',NULL,''),(1013,'菜单新增',102,2,'','','',1,0,'F','0','0','system:menu:add','#','admin','2022-11-15 17:25:36','',NULL,''),(1014,'菜单修改',102,3,'','','',1,0,'F','0','0','system:menu:edit','#','admin','2022-11-15 17:25:36','',NULL,''),(1015,'菜单删除',102,4,'','','',1,0,'F','0','0','system:menu:remove','#','admin','2022-11-15 17:25:36','',NULL,''),(1016,'用户分类查询',103,1,'','','',1,0,'F','0','0','system:dept:query','#','admin','2022-11-15 17:25:36','admin','2022-12-11 23:42:35',''),(1017,'用户分类新增',103,2,'','','',1,0,'F','0','0','system:dept:add','#','admin','2022-11-15 17:25:36','admin','2022-12-11 23:42:40',''),(1018,'用户分类修改',103,3,'','','',1,0,'F','0','0','system:dept:edit','#','admin','2022-11-15 17:25:36','admin','2022-12-11 23:42:45',''),(1019,'用户分类删除',103,4,'','','',1,0,'F','0','0','system:dept:remove','#','admin','2022-11-15 17:25:36','admin','2022-12-11 23:42:49',''),(1020,'岗位查询',104,1,'','','',1,0,'F','0','0','system:post:query','#','admin','2022-11-15 17:25:36','',NULL,''),(1021,'岗位新增',104,2,'','','',1,0,'F','0','0','system:post:add','#','admin','2022-11-15 17:25:36','',NULL,''),(1022,'岗位修改',104,3,'','','',1,0,'F','0','0','system:post:edit','#','admin','2022-11-15 17:25:36','',NULL,''),(1023,'岗位删除',104,4,'','','',1,0,'F','0','0','system:post:remove','#','admin','2022-11-15 17:25:36','',NULL,''),(1024,'岗位导出',104,5,'','','',1,0,'F','0','0','system:post:export','#','admin','2022-11-15 17:25:36','',NULL,''),(1025,'字典查询',105,1,'#','','',1,0,'F','0','0','system:dict:query','#','admin','2022-11-15 17:25:36','',NULL,''),(1026,'字典新增',105,2,'#','','',1,0,'F','0','0','system:dict:add','#','admin','2022-11-15 17:25:36','',NULL,''),(1027,'字典修改',105,3,'#','','',1,0,'F','0','0','system:dict:edit','#','admin','2022-11-15 17:25:36','',NULL,''),(1028,'字典删除',105,4,'#','','',1,0,'F','0','0','system:dict:remove','#','admin','2022-11-15 17:25:36','',NULL,''),(1029,'字典导出',105,5,'#','','',1,0,'F','0','0','system:dict:export','#','admin','2022-11-15 17:25:36','',NULL,''),(1030,'参数查询',106,1,'#','','',1,0,'F','0','0','system:config:query','#','admin','2022-11-15 17:25:36','',NULL,''),(1031,'参数新增',106,2,'#','','',1,0,'F','0','0','system:config:add','#','admin','2022-11-15 17:25:36','',NULL,''),(1032,'参数修改',106,3,'#','','',1,0,'F','0','0','system:config:edit','#','admin','2022-11-15 17:25:36','',NULL,''),(1033,'参数删除',106,4,'#','','',1,0,'F','0','0','system:config:remove','#','admin','2022-11-15 17:25:36','',NULL,''),(1034,'参数导出',106,5,'#','','',1,0,'F','0','0','system:config:export','#','admin','2022-11-15 17:25:36','',NULL,''),(1035,'公告查询',107,1,'#','','',1,0,'F','0','0','system:notice:query','#','admin','2022-11-15 17:25:36','',NULL,''),(1036,'公告新增',107,2,'#','','',1,0,'F','0','0','system:notice:add','#','admin','2022-11-15 17:25:37','',NULL,''),(1037,'公告修改',107,3,'#','','',1,0,'F','0','0','system:notice:edit','#','admin','2022-11-15 17:25:37','',NULL,''),(1038,'公告删除',107,4,'#','','',1,0,'F','0','0','system:notice:remove','#','admin','2022-11-15 17:25:37','',NULL,''),(1039,'操作查询',500,1,'#','','',1,0,'F','0','0','monitor:operlog:query','#','admin','2022-11-15 17:25:37','',NULL,''),(1040,'操作删除',500,2,'#','','',1,0,'F','0','0','monitor:operlog:remove','#','admin','2022-11-15 17:25:37','',NULL,''),(1041,'日志导出',500,3,'#','','',1,0,'F','0','0','monitor:operlog:export','#','admin','2022-11-15 17:25:37','',NULL,''),(1042,'登录查询',501,1,'#','','',1,0,'F','0','0','monitor:logininfor:query','#','admin','2022-11-15 17:25:37','',NULL,''),(1043,'登录删除',501,2,'#','','',1,0,'F','0','0','monitor:logininfor:remove','#','admin','2022-11-15 17:25:37','',NULL,''),(1044,'日志导出',501,3,'#','','',1,0,'F','0','0','monitor:logininfor:export','#','admin','2022-11-15 17:25:37','',NULL,''),(1045,'账户解锁',501,4,'#','','',1,0,'F','0','0','monitor:logininfor:unlock','#','admin','2022-11-15 17:25:37','',NULL,''),(1046,'在线查询',109,1,'#','','',1,0,'F','0','0','monitor:online:query','#','admin','2022-11-15 17:25:37','',NULL,''),(1047,'批量强退',109,2,'#','','',1,0,'F','0','0','monitor:online:batchLogout','#','admin','2022-11-15 17:25:37','',NULL,''),(1048,'单条强退',109,3,'#','','',1,0,'F','0','0','monitor:online:forceLogout','#','admin','2022-11-15 17:25:37','',NULL,''),(1049,'任务查询',110,1,'#','','',1,0,'F','0','0','monitor:job:query','#','admin','2022-11-15 17:25:37','',NULL,''),(1050,'任务新增',110,2,'#','','',1,0,'F','0','0','monitor:job:add','#','admin','2022-11-15 17:25:37','',NULL,''),(1051,'任务修改',110,3,'#','','',1,0,'F','0','0','monitor:job:edit','#','admin','2022-11-15 17:25:37','',NULL,''),(1052,'任务删除',110,4,'#','','',1,0,'F','0','0','monitor:job:remove','#','admin','2022-11-15 17:25:37','',NULL,''),(1053,'状态修改',110,5,'#','','',1,0,'F','0','0','monitor:job:changeStatus','#','admin','2022-11-15 17:25:37','',NULL,''),(1054,'任务导出',110,6,'#','','',1,0,'F','0','0','monitor:job:export','#','admin','2022-11-15 17:25:37','',NULL,''),(1055,'生成查询',116,1,'#','','',1,0,'F','0','0','tool:gen:query','#','admin','2022-11-15 17:25:37','',NULL,''),(1056,'生成修改',116,2,'#','','',1,0,'F','0','0','tool:gen:edit','#','admin','2022-11-15 17:25:37','',NULL,''),(1057,'生成删除',116,3,'#','','',1,0,'F','0','0','tool:gen:remove','#','admin','2022-11-15 17:25:37','',NULL,''),(1058,'导入代码',116,4,'#','','',1,0,'F','0','0','tool:gen:import','#','admin','2022-11-15 17:25:37','',NULL,''),(1059,'预览代码',116,5,'#','','',1,0,'F','0','0','tool:gen:preview','#','admin','2022-11-15 17:25:37','',NULL,''),(1060,'生成代码',116,6,'#','','',1,0,'F','0','0','tool:gen:code','#','admin','2022-11-15 17:25:37','',NULL,''),(2024,'班级管理',2066,1,'class','system/class/index',NULL,1,0,'C','0','0','system:class:list','#','admin','2022-11-22 13:14:57','admin','2022-11-22 22:26:05','班级管理菜单'),(2025,'班级管理查询',2024,1,'#','',NULL,1,0,'F','0','0','system:class:query','#','admin','2022-11-22 13:14:57','',NULL,''),(2026,'班级管理新增',2024,2,'#','',NULL,1,0,'F','0','0','system:class:add','#','admin','2022-11-22 13:14:57','',NULL,''),(2027,'班级管理修改',2024,3,'#','',NULL,1,0,'F','0','0','system:class:edit','#','admin','2022-11-22 13:14:57','',NULL,''),(2028,'班级管理删除',2024,4,'#','',NULL,1,0,'F','0','0','system:class:remove','#','admin','2022-11-22 13:14:57','',NULL,''),(2029,'班级管理导出',2024,5,'#','',NULL,1,0,'F','0','0','system:class:export','#','admin','2022-11-22 13:14:57','',NULL,''),(2036,'院系管理',2066,2,'department','system/department/index',NULL,1,0,'C','0','0','system:department:list','#','admin','2022-11-22 13:16:23','admin','2022-11-22 22:27:01','院系管理菜单'),(2037,'院系管理分页查询',2036,1,'#','',NULL,1,0,'F','0','0','system:department:query','#','admin','2022-11-22 13:16:23','admin','2022-11-23 17:19:50',''),(2038,'院系管理新增',2036,2,'#','',NULL,1,0,'F','0','0','system:department:add','#','admin','2022-11-22 13:16:23','',NULL,''),(2039,'院系管理修改',2036,3,'#','',NULL,1,0,'F','0','0','system:department:edit','#','admin','2022-11-22 13:16:23','',NULL,''),(2040,'院系管理删除',2036,4,'#','',NULL,1,0,'F','0','0','system:department:remove','#','admin','2022-11-22 13:16:23','',NULL,''),(2041,'院系管理导出',2036,5,'#','',NULL,1,0,'F','0','0','system:department:export','#','admin','2022-11-22 13:16:23','',NULL,''),(2042,'专业管理',2066,3,'major','system/major/index',NULL,1,0,'C','0','0','system:major:list','#','admin','2022-11-22 13:16:51','admin','2022-11-22 22:27:51','专业管理菜单'),(2043,'专业管理查询',2042,1,'#','',NULL,1,0,'F','0','0','system:major:query','#','admin','2022-11-22 13:16:51','',NULL,''),(2044,'专业管理新增',2042,2,'#','',NULL,1,0,'F','0','0','system:major:add','#','admin','2022-11-22 13:16:51','',NULL,''),(2045,'专业管理修改',2042,3,'#','',NULL,1,0,'F','0','0','system:major:edit','#','admin','2022-11-22 13:16:51','',NULL,''),(2046,'专业管理删除',2042,4,'#','',NULL,1,0,'F','0','0','system:major:remove','#','admin','2022-11-22 13:16:51','',NULL,''),(2047,'专业管理导出',2042,5,'#','',NULL,1,0,'F','0','0','system:major:export','#','admin','2022-11-22 13:16:51','',NULL,''),(2054,'学生信息管理',2110,2,'student','system/student/index',NULL,1,0,'C','0','0','system:student:list','people','admin','2022-11-22 13:17:41','admin','2023-02-05 17:28:37','学生管理菜单'),(2055,'学生查询',2054,1,'#','',NULL,1,0,'F','0','0','system:student:query','#','admin','2022-11-22 13:17:41','',NULL,''),(2056,'学生新增',2054,2,'#','',NULL,1,0,'F','0','0','system:student:add','#','admin','2022-11-22 13:17:41','',NULL,''),(2057,'学生修改',2054,3,'#','',NULL,1,0,'F','0','0','system:student:edit','#','admin','2022-11-22 13:17:41','',NULL,''),(2058,'学生删除',2054,4,'#','',NULL,1,0,'F','0','0','system:student:remove','#','admin','2022-11-22 13:17:41','',NULL,''),(2059,'学生导出',2054,5,'#','',NULL,1,0,'F','0','0','system:student:export','#','admin','2022-11-22 13:17:41','',NULL,''),(2060,'教师管理',2066,0,'teacher','system/teacher/index',NULL,1,0,'C','0','0','system:teacher:list','#','admin','2022-11-22 13:18:08','admin','2022-11-22 22:32:36','教师管理菜单'),(2061,'教师查询',2060,1,'#','',NULL,1,0,'F','0','0','system:teacher:query','#','admin','2022-11-22 13:18:08','',NULL,''),(2062,'教师新增',2060,2,'#','',NULL,1,0,'F','0','0','system:teacher:add','#','admin','2022-11-22 13:18:08','',NULL,''),(2063,'教师修改',2060,3,'#','',NULL,1,0,'F','0','0','system:teacher:edit','#','admin','2022-11-22 13:18:08','',NULL,''),(2064,'教师删除',2060,4,'#','',NULL,1,0,'F','0','0','system:teacher:remove','#','admin','2022-11-22 13:18:08','',NULL,''),(2065,'教师导出',2060,5,'#','',NULL,1,0,'F','0','0','system:teacher:export','#','admin','2022-11-22 13:18:08','',NULL,''),(2066,'学校基础配置管理',0,3,'base',NULL,NULL,1,0,'M','0','0','','people','admin','2022-11-22 22:21:25','admin','2023-02-05 17:28:52',''),(2067,'数据统计',0,4,'dataStatistics',NULL,NULL,1,0,'M','0','0',NULL,'people','admin','2022-11-22 22:23:55','',NULL,''),(2068,'学生成绩数据分析',2067,0,'stuAnalyse',NULL,NULL,1,0,'M','0','0','','date-range','admin','2022-11-22 22:37:43','admin','2022-11-22 22:39:31',''),(2069,'课程成绩数据分析',2067,1,'scoreAnalyse',NULL,NULL,1,0,'M','0','0',NULL,'date-range','admin','2022-11-22 22:39:20','',NULL,''),(2070,'课程管理',0,3,'grade',NULL,NULL,1,0,'M','0','0','','people','admin','2022-11-22 22:45:04','admin','2022-11-28 15:10:51',''),(2071,'院系管理所有列查询',2036,0,'',NULL,NULL,1,0,'F','0','0','system:department:allList','#','admin','2022-11-23 17:19:41','',NULL,''),(2072,'院级管理查询所有列表以及下面的专业',2036,0,'',NULL,NULL,1,0,'F','0','0','system:department:allListChildren','#','admin','2022-11-24 09:32:44','',NULL,''),(2073,'学生查询院级列表/班级列表/专业列表',2054,0,'',NULL,NULL,1,0,'F','0','0','system:student:searchCommonList','#','admin','2022-11-27 16:12:06','',NULL,''),(2074,'课程',2070,1,'course','system/course/index',NULL,1,0,'C','0','0','system:course:list','#','admin','2022-11-28 15:08:23','admin','2022-11-28 15:08:44','课程菜单'),(2075,'课程分页查询',2074,1,'#','',NULL,1,0,'F','0','0','system:course:query','#','admin','2022-11-28 15:08:23','admin','2022-11-28 17:27:21',''),(2076,'课程新增',2074,2,'#','',NULL,1,0,'F','0','0','system:course:add','#','admin','2022-11-28 15:08:23','',NULL,''),(2077,'课程修改',2074,3,'#','',NULL,1,0,'F','0','0','system:course:edit','#','admin','2022-11-28 15:08:23','',NULL,''),(2078,'课程删除',2074,4,'#','',NULL,1,0,'F','0','0','system:course:remove','#','admin','2022-11-28 15:08:23','',NULL,''),(2079,'课程导出',2074,5,'#','',NULL,1,0,'F','0','0','system:course:export','#','admin','2022-11-28 15:08:23','',NULL,''),(2080,'课程明细',2070,1,'grade','system/grade/index',NULL,1,0,'C','0','0','system:grade:list','#','admin','2022-11-28 15:09:42','admin','2023-02-05 11:42:08','课程明细信息菜单'),(2081,'课程明细信息查询',2080,1,'#','',NULL,1,0,'F','0','0','system:grade:query','#','admin','2022-11-28 15:09:42','',NULL,''),(2082,'课程明细信息新增',2080,2,'#','',NULL,1,0,'F','0','0','system:grade:add','#','admin','2022-11-28 15:09:42','',NULL,''),(2083,'课程明细信息修改',2080,3,'#','',NULL,1,0,'F','0','0','system:grade:edit','#','admin','2022-11-28 15:09:42','',NULL,''),(2084,'课程明细信息删除',2080,4,'#','',NULL,1,0,'F','0','0','system:grade:remove','#','admin','2022-11-28 15:09:42','',NULL,''),(2085,'课程明细信息导出',2080,5,'#','',NULL,1,0,'F','0','0','system:grade:export','#','admin','2022-11-28 15:09:42','',NULL,''),(2086,'课程考试安排',2070,1,'exam','system/exam/index',NULL,1,0,'C','0','0','system:exam:list','#','admin','2022-11-28 15:11:31','admin','2022-11-28 15:12:07','课程考试安排菜单'),(2087,'课程考试安排查询',2086,1,'#','',NULL,1,0,'F','0','0','system:exam:query','#','admin','2022-11-28 15:11:31','',NULL,''),(2088,'课程考试安排新增',2086,2,'#','',NULL,1,0,'F','0','0','system:exam:add','#','admin','2022-11-28 15:11:31','',NULL,''),(2089,'课程考试安排修改',2086,3,'#','',NULL,1,0,'F','0','0','system:exam:edit','#','admin','2022-11-28 15:11:31','',NULL,''),(2090,'课程考试安排删除',2086,4,'#','',NULL,1,0,'F','0','0','system:exam:remove','#','admin','2022-11-28 15:11:31','',NULL,''),(2091,'课程考试安排导出',2086,5,'#','',NULL,1,0,'F','0','0','system:exam:export','#','admin','2022-11-28 15:11:31','',NULL,''),(2092,'课程考试安排明细',2070,1,'detail','system/detail/index',NULL,1,0,'C','0','0','system:detail:list','#','admin','2022-11-28 15:11:34','admin','2022-11-28 15:12:13','课程考试安排明细菜单'),(2093,'课程考试安排明细查询',2092,1,'#','',NULL,1,0,'F','0','0','system:detail:query','#','admin','2022-11-28 15:11:34','',NULL,''),(2094,'课程考试安排明细新增',2092,2,'#','',NULL,1,0,'F','0','0','system:detail:add','#','admin','2022-11-28 15:11:34','',NULL,''),(2095,'课程考试安排明细修改',2092,3,'#','',NULL,1,0,'F','0','0','system:detail:edit','#','admin','2022-11-28 15:11:34','',NULL,''),(2096,'课程考试安排明细删除',2092,4,'#','',NULL,1,0,'F','0','0','system:detail:remove','#','admin','2022-11-28 15:11:34','',NULL,''),(2097,'课程考试安排明细导出',2092,5,'#','',NULL,1,0,'F','0','0','system:detail:export','#','admin','2022-11-28 15:11:34','',NULL,''),(2098,'成绩异议处理记录',2070,1,'objection','system/objection/index',NULL,1,0,'C','0','0','system:objection:list','#','admin','2022-11-28 15:11:40','admin','2022-11-28 15:12:02','成绩异议处理记录菜单'),(2099,'成绩异议处理记录查询',2098,1,'#','',NULL,1,0,'F','0','0','system:objection:query','#','admin','2022-11-28 15:11:40','',NULL,''),(2100,'成绩异议处理记录新增',2098,2,'#','',NULL,1,0,'F','0','0','system:objection:add','#','admin','2022-11-28 15:11:40','',NULL,''),(2101,'成绩异议处理记录修改',2098,3,'#','',NULL,1,0,'F','0','0','system:objection:edit','#','admin','2022-11-28 15:11:40','',NULL,''),(2102,'成绩异议处理记录删除',2098,4,'#','',NULL,1,0,'F','0','0','system:objection:remove','#','admin','2022-11-28 15:11:40','',NULL,''),(2103,'成绩异议处理记录导出',2098,5,'#','',NULL,1,0,'F','0','0','system:objection:export','#','admin','2022-11-28 15:11:40','',NULL,''),(2104,'教师全部查询',2060,0,'',NULL,NULL,1,0,'F','0','0','system:teacher:allList','#','admin','2022-11-28 16:57:36','',NULL,''),(2105,'课程全部查询',2074,0,'',NULL,NULL,1,0,'F','0','0','system:course:allList','#','admin','2022-11-28 17:27:10','',NULL,''),(2106,'班级管理查询班级列表及下面的学生',2024,6,'',NULL,NULL,1,0,'F','0','0','system:class:listOfStudent','#','admin','2022-12-03 18:39:52','admin','2022-12-03 18:40:02',''),(2107,'课程明细信息批量新增',2080,2,'',NULL,NULL,1,0,'F','0','0','system:grade:addMultiple','#','admin','2022-12-03 22:10:56','',NULL,''),(2108,'查询课程考试安排查询所有列表不分页',2086,0,'',NULL,NULL,1,0,'F','0','0','system:exam:allList','#','admin','2022-12-09 16:40:19','',NULL,''),(2109,'导入学生列表',2054,6,'',NULL,NULL,1,0,'F','0','0','system:student:import','#','admin','2022-12-21 19:01:17','',NULL,''),(2110,'学生管理',0,2,'student',NULL,NULL,1,0,'M','0','0','','people','admin','2023-02-05 17:27:46','admin','2023-02-05 17:28:20',''),(2111,'课程明细信息列表不分页',2080,0,'',NULL,NULL,1,0,'F','0','0','system:grade:allList','#','admin','2023-02-05 18:45:56','',NULL,'');

/*Table structure for table `sys_notice` */

DROP TABLE IF EXISTS `sys_notice`;

CREATE TABLE `sys_notice` (
  `notice_id` int(4) NOT NULL AUTO_INCREMENT COMMENT '公告ID',
  `notice_title` varchar(50) NOT NULL COMMENT '公告标题',
  `notice_type` char(1) NOT NULL COMMENT '公告类型（1通知 2公告）',
  `notice_content` longblob COMMENT '公告内容',
  `status` char(1) DEFAULT '0' COMMENT '公告状态（0正常 1关闭）',
  `create_by` varchar(64) DEFAULT '' COMMENT '创建者',
  `create_time` datetime DEFAULT NULL COMMENT '创建时间',
  `update_by` varchar(64) DEFAULT '' COMMENT '更新者',
  `update_time` datetime DEFAULT NULL COMMENT '更新时间',
  `remark` varchar(255) DEFAULT NULL COMMENT '备注',
  PRIMARY KEY (`notice_id`)
) ENGINE=InnoDB AUTO_INCREMENT=4 DEFAULT CHARSET=utf8 COMMENT='通知公告表';

/*Data for the table `sys_notice` */

insert  into `sys_notice`(`notice_id`,`notice_title`,`notice_type`,`notice_content`,`status`,`create_by`,`create_time`,`update_by`,`update_time`,`remark`) values (1,'温馨提醒：2018-07-01 若依新版本发布啦','1','新版本内容','0','admin','2022-11-15 17:25:46','admin','2022-11-22 23:22:50','管理员'),(2,'维护通知：2018-07-01 若依系统凌晨维护','1','维护内容','0','admin','2022-11-15 17:25:46','',NULL,'管理员'),(3,'213213','2','<p>123213</p>','0','admin','2022-11-22 23:23:05','',NULL,NULL);

/*Table structure for table `sys_oper_log` */

DROP TABLE IF EXISTS `sys_oper_log`;

CREATE TABLE `sys_oper_log` (
  `oper_id` bigint(20) NOT NULL AUTO_INCREMENT COMMENT '日志主键',
  `title` varchar(50) DEFAULT '' COMMENT '模块标题',
  `business_type` int(2) DEFAULT '0' COMMENT '业务类型（0其它 1新增 2修改 3删除）',
  `method` varchar(100) DEFAULT '' COMMENT '方法名称',
  `request_method` varchar(10) DEFAULT '' COMMENT '请求方式',
  `operator_type` int(1) DEFAULT '0' COMMENT '操作类别（0其它 1后台用户 2手机端用户）',
  `oper_name` varchar(50) DEFAULT '' COMMENT '操作人员',
  `dept_name` varchar(50) DEFAULT '' COMMENT '部门名称',
  `oper_url` varchar(255) DEFAULT '' COMMENT '请求URL',
  `oper_ip` varchar(128) DEFAULT '' COMMENT '主机地址',
  `oper_location` varchar(255) DEFAULT '' COMMENT '操作地点',
  `oper_param` varchar(2000) DEFAULT '' COMMENT '请求参数',
  `json_result` varchar(2000) DEFAULT '' COMMENT '返回参数',
  `status` int(1) DEFAULT '0' COMMENT '操作状态（0正常 1异常）',
  `error_msg` varchar(2000) DEFAULT '' COMMENT '错误消息',
  `oper_time` datetime DEFAULT NULL COMMENT '操作时间',
  PRIMARY KEY (`oper_id`)
) ENGINE=InnoDB AUTO_INCREMENT=503 DEFAULT CHARSET=utf8 COMMENT='操作日志记录';

/*Data for the table `sys_oper_log` */

insert  into `sys_oper_log`(`oper_id`,`title`,`business_type`,`method`,`request_method`,`operator_type`,`oper_name`,`dept_name`,`oper_url`,`oper_ip`,`oper_location`,`oper_param`,`json_result`,`status`,`error_msg`,`oper_time`) values (100,'菜单管理',3,'com.ruoyi.web.controller.system.SysMenuController.remove()','DELETE',1,'admin',NULL,'/system/menu/4','127.0.0.1','内网IP','{menuId=4}','{\"msg\":\"菜单已分配,不允许删除\",\"code\":601}',0,NULL,'2022-11-15 23:37:52'),(101,'角色管理',2,'com.ruoyi.web.controller.system.SysRoleController.edit()','PUT',1,'admin',NULL,'/system/role','127.0.0.1','内网IP','{\"admin\":false,\"createTime\":\"2022-11-15 17:25:36\",\"dataScope\":\"2\",\"delFlag\":\"0\",\"deptCheckStrictly\":true,\"flag\":false,\"menuCheckStrictly\":true,\"menuIds\":[1,100,1000,1001,1002,1003,1004,1005,1006,101,1007,1008,1009,1010,1011,102,1012,1013,1014,1015,103,1016,1017,1018,1019,104,1020,1021,1022,1023,1024,105,1025,1026,1027,1028,1029,106,1030,1031,1032,1033,1034,107,1035,1036,1037,1038,108,500,1039,1040,1041,501,1042,1043,1044,1045,2,109,1046,1047,1048,110,1049,1050,1051,1052,1053,1054,111,112,113,114,3,115,116,1055,1056,1057,1058,1059,1060,117],\"remark\":\"普通角色\",\"roleId\":2,\"roleKey\":\"common\",\"roleName\":\"普通角色\",\"roleSort\":\"2\",\"status\":\"0\",\"updateBy\":\"admin\"}','{\"msg\":\"操作成功\",\"code\":200}',0,NULL,'2022-11-15 23:38:08'),(102,'菜单管理',3,'com.ruoyi.web.controller.system.SysMenuController.remove()','DELETE',1,'admin',NULL,'/system/menu/4','127.0.0.1','内网IP','{menuId=4}','{\"msg\":\"操作成功\",\"code\":200}',0,NULL,'2022-11-15 23:38:15'),(103,'代码生成',6,'com.ruoyi.generator.controller.GenController.importTableSave()','POST',1,'admin',NULL,'/tool/gen/importTable','127.0.0.1','内网IP','\"stu_score,stu_student,stu_teacher,stu_course\"','{\"msg\":\"操作成功\",\"code\":200}',0,NULL,'2022-11-15 23:39:36'),(104,'代码生成',8,'com.ruoyi.generator.controller.GenController.batchGenCode()','GET',1,'admin',NULL,'/tool/gen/batchGenCode','127.0.0.1','内网IP','{}',NULL,0,NULL,'2022-11-15 23:41:17'),(105,'角色管理',2,'com.ruoyi.web.controller.system.SysRoleController.edit()','PUT',1,'admin',NULL,'/system/role','127.0.0.1','内网IP','{\"admin\":false,\"createTime\":\"2022-11-15 17:25:36\",\"dataScope\":\"2\",\"delFlag\":\"0\",\"deptCheckStrictly\":true,\"flag\":false,\"menuCheckStrictly\":true,\"menuIds\":[1,100,1000,1001,1002,1003,1004,1005,1006,101,1007,1008,1009,1010,1011,102,1012,1013,1014,1015,103,1016,1017,1018,1019,104,1020,1021,1022,1023,1024,105,1025,1026,1027,1028,1029,106,1030,1031,1032,1033,1034,107,1035,1036,1037,1038,108,500,1039,1040,1041,501,1042,1043,1044,1045,2,109,1046,1047,1048,110,1049,1050,1051,1052,1053,1054,111,112,113,114,3,115,2000,2001,2002,2003,2004,2005,2006,2007,2008,2009,2010,2011,2012,2013,2014,2015,2016,2017,2018,2019,2020,2021,2022,2023,116,1055,1056,1057,1058,1059,1060,117],\"remark\":\"普通角色\",\"roleId\":2,\"roleKey\":\"common\",\"roleName\":\"普通角色\",\"roleSort\":\"2\",\"status\":\"0\",\"updateBy\":\"admin\"}','{\"msg\":\"操作成功\",\"code\":200}',0,NULL,'2022-11-16 00:07:53'),(106,'菜单管理',2,'com.ruoyi.web.controller.system.SysMenuController.edit()','PUT',1,'admin',NULL,'/system/menu','127.0.0.1','内网IP','{\"children\":[],\"createTime\":\"2022-11-15 17:25:36\",\"icon\":\"monitor\",\"isCache\":\"0\",\"isFrame\":\"1\",\"menuId\":2,\"menuName\":\"系统监控\",\"menuType\":\"M\",\"orderNum\":2,\"parentId\":0,\"path\":\"monitor\",\"perms\":\"\",\"query\":\"\",\"status\":\"0\",\"updateBy\":\"admin\",\"visible\":\"1\"}','{\"msg\":\"操作成功\",\"code\":200}',0,NULL,'2022-11-16 00:38:18'),(107,'菜单管理',2,'com.ruoyi.web.controller.system.SysMenuController.edit()','PUT',1,'admin',NULL,'/system/menu','127.0.0.1','内网IP','{\"children\":[],\"component\":\"system/dept/index\",\"createTime\":\"2022-11-15 17:25:36\",\"icon\":\"tree\",\"isCache\":\"0\",\"isFrame\":\"1\",\"menuId\":103,\"menuName\":\"部门管理\",\"menuType\":\"C\",\"orderNum\":4,\"parentId\":1,\"path\":\"dept\",\"perms\":\"system:dept:list\",\"query\":\"\",\"status\":\"0\",\"updateBy\":\"admin\",\"visible\":\"1\"}','{\"msg\":\"操作成功\",\"code\":200}',0,NULL,'2022-11-16 00:38:43'),(108,'菜单管理',2,'com.ruoyi.web.controller.system.SysMenuController.edit()','PUT',1,'admin',NULL,'/system/menu','127.0.0.1','内网IP','{\"children\":[],\"component\":\"system/post/index\",\"createTime\":\"2022-11-15 17:25:36\",\"icon\":\"post\",\"isCache\":\"0\",\"isFrame\":\"1\",\"menuId\":104,\"menuName\":\"岗位管理\",\"menuType\":\"C\",\"orderNum\":5,\"parentId\":1,\"path\":\"post\",\"perms\":\"system:post:list\",\"query\":\"\",\"status\":\"0\",\"updateBy\":\"admin\",\"visible\":\"1\"}','{\"msg\":\"操作成功\",\"code\":200}',0,NULL,'2022-11-16 00:39:01'),(109,'菜单管理',2,'com.ruoyi.web.controller.system.SysMenuController.edit()','PUT',1,'admin',NULL,'/system/menu','127.0.0.1','内网IP','{\"children\":[],\"component\":\"system/dict/index\",\"createTime\":\"2022-11-15 17:25:36\",\"icon\":\"dict\",\"isCache\":\"0\",\"isFrame\":\"1\",\"menuId\":105,\"menuName\":\"字典管理\",\"menuType\":\"C\",\"orderNum\":6,\"parentId\":1,\"path\":\"dict\",\"perms\":\"system:dict:list\",\"query\":\"\",\"status\":\"0\",\"updateBy\":\"admin\",\"visible\":\"1\"}','{\"msg\":\"操作成功\",\"code\":200}',0,NULL,'2022-11-16 00:40:36'),(110,'菜单管理',2,'com.ruoyi.web.controller.system.SysMenuController.edit()','PUT',1,'admin',NULL,'/system/menu','127.0.0.1','内网IP','{\"children\":[],\"component\":\"system/config/index\",\"createTime\":\"2022-11-15 17:25:36\",\"icon\":\"edit\",\"isCache\":\"0\",\"isFrame\":\"1\",\"menuId\":106,\"menuName\":\"参数设置\",\"menuType\":\"C\",\"orderNum\":7,\"parentId\":1,\"path\":\"config\",\"perms\":\"system:config:list\",\"query\":\"\",\"status\":\"0\",\"updateBy\":\"admin\",\"visible\":\"1\"}','{\"msg\":\"操作成功\",\"code\":200}',0,NULL,'2022-11-16 00:40:41'),(111,'角色管理',2,'com.tq.web.controller.system.SysRoleController.edit()','PUT',1,'admin',NULL,'/system/role','127.0.0.1','内网IP','{\"admin\":false,\"createTime\":\"2022-11-15 17:25:36\",\"dataScope\":\"2\",\"delFlag\":\"0\",\"deptCheckStrictly\":true,\"flag\":false,\"menuCheckStrictly\":true,\"menuIds\":[1,100,1000,1001,1002,1003,1004,1005,1006,101,1007,1008,1009,1010,1011,102,1012,1013,1014,1015,103,1016,1017,1018,1019,104,1020,1021,1022,1023,1024,105,1025,1026,1027,1028,1029,106,1030,1031,1032,1033,1034,107,1035,1036,1037,1038,108,500,1039,1040,1041,501,1042,1043,1044,1045,2,109,1046,1047,1048,110,1049,1050,1051,1052,1053,1054,111,112,113,114,3,2048,2049,2050,2051,2052,2053,2054,2055,2056,2057,2058,2059,2060,2061,2062,2063,2064,2065,115,2000,2001,2002,2003,2004,2005,2006,2007,2008,2009,2010,2011,2012,2013,2014,2015,2016,2017,2018,2019,2020,2021,2022,2023,2024,2025,2026,2027,2028,2029,2030,2031,2032,2033,2034,2035,2036,2037,2038,2039,2040,2041,2042,2043,2044,2045,2046,2047,116,1055,1056,1057,1058,1059,1060,117],\"remark\":\"普通角色\",\"roleId\":2,\"roleKey\":\"common\",\"roleName\":\"普通角色\",\"roleSort\":\"2\",\"status\":\"0\",\"updateBy\":\"admin\"}','{\"msg\":\"操作成功\",\"code\":200}',0,NULL,'2022-11-22 20:27:44'),(112,'菜单管理',2,'com.tq.web.controller.system.SysMenuController.edit()','PUT',1,'admin',NULL,'/system/menu','127.0.0.1','内网IP','{\"children\":[],\"component\":\"system/student/index\",\"createTime\":\"2022-11-22 13:17:41\",\"icon\":\"#\",\"isCache\":\"0\",\"isFrame\":\"1\",\"menuId\":2054,\"menuName\":\"学生管理\",\"menuType\":\"M\",\"orderNum\":1,\"path\":\"student\",\"perms\":\"system:student:list\",\"status\":\"0\",\"updateBy\":\"admin\",\"visible\":\"0\"}','{\"msg\":\"操作成功\",\"code\":200}',0,NULL,'2022-11-22 22:19:17'),(113,'菜单管理',2,'com.tq.web.controller.system.SysMenuController.edit()','PUT',1,'admin',NULL,'/system/menu','127.0.0.1','内网IP','{\"children\":[],\"component\":\"system/student/index\",\"createTime\":\"2022-11-22 13:17:41\",\"icon\":\"#\",\"isCache\":\"0\",\"isFrame\":\"1\",\"menuId\":2054,\"menuName\":\"学生管理\",\"menuType\":\"M\",\"orderNum\":1,\"parentId\":0,\"path\":\"student\",\"perms\":\"system:student:list\",\"status\":\"0\",\"updateBy\":\"admin\",\"visible\":\"0\"}','{\"msg\":\"操作成功\",\"code\":200}',0,NULL,'2022-11-22 22:19:37'),(114,'菜单管理',2,'com.tq.web.controller.system.SysMenuController.edit()','PUT',1,'admin',NULL,'/system/menu','127.0.0.1','内网IP','{\"children\":[],\"createTime\":\"2022-11-15 17:25:36\",\"icon\":\"monitor\",\"isCache\":\"0\",\"isFrame\":\"1\",\"menuId\":2,\"menuName\":\"系统监控\",\"menuType\":\"M\",\"orderNum\":2,\"parentId\":0,\"path\":\"monitor\",\"perms\":\"\",\"query\":\"\",\"status\":\"1\",\"updateBy\":\"admin\",\"visible\":\"1\"}','{\"msg\":\"操作成功\",\"code\":200}',0,NULL,'2022-11-22 22:20:13'),(115,'菜单管理',1,'com.tq.web.controller.system.SysMenuController.add()','POST',1,'admin',NULL,'/system/menu','127.0.0.1','内网IP','{\"children\":[],\"createBy\":\"admin\",\"icon\":\"people\",\"isCache\":\"0\",\"isFrame\":\"1\",\"menuName\":\"学校基础配置管理\",\"menuType\":\"M\",\"orderNum\":0,\"parentId\":0,\"path\":\"base\",\"status\":\"0\",\"visible\":\"0\"}','{\"msg\":\"操作成功\",\"code\":200}',0,NULL,'2022-11-22 22:21:25'),(116,'菜单管理',2,'com.tq.web.controller.system.SysMenuController.edit()','PUT',1,'admin',NULL,'/system/menu','127.0.0.1','内网IP','{\"children\":[],\"createTime\":\"2022-11-22 22:21:25\",\"icon\":\"people\",\"isCache\":\"0\",\"isFrame\":\"1\",\"menuId\":2066,\"menuName\":\"学校基础配置管理\",\"menuType\":\"M\",\"orderNum\":2,\"parentId\":0,\"path\":\"base\",\"perms\":\"\",\"status\":\"0\",\"updateBy\":\"admin\",\"visible\":\"0\"}','{\"msg\":\"操作成功\",\"code\":200}',0,NULL,'2022-11-22 22:21:37'),(117,'菜单管理',1,'com.tq.web.controller.system.SysMenuController.add()','POST',1,'admin',NULL,'/system/menu','127.0.0.1','内网IP','{\"children\":[],\"createBy\":\"admin\",\"icon\":\"people\",\"isCache\":\"0\",\"isFrame\":\"1\",\"menuName\":\"数据统计\",\"menuType\":\"M\",\"orderNum\":4,\"parentId\":0,\"path\":\"dataStatistics\",\"status\":\"0\",\"visible\":\"0\"}','{\"msg\":\"操作成功\",\"code\":200}',0,NULL,'2022-11-22 22:23:55'),(118,'菜单管理',2,'com.tq.web.controller.system.SysMenuController.edit()','PUT',1,'admin',NULL,'/system/menu','127.0.0.1','内网IP','{\"children\":[],\"createTime\":\"2022-11-15 17:25:36\",\"icon\":\"tool\",\"isCache\":\"0\",\"isFrame\":\"1\",\"menuId\":3,\"menuName\":\"系统工具\",\"menuType\":\"M\",\"orderNum\":2,\"parentId\":0,\"path\":\"tool\",\"perms\":\"\",\"query\":\"\",\"status\":\"0\",\"updateBy\":\"admin\",\"visible\":\"0\"}','{\"msg\":\"操作成功\",\"code\":200}',0,NULL,'2022-11-22 22:24:07'),(119,'菜单管理',2,'com.tq.web.controller.system.SysMenuController.edit()','PUT',1,'admin',NULL,'/system/menu','127.0.0.1','内网IP','{\"children\":[],\"component\":\"system/class/index\",\"createTime\":\"2022-11-22 13:14:57\",\"icon\":\"#\",\"isCache\":\"0\",\"isFrame\":\"1\",\"menuId\":2024,\"menuName\":\"班级管理\",\"menuType\":\"C\",\"orderNum\":1,\"parentId\":2066,\"path\":\"class\",\"perms\":\"system:class:list\",\"status\":\"0\",\"updateBy\":\"admin\",\"visible\":\"0\"}','{\"msg\":\"操作成功\",\"code\":200}',0,NULL,'2022-11-22 22:26:05'),(120,'菜单管理',2,'com.tq.web.controller.system.SysMenuController.edit()','PUT',1,'admin',NULL,'/system/menu','127.0.0.1','内网IP','{\"children\":[],\"component\":\"system/teacher/index\",\"createTime\":\"2022-11-15 23:56:39\",\"icon\":\"#\",\"isCache\":\"0\",\"isFrame\":\"1\",\"menuId\":2000,\"menuName\":\"教师管理\",\"menuType\":\"C\",\"orderNum\":0,\"parentId\":2066,\"path\":\"teacher\",\"perms\":\"system:teacher:list\",\"status\":\"0\",\"updateBy\":\"admin\",\"visible\":\"0\"}','{\"msg\":\"操作成功\",\"code\":200}',0,NULL,'2022-11-22 22:26:30'),(121,'菜单管理',2,'com.tq.web.controller.system.SysMenuController.edit()','PUT',1,'admin',NULL,'/system/menu','127.0.0.1','内网IP','{\"children\":[],\"component\":\"system/department/index\",\"createTime\":\"2022-11-22 13:16:23\",\"icon\":\"#\",\"isCache\":\"0\",\"isFrame\":\"1\",\"menuId\":2036,\"menuName\":\"院系管理\",\"menuType\":\"C\",\"orderNum\":2,\"parentId\":2066,\"path\":\"department\",\"perms\":\"system:department:list\",\"status\":\"0\",\"updateBy\":\"admin\",\"visible\":\"0\"}','{\"msg\":\"操作成功\",\"code\":200}',0,NULL,'2022-11-22 22:27:01'),(122,'菜单管理',2,'com.tq.web.controller.system.SysMenuController.edit()','PUT',1,'admin',NULL,'/system/menu','127.0.0.1','内网IP','{\"children\":[],\"component\":\"system/major/index\",\"createTime\":\"2022-11-22 13:16:51\",\"icon\":\"#\",\"isCache\":\"0\",\"isFrame\":\"1\",\"menuId\":2042,\"menuName\":\"专业管理\",\"menuType\":\"C\",\"orderNum\":3,\"parentId\":2066,\"path\":\"major\",\"perms\":\"system:major:list\",\"status\":\"0\",\"updateBy\":\"admin\",\"visible\":\"0\"}','{\"msg\":\"操作成功\",\"code\":200}',0,NULL,'2022-11-22 22:27:51'),(123,'菜单管理',2,'com.tq.web.controller.system.SysMenuController.edit()','PUT',1,'admin',NULL,'/system/menu','127.0.0.1','内网IP','{\"children\":[],\"component\":\"system/score/index\",\"createTime\":\"2022-11-22 13:17:23\",\"icon\":\"#\",\"isCache\":\"0\",\"isFrame\":\"1\",\"menuId\":2048,\"menuName\":\"课程信息管理\",\"menuType\":\"C\",\"orderNum\":1,\"parentId\":0,\"path\":\"score\",\"perms\":\"system:score:list\",\"status\":\"0\",\"updateBy\":\"admin\",\"visible\":\"0\"}','{\"msg\":\"操作成功\",\"code\":200}',0,NULL,'2022-11-22 22:29:10'),(124,'菜单管理',3,'com.tq.web.controller.system.SysMenuController.remove()','DELETE',1,'admin',NULL,'/system/menu/2000','127.0.0.1','内网IP','{menuId=2000}','{\"msg\":\"存在子菜单,不允许删除\",\"code\":601}',0,NULL,'2022-11-22 22:31:12'),(125,'菜单管理',3,'com.tq.web.controller.system.SysMenuController.remove()','DELETE',1,'admin',NULL,'/system/menu/2001','127.0.0.1','内网IP','{menuId=2001}','{\"msg\":\"菜单已分配,不允许删除\",\"code\":601}',0,NULL,'2022-11-22 22:31:21'),(126,'角色管理',2,'com.tq.web.controller.system.SysRoleController.edit()','PUT',1,'admin',NULL,'/system/role','127.0.0.1','内网IP','{\"admin\":false,\"createTime\":\"2022-11-15 17:25:36\",\"dataScope\":\"2\",\"delFlag\":\"0\",\"deptCheckStrictly\":true,\"flag\":false,\"menuCheckStrictly\":true,\"menuIds\":[],\"remark\":\"普通角色\",\"roleId\":2,\"roleKey\":\"common\",\"roleName\":\"普通角色\",\"roleSort\":\"2\",\"status\":\"0\",\"updateBy\":\"admin\"}','{\"msg\":\"操作成功\",\"code\":200}',0,NULL,'2022-11-22 22:31:37'),(127,'菜单管理',3,'com.tq.web.controller.system.SysMenuController.remove()','DELETE',1,'admin',NULL,'/system/menu/2001','127.0.0.1','内网IP','{menuId=2001}','{\"msg\":\"操作成功\",\"code\":200}',0,NULL,'2022-11-22 22:32:04'),(128,'菜单管理',3,'com.tq.web.controller.system.SysMenuController.remove()','DELETE',1,'admin',NULL,'/system/menu/2002','127.0.0.1','内网IP','{menuId=2002}','{\"msg\":\"操作成功\",\"code\":200}',0,NULL,'2022-11-22 22:32:10'),(129,'菜单管理',3,'com.tq.web.controller.system.SysMenuController.remove()','DELETE',1,'admin',NULL,'/system/menu/2003','127.0.0.1','内网IP','{menuId=2003}','{\"msg\":\"操作成功\",\"code\":200}',0,NULL,'2022-11-22 22:32:12'),(130,'菜单管理',3,'com.tq.web.controller.system.SysMenuController.remove()','DELETE',1,'admin',NULL,'/system/menu/2004','127.0.0.1','内网IP','{menuId=2004}','{\"msg\":\"操作成功\",\"code\":200}',0,NULL,'2022-11-22 22:32:15'),(131,'菜单管理',3,'com.tq.web.controller.system.SysMenuController.remove()','DELETE',1,'admin',NULL,'/system/menu/2005','127.0.0.1','内网IP','{menuId=2005}','{\"msg\":\"操作成功\",\"code\":200}',0,NULL,'2022-11-22 22:32:17'),(132,'菜单管理',3,'com.tq.web.controller.system.SysMenuController.remove()','DELETE',1,'admin',NULL,'/system/menu/2000','127.0.0.1','内网IP','{menuId=2000}','{\"msg\":\"操作成功\",\"code\":200}',0,NULL,'2022-11-22 22:32:20'),(133,'菜单管理',2,'com.tq.web.controller.system.SysMenuController.edit()','PUT',1,'admin',NULL,'/system/menu','127.0.0.1','内网IP','{\"children\":[],\"component\":\"system/teacher/index\",\"createTime\":\"2022-11-22 13:18:08\",\"icon\":\"#\",\"isCache\":\"0\",\"isFrame\":\"1\",\"menuId\":2060,\"menuName\":\"教师管理\",\"menuType\":\"C\",\"orderNum\":0,\"parentId\":2066,\"path\":\"teacher\",\"perms\":\"system:teacher:list\",\"status\":\"0\",\"updateBy\":\"admin\",\"visible\":\"0\"}','{\"msg\":\"操作成功\",\"code\":200}',0,NULL,'2022-11-22 22:32:36'),(134,'菜单管理',3,'com.tq.web.controller.system.SysMenuController.remove()','DELETE',1,'admin',NULL,'/system/menu/2006','127.0.0.1','内网IP','{menuId=2006}','{\"msg\":\"存在子菜单,不允许删除\",\"code\":601}',0,NULL,'2022-11-22 22:32:48'),(135,'菜单管理',3,'com.tq.web.controller.system.SysMenuController.remove()','DELETE',1,'admin',NULL,'/system/menu/2011','127.0.0.1','内网IP','{menuId=2011}','{\"msg\":\"操作成功\",\"code\":200}',0,NULL,'2022-11-22 22:32:54'),(136,'菜单管理',3,'com.tq.web.controller.system.SysMenuController.remove()','DELETE',1,'admin',NULL,'/system/menu/2010','127.0.0.1','内网IP','{menuId=2010}','{\"msg\":\"操作成功\",\"code\":200}',0,NULL,'2022-11-22 22:32:57'),(137,'菜单管理',3,'com.tq.web.controller.system.SysMenuController.remove()','DELETE',1,'admin',NULL,'/system/menu/2009','127.0.0.1','内网IP','{menuId=2009}','{\"msg\":\"操作成功\",\"code\":200}',0,NULL,'2022-11-22 22:33:00'),(138,'菜单管理',3,'com.tq.web.controller.system.SysMenuController.remove()','DELETE',1,'admin',NULL,'/system/menu/2008','127.0.0.1','内网IP','{menuId=2008}','{\"msg\":\"操作成功\",\"code\":200}',0,NULL,'2022-11-22 22:33:03'),(139,'菜单管理',3,'com.tq.web.controller.system.SysMenuController.remove()','DELETE',1,'admin',NULL,'/system/menu/2007','127.0.0.1','内网IP','{menuId=2007}','{\"msg\":\"操作成功\",\"code\":200}',0,NULL,'2022-11-22 22:33:05'),(140,'菜单管理',3,'com.tq.web.controller.system.SysMenuController.remove()','DELETE',1,'admin',NULL,'/system/menu/2006','127.0.0.1','内网IP','{menuId=2006}','{\"msg\":\"操作成功\",\"code\":200}',0,NULL,'2022-11-22 22:33:09'),(141,'菜单管理',3,'com.tq.web.controller.system.SysMenuController.remove()','DELETE',1,'admin',NULL,'/system/menu/2023','127.0.0.1','内网IP','{menuId=2023}','{\"msg\":\"操作成功\",\"code\":200}',0,NULL,'2022-11-22 22:33:50'),(142,'菜单管理',3,'com.tq.web.controller.system.SysMenuController.remove()','DELETE',1,'admin',NULL,'/system/menu/2022','127.0.0.1','内网IP','{menuId=2022}','{\"msg\":\"操作成功\",\"code\":200}',0,NULL,'2022-11-22 22:33:52'),(143,'菜单管理',3,'com.tq.web.controller.system.SysMenuController.remove()','DELETE',1,'admin',NULL,'/system/menu/2021','127.0.0.1','内网IP','{menuId=2021}','{\"msg\":\"操作成功\",\"code\":200}',0,NULL,'2022-11-22 22:33:55'),(144,'菜单管理',3,'com.tq.web.controller.system.SysMenuController.remove()','DELETE',1,'admin',NULL,'/system/menu/2020','127.0.0.1','内网IP','{menuId=2020}','{\"msg\":\"操作成功\",\"code\":200}',0,NULL,'2022-11-22 22:33:57'),(145,'菜单管理',3,'com.tq.web.controller.system.SysMenuController.remove()','DELETE',1,'admin',NULL,'/system/menu/2019','127.0.0.1','内网IP','{menuId=2019}','{\"msg\":\"操作成功\",\"code\":200}',0,NULL,'2022-11-22 22:34:00'),(146,'菜单管理',3,'com.tq.web.controller.system.SysMenuController.remove()','DELETE',1,'admin',NULL,'/system/menu/2018','127.0.0.1','内网IP','{menuId=2018}','{\"msg\":\"操作成功\",\"code\":200}',0,NULL,'2022-11-22 22:34:04'),(147,'菜单管理',3,'com.tq.web.controller.system.SysMenuController.remove()','DELETE',1,'admin',NULL,'/system/menu/2013','127.0.0.1','内网IP','{menuId=2013}','{\"msg\":\"操作成功\",\"code\":200}',0,NULL,'2022-11-22 22:34:13'),(148,'菜单管理',3,'com.tq.web.controller.system.SysMenuController.remove()','DELETE',1,'admin',NULL,'/system/menu/2014','127.0.0.1','内网IP','{menuId=2014}','{\"msg\":\"操作成功\",\"code\":200}',0,NULL,'2022-11-22 22:34:16'),(149,'菜单管理',3,'com.tq.web.controller.system.SysMenuController.remove()','DELETE',1,'admin',NULL,'/system/menu/2015','127.0.0.1','内网IP','{menuId=2015}','{\"msg\":\"操作成功\",\"code\":200}',0,NULL,'2022-11-22 22:34:18'),(150,'菜单管理',3,'com.tq.web.controller.system.SysMenuController.remove()','DELETE',1,'admin',NULL,'/system/menu/2016','127.0.0.1','内网IP','{menuId=2016}','{\"msg\":\"操作成功\",\"code\":200}',0,NULL,'2022-11-22 22:34:21'),(151,'菜单管理',3,'com.tq.web.controller.system.SysMenuController.remove()','DELETE',1,'admin',NULL,'/system/menu/2017','127.0.0.1','内网IP','{menuId=2017}','{\"msg\":\"操作成功\",\"code\":200}',0,NULL,'2022-11-22 22:34:25'),(152,'菜单管理',3,'com.tq.web.controller.system.SysMenuController.remove()','DELETE',1,'admin',NULL,'/system/menu/2012','127.0.0.1','内网IP','{menuId=2012}','{\"msg\":\"操作成功\",\"code\":200}',0,NULL,'2022-11-22 22:34:28'),(153,'菜单管理',2,'com.tq.web.controller.system.SysMenuController.edit()','PUT',1,'admin',NULL,'/system/menu','127.0.0.1','内网IP','{\"children\":[],\"createTime\":\"2022-11-15 17:25:36\",\"icon\":\"tool\",\"isCache\":\"0\",\"isFrame\":\"1\",\"menuId\":3,\"menuName\":\"系统工具\",\"menuType\":\"M\",\"orderNum\":2,\"parentId\":0,\"path\":\"tool\",\"perms\":\"\",\"query\":\"\",\"status\":\"1\",\"updateBy\":\"admin\",\"visible\":\"0\"}','{\"msg\":\"操作成功\",\"code\":200}',0,NULL,'2022-11-22 22:35:17'),(154,'菜单管理',2,'com.tq.web.controller.system.SysMenuController.edit()','PUT',1,'admin',NULL,'/system/menu','127.0.0.1','内网IP','{\"children\":[],\"createTime\":\"2022-11-15 17:25:36\",\"icon\":\"tool\",\"isCache\":\"0\",\"isFrame\":\"1\",\"menuId\":3,\"menuName\":\"系统工具\",\"menuType\":\"M\",\"orderNum\":2,\"parentId\":0,\"path\":\"tool\",\"perms\":\"\",\"query\":\"\",\"status\":\"0\",\"updateBy\":\"admin\",\"visible\":\"0\"}','{\"msg\":\"操作成功\",\"code\":200}',0,NULL,'2022-11-22 22:35:24'),(155,'菜单管理',2,'com.tq.web.controller.system.SysMenuController.edit()','PUT',1,'admin',NULL,'/system/menu','127.0.0.1','内网IP','{\"children\":[],\"component\":\"tool/build/index\",\"createTime\":\"2022-11-15 17:25:36\",\"icon\":\"build\",\"isCache\":\"0\",\"isFrame\":\"1\",\"menuId\":115,\"menuName\":\"表单构建\",\"menuType\":\"C\",\"orderNum\":1,\"parentId\":3,\"path\":\"build\",\"perms\":\"tool:build:list\",\"query\":\"\",\"status\":\"0\",\"updateBy\":\"admin\",\"visible\":\"1\"}','{\"msg\":\"操作成功\",\"code\":200}',0,NULL,'2022-11-22 22:35:34'),(156,'菜单管理',2,'com.tq.web.controller.system.SysMenuController.edit()','PUT',1,'admin',NULL,'/system/menu','127.0.0.1','内网IP','{\"children\":[],\"component\":\"tool/gen/index\",\"createTime\":\"2022-11-15 17:25:36\",\"icon\":\"code\",\"isCache\":\"0\",\"isFrame\":\"1\",\"menuId\":116,\"menuName\":\"代码生成\",\"menuType\":\"C\",\"orderNum\":2,\"parentId\":3,\"path\":\"gen\",\"perms\":\"tool:gen:list\",\"query\":\"\",\"status\":\"0\",\"updateBy\":\"admin\",\"visible\":\"1\"}','{\"msg\":\"操作成功\",\"code\":200}',0,NULL,'2022-11-22 22:35:42'),(157,'菜单管理',2,'com.tq.web.controller.system.SysMenuController.edit()','PUT',1,'admin',NULL,'/system/menu','127.0.0.1','内网IP','{\"children\":[],\"component\":\"system/course/index\",\"createTime\":\"2022-11-22 13:15:40\",\"icon\":\"#\",\"isCache\":\"0\",\"isFrame\":\"1\",\"menuId\":2030,\"menuName\":\"课程管理\",\"menuType\":\"C\",\"orderNum\":3,\"parentId\":0,\"path\":\"course\",\"perms\":\"system:course:list\",\"status\":\"0\",\"updateBy\":\"admin\",\"visible\":\"0\"}','{\"msg\":\"操作成功\",\"code\":200}',0,NULL,'2022-11-22 22:36:10'),(158,'菜单管理',2,'com.tq.web.controller.system.SysMenuController.edit()','PUT',1,'admin',NULL,'/system/menu','127.0.0.1','内网IP','{\"children\":[],\"component\":\"system/score/index\",\"createTime\":\"2022-11-22 13:17:23\",\"icon\":\"#\",\"isCache\":\"0\",\"isFrame\":\"1\",\"menuId\":2048,\"menuName\":\"课程信息管理\",\"menuType\":\"C\",\"orderNum\":1,\"parentId\":2030,\"path\":\"score\",\"perms\":\"system:score:list\",\"status\":\"0\",\"updateBy\":\"admin\",\"visible\":\"0\"}','{\"msg\":\"操作成功\",\"code\":200}',0,NULL,'2022-11-22 22:36:31'),(159,'菜单管理',1,'com.tq.web.controller.system.SysMenuController.add()','POST',1,'admin',NULL,'/system/menu','127.0.0.1','内网IP','{\"children\":[],\"createBy\":\"admin\",\"icon\":\"date-range\",\"isCache\":\"0\",\"isFrame\":\"1\",\"menuName\":\"学生个人成绩数据分析\",\"menuType\":\"M\",\"orderNum\":0,\"parentId\":2067,\"path\":\"stuDataAnalyse\",\"status\":\"0\",\"visible\":\"0\"}','{\"msg\":\"操作成功\",\"code\":200}',0,NULL,'2022-11-22 22:37:43'),(160,'菜单管理',2,'com.tq.web.controller.system.SysMenuController.edit()','PUT',1,'admin',NULL,'/system/menu','127.0.0.1','内网IP','{\"children\":[],\"createTime\":\"2022-11-22 22:37:43\",\"icon\":\"date-range\",\"isCache\":\"0\",\"isFrame\":\"1\",\"menuId\":2068,\"menuName\":\"学生成绩数据分析\",\"menuType\":\"M\",\"orderNum\":0,\"parentId\":2067,\"path\":\"stuDataAnalyse\",\"perms\":\"\",\"status\":\"0\",\"updateBy\":\"admin\",\"visible\":\"0\"}','{\"msg\":\"操作成功\",\"code\":200}',0,NULL,'2022-11-22 22:37:56'),(161,'菜单管理',1,'com.tq.web.controller.system.SysMenuController.add()','POST',1,'admin',NULL,'/system/menu','127.0.0.1','内网IP','{\"children\":[],\"createBy\":\"admin\",\"icon\":\"date-range\",\"isCache\":\"0\",\"isFrame\":\"1\",\"menuName\":\"课程成绩数据分析\",\"menuType\":\"M\",\"orderNum\":1,\"parentId\":2067,\"path\":\"scoreAnalyse\",\"status\":\"0\",\"visible\":\"0\"}','{\"msg\":\"操作成功\",\"code\":200}',0,NULL,'2022-11-22 22:39:20'),(162,'菜单管理',2,'com.tq.web.controller.system.SysMenuController.edit()','PUT',1,'admin',NULL,'/system/menu','127.0.0.1','内网IP','{\"children\":[],\"createTime\":\"2022-11-22 22:37:43\",\"icon\":\"date-range\",\"isCache\":\"0\",\"isFrame\":\"1\",\"menuId\":2068,\"menuName\":\"学生成绩数据分析\",\"menuType\":\"M\",\"orderNum\":0,\"parentId\":2067,\"path\":\"stuAnalyse\",\"perms\":\"\",\"status\":\"0\",\"updateBy\":\"admin\",\"visible\":\"0\"}','{\"msg\":\"操作成功\",\"code\":200}',0,NULL,'2022-11-22 22:39:31'),(163,'角色管理',2,'com.tq.web.controller.system.SysRoleController.edit()','PUT',1,'admin',NULL,'/system/role','127.0.0.1','内网IP','{\"admin\":false,\"createTime\":\"2022-11-15 17:25:36\",\"dataScope\":\"2\",\"delFlag\":\"0\",\"deptCheckStrictly\":true,\"flag\":false,\"menuCheckStrictly\":true,\"menuIds\":[1,100,1000,1001,1002,1003,1004,1005,1006,101,1007,1008,1009,1010,1011,102,1012,1013,1014,1015,103,1016,1017,1018,1019,104,1020,1021,1022,1023,1024,105,1025,1026,1027,1028,1029,106,1030,1031,1032,1033,1034,107,1035,1036,1037,1038,108,500,1039,1040,1041,501,1042,1043,1044,1045,2054,2055,2056,2057,2058,2059,2,109,1046,1047,1048,110,1049,1050,1051,1052,1053,1054,111,112,113,114,3,115,116,1055,1056,1057,1058,1059,1060,117,2066,2060,2061,2062,2063,2064,2065,2024,2025,2026,2027,2028,2029,2036,2037,2038,2039,2040,2041,2042,2043,2044,2045,2046,2047,2030,2048,2049,2050,2051,2052,2053,2031,2032,2033,2034,2035,2067,2068,2069],\"remark\":\"普通角色\",\"roleId\":2,\"roleKey\":\"common\",\"roleName\":\"普通角色\",\"roleSort\":\"2\",\"status\":\"0\",\"updateBy\":\"admin\"}','{\"msg\":\"操作成功\",\"code\":200}',0,NULL,'2022-11-22 22:39:41'),(164,'菜单管理',2,'com.tq.web.controller.system.SysMenuController.edit()','PUT',1,'admin',NULL,'/system/menu','127.0.0.1','内网IP','{\"children\":[],\"component\":\"system/student/index\",\"createTime\":\"2022-11-22 13:17:41\",\"icon\":\"#\",\"isCache\":\"0\",\"isFrame\":\"1\",\"menuId\":2054,\"menuName\":\"学生管理\",\"menuType\":\"M\",\"orderNum\":2,\"parentId\":0,\"path\":\"student\",\"perms\":\"system:student:list\",\"status\":\"0\",\"updateBy\":\"admin\",\"visible\":\"0\"}','{\"msg\":\"操作成功\",\"code\":200}',0,NULL,'2022-11-22 22:40:36'),(165,'菜单管理',2,'com.tq.web.controller.system.SysMenuController.edit()','PUT',1,'admin',NULL,'/system/menu','127.0.0.1','内网IP','{\"children\":[],\"createTime\":\"2022-11-15 17:25:36\",\"icon\":\"system\",\"isCache\":\"0\",\"isFrame\":\"1\",\"menuId\":1,\"menuName\":\"系统管理\",\"menuType\":\"M\",\"orderNum\":0,\"parentId\":0,\"path\":\"system\",\"perms\":\"\",\"query\":\"\",\"status\":\"0\",\"updateBy\":\"admin\",\"visible\":\"0\"}','{\"msg\":\"操作成功\",\"code\":200}',0,NULL,'2022-11-22 22:40:48'),(166,'菜单管理',2,'com.tq.web.controller.system.SysMenuController.edit()','PUT',1,'admin',NULL,'/system/menu','127.0.0.1','内网IP','{\"children\":[],\"createTime\":\"2022-11-15 17:25:36\",\"icon\":\"monitor\",\"isCache\":\"0\",\"isFrame\":\"1\",\"menuId\":2,\"menuName\":\"系统监控\",\"menuType\":\"M\",\"orderNum\":1,\"parentId\":0,\"path\":\"monitor\",\"perms\":\"\",\"query\":\"\",\"status\":\"1\",\"updateBy\":\"admin\",\"visible\":\"1\"}','{\"msg\":\"操作成功\",\"code\":200}',0,NULL,'2022-11-22 22:40:55'),(167,'菜单管理',2,'com.tq.web.controller.system.SysMenuController.edit()','PUT',1,'admin',NULL,'/system/menu','127.0.0.1','内网IP','{\"children\":[],\"createTime\":\"2022-11-15 17:25:36\",\"icon\":\"tool\",\"isCache\":\"0\",\"isFrame\":\"1\",\"menuId\":3,\"menuName\":\"系统工具\",\"menuType\":\"M\",\"orderNum\":1,\"parentId\":0,\"path\":\"tool\",\"perms\":\"\",\"query\":\"\",\"status\":\"0\",\"updateBy\":\"admin\",\"visible\":\"0\"}','{\"msg\":\"操作成功\",\"code\":200}',0,NULL,'2022-11-22 22:40:59'),(168,'菜单管理',2,'com.tq.web.controller.system.SysMenuController.edit()','PUT',1,'admin',NULL,'/system/menu','127.0.0.1','内网IP','{\"children\":[],\"component\":\"system/student/index\",\"createTime\":\"2022-11-22 13:17:41\",\"icon\":\"#\",\"isCache\":\"0\",\"isFrame\":\"1\",\"menuId\":2054,\"menuName\":\"学生管理\",\"menuType\":\"C\",\"orderNum\":2,\"parentId\":0,\"path\":\"student\",\"perms\":\"system:student:list\",\"status\":\"0\",\"updateBy\":\"admin\",\"visible\":\"0\"}','{\"msg\":\"操作成功\",\"code\":200}',0,NULL,'2022-11-22 22:42:19'),(169,'菜单管理',2,'com.tq.web.controller.system.SysMenuController.edit()','PUT',1,'admin',NULL,'/system/menu','127.0.0.1','内网IP','{\"children\":[],\"component\":\"system/course/index\",\"createTime\":\"2022-11-22 13:15:40\",\"icon\":\"#\",\"isCache\":\"0\",\"isFrame\":\"1\",\"menuId\":2030,\"menuName\":\"课程1管理\",\"menuType\":\"C\",\"orderNum\":3,\"parentId\":0,\"path\":\"course\",\"perms\":\"system:course:list\",\"status\":\"0\",\"updateBy\":\"admin\",\"visible\":\"0\"}','{\"msg\":\"操作成功\",\"code\":200}',0,NULL,'2022-11-22 22:44:20'),(170,'菜单管理',1,'com.tq.web.controller.system.SysMenuController.add()','POST',1,'admin',NULL,'/system/menu','127.0.0.1','内网IP','{\"children\":[],\"createBy\":\"admin\",\"icon\":\"education\",\"isCache\":\"0\",\"isFrame\":\"1\",\"menuName\":\"课程管理\",\"menuType\":\"M\",\"orderNum\":3,\"parentId\":0,\"path\":\"system\",\"status\":\"0\",\"visible\":\"0\"}','{\"msg\":\"操作成功\",\"code\":200}',0,NULL,'2022-11-22 22:45:04'),(171,'菜单管理',2,'com.tq.web.controller.system.SysMenuController.edit()','PUT',1,'admin',NULL,'/system/menu','127.0.0.1','内网IP','{\"children\":[],\"createTime\":\"2022-11-22 22:45:04\",\"icon\":\"education\",\"isCache\":\"0\",\"isFrame\":\"1\",\"menuId\":2070,\"menuName\":\"课程管理\",\"menuType\":\"M\",\"orderNum\":3,\"parentId\":0,\"path\":\"course\",\"perms\":\"\",\"status\":\"0\",\"updateBy\":\"admin\",\"visible\":\"0\"}','{\"msg\":\"操作成功\",\"code\":200}',0,NULL,'2022-11-22 22:45:42'),(172,'菜单管理',2,'com.tq.web.controller.system.SysMenuController.edit()','PUT',1,'admin',NULL,'/system/menu','127.0.0.1','内网IP','{\"children\":[],\"component\":\"system/course/index\",\"createTime\":\"2022-11-22 13:15:40\",\"icon\":\"#\",\"isCache\":\"0\",\"isFrame\":\"1\",\"menuId\":2030,\"menuName\":\"课程管理\",\"menuType\":\"C\",\"orderNum\":3,\"parentId\":2070,\"path\":\"course\",\"perms\":\"system:course:list\",\"status\":\"0\",\"updateBy\":\"admin\",\"visible\":\"0\"}','{\"msg\":\"操作成功\",\"code\":200}',0,NULL,'2022-11-22 22:45:59'),(173,'菜单管理',2,'com.tq.web.controller.system.SysMenuController.edit()','PUT',1,'admin',NULL,'/system/menu','127.0.0.1','内网IP','{\"children\":[],\"component\":\"system/score/index\",\"createTime\":\"2022-11-22 13:17:23\",\"icon\":\"#\",\"isCache\":\"0\",\"isFrame\":\"1\",\"menuId\":2048,\"menuName\":\"课程信息管理\",\"menuType\":\"C\",\"orderNum\":1,\"parentId\":2070,\"path\":\"score\",\"perms\":\"system:score:list\",\"status\":\"0\",\"updateBy\":\"admin\",\"visible\":\"0\"}','{\"msg\":\"操作成功\",\"code\":200}',0,NULL,'2022-11-22 22:46:13'),(174,'菜单管理',2,'com.tq.web.controller.system.SysMenuController.edit()','PUT',1,'admin',NULL,'/system/menu','127.0.0.1','内网IP','{\"children\":[],\"component\":\"system/course/index\",\"createTime\":\"2022-11-22 13:15:40\",\"icon\":\"#\",\"isCache\":\"0\",\"isFrame\":\"1\",\"menuId\":2030,\"menuName\":\"课程管理\",\"menuType\":\"C\",\"orderNum\":2,\"parentId\":2070,\"path\":\"course\",\"perms\":\"system:course:list\",\"status\":\"0\",\"updateBy\":\"admin\",\"visible\":\"0\"}','{\"msg\":\"操作成功\",\"code\":200}',0,NULL,'2022-11-22 22:46:28'),(175,'菜单管理',2,'com.tq.web.controller.system.SysMenuController.edit()','PUT',1,'admin',NULL,'/system/menu','127.0.0.1','内网IP','{\"children\":[],\"createTime\":\"2022-11-15 17:25:36\",\"icon\":\"tool\",\"isCache\":\"0\",\"isFrame\":\"1\",\"menuId\":3,\"menuName\":\"系统工具\",\"menuType\":\"M\",\"orderNum\":1,\"parentId\":0,\"path\":\"tool\",\"perms\":\"\",\"query\":\"\",\"status\":\"0\",\"updateBy\":\"admin\",\"visible\":\"1\"}','{\"msg\":\"操作成功\",\"code\":200}',0,NULL,'2022-11-22 22:47:44'),(176,'个人信息',2,'com.tq.web.controller.system.SysProfileController.updateProfile()','PUT',1,'admin',NULL,'/system/user/profile','127.0.0.1','内网IP','{\"admin\":true,\"createBy\":\"admin\",\"createTime\":\"2022-11-15 17:25:35\",\"delFlag\":\"0\",\"dept\":{\"ancestors\":\"0,100,101\",\"children\":[],\"deptId\":103,\"deptName\":\"研发部门\",\"leader\":\"若依\",\"orderNum\":1,\"parentId\":101,\"status\":\"0\"},\"email\":\"ry@163.com\",\"loginDate\":\"2022-11-22 22:42:35\",\"loginIp\":\"127.0.0.1\",\"nickName\":\"若依\",\"phonenumber\":\"15888888888\",\"remark\":\"管理员\",\"roles\":[{\"admin\":true,\"dataScope\":\"1\",\"deptCheckStrictly\":false,\"flag\":false,\"menuCheckStrictly\":false,\"roleId\":1,\"roleKey\":\"admin\",\"roleName\":\"超级管理员\",\"roleSort\":\"1\",\"status\":\"0\"}],\"sex\":\"0\",\"status\":\"0\",\"userId\":1,\"userName\":\"admin\"}','{\"msg\":\"操作成功\",\"code\":200}',0,NULL,'2022-11-22 22:48:07'),(177,'菜单管理',2,'com.tq.web.controller.system.SysMenuController.edit()','PUT',1,'admin',NULL,'/system/menu','127.0.0.1','内网IP','{\"children\":[],\"component\":\"system/student/index\",\"createTime\":\"2022-11-22 13:17:41\",\"icon\":\"question\",\"isCache\":\"0\",\"isFrame\":\"1\",\"menuId\":2054,\"menuName\":\"学生管理\",\"menuType\":\"C\",\"orderNum\":2,\"parentId\":0,\"path\":\"student\",\"perms\":\"system:student:list\",\"status\":\"0\",\"updateBy\":\"admin\",\"visible\":\"0\"}','{\"msg\":\"操作成功\",\"code\":200}',0,NULL,'2022-11-22 22:49:35'),(178,'用户头像',2,'com.tq.web.controller.system.SysProfileController.avatar()','POST',1,'admin',NULL,'/system/user/profile/avatar','127.0.0.1','内网IP','','{\"msg\":\"操作成功\",\"imgUrl\":\"/profile/avatar/2022/11/22/blob_20221122225244A001.png\",\"code\":200}',0,NULL,'2022-11-22 22:52:44'),(179,'个人信息',2,'com.tq.web.controller.system.SysProfileController.updateProfile()','PUT',1,'admin',NULL,'/system/user/profile','127.0.0.1','内网IP','{\"admin\":true,\"createBy\":\"admin\",\"createTime\":\"2022-11-15 17:25:35\",\"delFlag\":\"0\",\"dept\":{\"ancestors\":\"0,100,101\",\"children\":[],\"deptId\":103,\"deptName\":\"研发部门\",\"leader\":\"若依\",\"orderNum\":1,\"parentId\":101,\"status\":\"0\"},\"email\":\"ry@163.com\",\"loginDate\":\"2022-11-22 22:42:35\",\"loginIp\":\"127.0.0.1\",\"nickName\":\"彭炜深\",\"phonenumber\":\"15888888888\",\"remark\":\"管理员\",\"roles\":[{\"admin\":true,\"dataScope\":\"1\",\"deptCheckStrictly\":false,\"flag\":false,\"menuCheckStrictly\":false,\"roleId\":1,\"roleKey\":\"admin\",\"roleName\":\"超级管理员\",\"roleSort\":\"1\",\"status\":\"0\"}],\"sex\":\"0\",\"status\":\"0\",\"userId\":1,\"userName\":\"admin\"}','{\"msg\":\"操作成功\",\"code\":200}',0,NULL,'2022-11-22 22:53:05'),(180,'个人信息',2,'com.tq.web.controller.system.SysProfileController.updatePwd()','PUT',1,'admin',NULL,'/system/user/profile/updatePwd','127.0.0.1','内网IP','\"admin123\" \"123456\"','{\"msg\":\"操作成功\",\"code\":200}',0,NULL,'2022-11-22 22:53:27'),(181,'用户管理',2,'com.tq.web.controller.system.SysUserController.edit()','PUT',1,'admin',NULL,'/system/user','127.0.0.1','内网IP','{\"admin\":false,\"avatar\":\"\",\"createBy\":\"admin\",\"createTime\":\"2022-11-15 17:25:35\",\"delFlag\":\"0\",\"dept\":{\"ancestors\":\"0,100,101\",\"children\":[],\"deptId\":105,\"deptName\":\"测试部门\",\"leader\":\"若依\",\"orderNum\":3,\"parentId\":101,\"status\":\"0\"},\"deptId\":105,\"email\":\"ry@qq.com\",\"loginDate\":\"2022-11-15 17:25:35\",\"loginIp\":\"127.0.0.1\",\"nickName\":\"李嘉伟\",\"phonenumber\":\"15666666666\",\"postIds\":[2],\"remark\":\"测试员\",\"roleIds\":[2],\"roles\":[{\"admin\":false,\"dataScope\":\"2\",\"deptCheckStrictly\":false,\"flag\":false,\"menuCheckStrictly\":false,\"roleId\":2,\"roleKey\":\"common\",\"roleName\":\"普通角色\",\"roleSort\":\"2\",\"status\":\"0\"}],\"sex\":\"0\",\"status\":\"0\",\"updateBy\":\"admin\",\"userId\":2,\"userName\":\"ry\"}','{\"msg\":\"操作成功\",\"code\":200}',0,NULL,'2022-11-22 22:54:06'),(182,'用户管理',2,'com.tq.web.controller.system.SysUserController.resetPwd()','PUT',1,'admin',NULL,'/system/user/resetPwd','127.0.0.1','内网IP','{\"admin\":false,\"updateBy\":\"admin\",\"userId\":2}','{\"msg\":\"操作成功\",\"code\":200}',0,NULL,'2022-11-22 22:54:22'),(183,'角色管理',1,'com.tq.web.controller.system.SysRoleController.add()','POST',1,'admin',NULL,'/system/role','127.0.0.1','内网IP','{\"admin\":false,\"createBy\":\"admin\",\"deptCheckStrictly\":true,\"deptIds\":[],\"flag\":false,\"menuCheckStrictly\":false,\"menuIds\":[2070,2067],\"roleId\":3,\"roleKey\":\"student\",\"roleName\":\"学生\",\"roleSort\":\"3\",\"status\":\"0\"}','{\"msg\":\"操作成功\",\"code\":200}',0,NULL,'2022-11-22 23:12:31'),(184,'角色管理',1,'com.tq.web.controller.system.SysRoleController.add()','POST',1,'admin',NULL,'/system/role','127.0.0.1','内网IP','{\"admin\":false,\"createBy\":\"admin\",\"deptCheckStrictly\":true,\"deptIds\":[],\"flag\":false,\"menuCheckStrictly\":true,\"menuIds\":[2054,2055,2070,2048,2049,2050,2051,2052,2053,2030,2031,2032,2033,2034,2035,2067,2068,2069],\"roleId\":4,\"roleKey\":\"teacher\",\"roleName\":\"教师\",\"roleSort\":\"4\",\"status\":\"0\"}','{\"msg\":\"操作成功\",\"code\":200}',0,NULL,'2022-11-22 23:13:34'),(185,'用户管理',1,'com.tq.web.controller.system.SysUserController.add()','POST',1,'admin',NULL,'/system/user','127.0.0.1','内网IP','{\"admin\":false,\"createBy\":\"admin\",\"deptId\":104,\"email\":\"498728659@qq.com\",\"nickName\":\"唐琪\",\"phonenumber\":\"18688417102\",\"postIds\":[],\"roleIds\":[3],\"sex\":\"1\",\"status\":\"0\",\"userId\":3,\"userName\":\"tangqi\"}','{\"msg\":\"操作成功\",\"code\":200}',0,NULL,'2022-11-22 23:22:02'),(186,'通知公告',2,'com.tq.web.controller.system.SysNoticeController.edit()','PUT',1,'admin',NULL,'/system/notice','127.0.0.1','内网IP','{\"createBy\":\"admin\",\"createTime\":\"2022-11-15 17:25:46\",\"noticeContent\":\"新版本内容\",\"noticeId\":1,\"noticeTitle\":\"温馨提醒：2018-07-01 若依新版本发布啦\",\"noticeType\":\"1\",\"remark\":\"管理员\",\"status\":\"0\",\"updateBy\":\"admin\"}','{\"msg\":\"操作成功\",\"code\":200}',0,NULL,'2022-11-22 23:22:50'),(187,'通知公告',1,'com.tq.web.controller.system.SysNoticeController.add()','POST',1,'admin',NULL,'/system/notice','127.0.0.1','内网IP','{\"createBy\":\"admin\",\"noticeContent\":\"<p>123213</p>\",\"noticeTitle\":\"213213\",\"noticeType\":\"2\",\"status\":\"0\"}','{\"msg\":\"操作成功\",\"code\":200}',0,NULL,'2022-11-22 23:23:05'),(188,'用户头像',2,'com.tq.web.controller.system.SysProfileController.avatar()','POST',1,'diandian',NULL,'/system/user/profile/avatar','127.0.0.1','内网IP','','{\"msg\":\"操作成功\",\"imgUrl\":\"/profile/avatar/2022/11/22/blob_20221122232521A002.png\",\"code\":200}',0,NULL,'2022-11-22 23:25:22'),(189,'个人信息',2,'com.tq.web.controller.system.SysProfileController.updateProfile()','PUT',1,'diandian',NULL,'/system/user/profile','127.0.0.1','内网IP','{\"admin\":false,\"createBy\":\"admin\",\"createTime\":\"2022-11-15 17:25:35\",\"delFlag\":\"0\",\"dept\":{\"ancestors\":\"0,100,101\",\"children\":[],\"deptId\":103,\"deptName\":\"系统运维\",\"leader\":\"点点\",\"orderNum\":2,\"parentId\":100,\"status\":\"0\"},\"email\":\"ry@qq.com\",\"loginDate\":\"2022-11-15 17:25:35\",\"loginIp\":\"127.0.0.1\",\"nickName\":\"李嘉伟\",\"phonenumber\":\"15666666666\",\"remark\":\"测试员\",\"roles\":[{\"admin\":false,\"dataScope\":\"2\",\"deptCheckStrictly\":false,\"flag\":false,\"menuCheckStrictly\":false,\"roleId\":2,\"roleKey\":\"common\",\"roleName\":\"普通角色\",\"roleSort\":\"2\",\"status\":\"0\"}],\"sex\":\"0\",\"status\":\"0\",\"userId\":2,\"userName\":\"diandian\"}','{\"msg\":\"操作成功\",\"code\":200}',0,NULL,'2022-11-22 23:25:28'),(190,'个人信息',2,'com.tq.web.controller.system.SysProfileController.updateProfile()','PUT',1,'admin',NULL,'/system/user/profile','127.0.0.1','内网IP','{\"admin\":true,\"createBy\":\"admin\",\"createTime\":\"2022-11-15 17:25:35\",\"delFlag\":\"0\",\"dept\":{\"ancestors\":\"0,100\",\"children\":[],\"deptId\":102,\"deptName\":\"校董事\",\"leader\":\"点点\",\"orderNum\":2,\"parentId\":100,\"status\":\"0\"},\"email\":\"ry@163.com\",\"loginDate\":\"2022-11-22 22:42:35\",\"loginIp\":\"127.0.0.1\",\"nickName\":\"罗老师\",\"phonenumber\":\"15888888888\",\"remark\":\"管理员\",\"roles\":[{\"admin\":true,\"dataScope\":\"1\",\"deptCheckStrictly\":false,\"flag\":false,\"menuCheckStrictly\":false,\"roleId\":1,\"roleKey\":\"admin\",\"roleName\":\"超级管理员\",\"roleSort\":\"1\",\"status\":\"0\"}],\"sex\":\"0\",\"status\":\"0\",\"userId\":1,\"userName\":\"admin\"}','{\"msg\":\"操作成功\",\"code\":200}',0,NULL,'2022-11-23 10:44:53'),(191,'用户头像',2,'com.tq.web.controller.system.SysProfileController.avatar()','POST',1,'admin',NULL,'/system/user/profile/avatar','127.0.0.1','内网IP','','{\"msg\":\"操作成功\",\"imgUrl\":\"/profile/avatar/2022/11/23/blob_20221123104509A001.png\",\"code\":200}',0,NULL,'2022-11-23 10:45:09'),(192,'个人信息',2,'com.tq.web.controller.system.SysProfileController.updateProfile()','PUT',1,'admin',NULL,'/system/user/profile','127.0.0.1','内网IP','{\"admin\":true,\"createBy\":\"admin\",\"createTime\":\"2022-11-15 17:25:35\",\"delFlag\":\"0\",\"dept\":{\"ancestors\":\"0,100\",\"children\":[],\"deptId\":102,\"deptName\":\"校董事\",\"leader\":\"点点\",\"orderNum\":2,\"parentId\":100,\"status\":\"0\"},\"email\":\"ry@163.com\",\"loginDate\":\"2022-11-22 22:42:35\",\"loginIp\":\"127.0.0.1\",\"nickName\":\"罗老师\",\"phonenumber\":\"15888888888\",\"remark\":\"管理员\",\"roles\":[{\"admin\":true,\"dataScope\":\"1\",\"deptCheckStrictly\":false,\"flag\":false,\"menuCheckStrictly\":false,\"roleId\":1,\"roleKey\":\"admin\",\"roleName\":\"超级管理员\",\"roleSort\":\"1\",\"status\":\"0\"}],\"sex\":\"0\",\"status\":\"0\",\"userId\":1,\"userName\":\"admin\"}','{\"msg\":\"操作成功\",\"code\":200}',0,NULL,'2022-11-23 10:45:14'),(193,'菜单管理',3,'com.tq.web.controller.system.SysMenuController.remove()','DELETE',1,'admin',NULL,'/system/menu/116','127.0.0.1','内网IP','{menuId=116}','{\"msg\":\"存在子菜单,不允许删除\",\"code\":601}',0,NULL,'2022-11-23 10:46:30'),(194,'菜单管理',3,'com.tq.web.controller.system.SysMenuController.remove()','DELETE',1,'admin',NULL,'/system/menu/1060','127.0.0.1','内网IP','{menuId=1060}','{\"msg\":\"菜单已分配,不允许删除\",\"code\":601}',0,NULL,'2022-11-23 10:46:37'),(195,'院系',1,'com.tq.system.controller.StuDepartmentController.add()','POST',1,'admin',NULL,'/system/department','127.0.0.1','内网IP','{\"delFlag\":\"0\",\"departmentId\":6,\"departmentName\":\"智能制造与电气工程学院\",\"orderNum\":5}','{\"msg\":\"操作成功\",\"code\":200}',0,NULL,'2022-11-23 16:30:30'),(196,'院系',2,'com.tq.system.controller.StuDepartmentController.edit()','PUT',1,'admin',NULL,'/system/department','127.0.0.1','内网IP','{\"delFlag\":\"0\",\"departmentId\":5,\"departmentName\":\"建筑工程学院\",\"orderNum\":0}','{\"msg\":\"操作成功\",\"code\":200}',0,NULL,'2022-11-23 16:31:05'),(197,'院系',2,'com.tq.system.controller.StuDepartmentController.edit()','PUT',1,'admin',NULL,'/system/department','127.0.0.1','内网IP','{\"delFlag\":\"0\",\"departmentId\":3,\"departmentName\":\"音乐舞蹈学院\",\"orderNum\":0}','{\"msg\":\"操作成功\",\"code\":200}',0,NULL,'2022-11-23 16:31:39'),(198,'院系',2,'com.tq.system.controller.StuDepartmentController.edit()','PUT',1,'admin',NULL,'/system/department','127.0.0.1','内网IP','{\"delFlag\":\"0\",\"departmentId\":4,\"departmentName\":\"经济管理学院\",\"orderNum\":0}','{\"msg\":\"操作成功\",\"code\":200}',0,NULL,'2022-11-23 16:31:46'),(199,'专业',2,'com.tq.system.controller.StuMajorController.edit()','PUT',1,'admin',NULL,'/system/major','127.0.0.1','内网IP','{\"delFlag\":\"0\",\"departmentId\":1,\"majorCode\":\"101\",\"majorId\":2,\"majorName\":\"软件工程专业\",\"orderNum\":0,\"stuDepartment\":{\"delFlag\":\"0\",\"departmentId\":1,\"departmentName\":\"计算机科学与工程学院\",\"orderNum\":0}}','{\"msg\":\"操作成功\",\"code\":200}',0,NULL,'2022-11-23 16:32:23'),(200,'专业',1,'com.tq.system.controller.StuMajorController.add()','POST',1,'admin',NULL,'/system/major','127.0.0.1','内网IP','{\"departmentId\":1,\"majorCode\":\"102\",\"majorId\":3,\"majorName\":\"网络工程专业\"}','{\"msg\":\"操作成功\",\"code\":200}',0,NULL,'2022-11-23 16:35:19'),(201,'专业',1,'com.tq.system.controller.StuMajorController.add()','POST',1,'admin',NULL,'/system/major','127.0.0.1','内网IP','{\"departmentId\":1,\"majorCode\":\"1212\",\"majorId\":4,\"majorName\":\"人工智能\"}','{\"msg\":\"操作成功\",\"code\":200}',0,NULL,'2022-11-23 16:36:02'),(202,'专业',1,'com.tq.system.controller.StuMajorController.add()','POST',1,'admin',NULL,'/system/major','127.0.0.1','内网IP','{\"departmentId\":1,\"majorCode\":\"121\",\"majorId\":5,\"majorName\":\"机器人工程\"}','{\"msg\":\"操作成功\",\"code\":200}',0,NULL,'2022-11-23 16:36:16'),(203,'专业',2,'com.tq.system.controller.StuMajorController.edit()','PUT',1,'admin',NULL,'/system/major','127.0.0.1','内网IP','{\"delFlag\":\"0\",\"departmentId\":6,\"majorCode\":\"121\",\"majorId\":5,\"majorName\":\"机器人工程\",\"orderNum\":0,\"stuDepartment\":{\"delFlag\":\"0\",\"departmentId\":1,\"departmentName\":\"计算机科学与工程学院\",\"orderNum\":0}}','{\"msg\":\"操作成功\",\"code\":200}',0,NULL,'2022-11-23 16:36:37'),(204,'专业',2,'com.tq.system.controller.StuMajorController.edit()','PUT',1,'admin',NULL,'/system/major','127.0.0.1','内网IP','{\"delFlag\":\"0\",\"departmentId\":6,\"majorCode\":\"1212\",\"majorId\":4,\"majorName\":\"人工智能\",\"orderNum\":0,\"stuDepartment\":{\"delFlag\":\"0\",\"departmentId\":1,\"departmentName\":\"计算机科学与工程学院\",\"orderNum\":0}}','{\"msg\":\"操作成功\",\"code\":200}',0,NULL,'2022-11-23 16:36:46'),(205,'专业',1,'com.tq.system.controller.StuMajorController.add()','POST',1,'admin',NULL,'/system/major','127.0.0.1','内网IP','{\"departmentId\":1,\"majorCode\":\"121\",\"majorId\":6,\"majorName\":\"音乐表演\"}','{\"msg\":\"操作成功\",\"code\":200}',0,NULL,'2022-11-23 16:37:21'),(206,'专业',1,'com.tq.system.controller.StuMajorController.add()','POST',1,'admin',NULL,'/system/major','127.0.0.1','内网IP','{\"departmentId\":1,\"majorCode\":\"1212\",\"majorId\":7,\"majorName\":\"声乐方向\"}','{\"msg\":\"操作成功\",\"code\":200}',0,NULL,'2022-11-23 16:37:39'),(207,'专业',1,'com.tq.system.controller.StuMajorController.add()','POST',1,'admin',NULL,'/system/major','127.0.0.1','内网IP','{\"departmentId\":12,\"majorCode\":\"1\",\"majorId\":8,\"majorName\":\"舞蹈表演\"}','{\"msg\":\"操作成功\",\"code\":200}',0,NULL,'2022-11-23 16:38:02'),(208,'院系',1,'com.tq.system.controller.StuDepartmentController.add()','POST',1,'admin',NULL,'/system/department','127.0.0.1','内网IP','{\"delFlag\":\"0\",\"departmentId\":7,\"departmentName\":\"12312\"}','{\"msg\":\"操作成功\",\"code\":200}',0,NULL,'2022-11-23 17:08:01'),(209,'院系',1,'com.tq.system.controller.StuDepartmentController.add()','POST',1,'admin',NULL,'/system/department','127.0.0.1','内网IP','{\"delFlag\":\"0\",\"departmentId\":8,\"departmentName\":\"213123\"}','{\"msg\":\"操作成功\",\"code\":200}',0,NULL,'2022-11-23 17:08:04'),(210,'院系',1,'com.tq.system.controller.StuDepartmentController.add()','POST',1,'admin',NULL,'/system/department','127.0.0.1','内网IP','{\"delFlag\":\"0\",\"departmentId\":9,\"departmentName\":\"21321321\"}','{\"msg\":\"操作成功\",\"code\":200}',0,NULL,'2022-11-23 17:08:06'),(211,'院系',1,'com.tq.system.controller.StuDepartmentController.add()','POST',1,'admin',NULL,'/system/department','127.0.0.1','内网IP','{\"delFlag\":\"0\",\"departmentId\":10,\"departmentName\":\"213213\"}','{\"msg\":\"操作成功\",\"code\":200}',0,NULL,'2022-11-23 17:08:09'),(212,'院系',1,'com.tq.system.controller.StuDepartmentController.add()','POST',1,'admin',NULL,'/system/department','127.0.0.1','内网IP','{\"delFlag\":\"0\",\"departmentId\":11,\"departmentName\":\"21412412412\"}','{\"msg\":\"操作成功\",\"code\":200}',0,NULL,'2022-11-23 17:08:12'),(213,'院系',1,'com.tq.system.controller.StuDepartmentController.add()','POST',1,'admin',NULL,'/system/department','127.0.0.1','内网IP','{\"delFlag\":\"0\",\"departmentId\":12,\"departmentName\":\"111111111113213\"}','{\"msg\":\"操作成功\",\"code\":200}',0,NULL,'2022-11-23 17:08:15'),(214,'院系',1,'com.tq.system.controller.StuDepartmentController.add()','POST',1,'admin',NULL,'/system/department','127.0.0.1','内网IP','{\"delFlag\":\"0\",\"departmentId\":13,\"departmentName\":\"1111111111\"}','{\"msg\":\"操作成功\",\"code\":200}',0,NULL,'2022-11-23 17:08:21'),(215,'菜单管理',2,'com.tq.web.controller.system.SysMenuController.edit()','PUT',1,'admin',NULL,'/system/menu','127.0.0.1','内网IP','{\"children\":[],\"component\":\"\",\"createTime\":\"2022-11-22 13:16:23\",\"icon\":\"#\",\"isCache\":\"0\",\"isFrame\":\"1\",\"menuId\":2037,\"menuName\":\"院系管理分页查询\",\"menuType\":\"F\",\"orderNum\":1,\"parentId\":2036,\"path\":\"#\",\"perms\":\"system:department:query\",\"status\":\"0\",\"updateBy\":\"admin\",\"visible\":\"0\"}','{\"msg\":\"操作成功\",\"code\":200}',0,NULL,'2022-11-23 17:18:12'),(216,'菜单管理',2,'com.tq.web.controller.system.SysMenuController.edit()','PUT',1,'admin',NULL,'/system/menu','127.0.0.1','内网IP','{\"children\":[],\"component\":\"\",\"createTime\":\"2022-11-22 13:16:23\",\"icon\":\"#\",\"isCache\":\"0\",\"isFrame\":\"1\",\"menuId\":2037,\"menuName\":\"院系列表分页查询\",\"menuType\":\"F\",\"orderNum\":1,\"parentId\":2036,\"path\":\"#\",\"perms\":\"system:department:query\",\"status\":\"0\",\"updateBy\":\"admin\",\"visible\":\"0\"}','{\"msg\":\"操作成功\",\"code\":200}',0,NULL,'2022-11-23 17:18:36'),(217,'菜单管理',2,'com.tq.web.controller.system.SysMenuController.edit()','PUT',1,'admin',NULL,'/system/menu','127.0.0.1','内网IP','{\"children\":[],\"component\":\"\",\"createTime\":\"2022-11-22 13:16:23\",\"icon\":\"#\",\"isCache\":\"0\",\"isFrame\":\"1\",\"menuId\":2037,\"menuName\":\"分页查询院系列表\",\"menuType\":\"F\",\"orderNum\":1,\"parentId\":2036,\"path\":\"#\",\"perms\":\"system:department:query\",\"status\":\"0\",\"updateBy\":\"admin\",\"visible\":\"0\"}','{\"msg\":\"操作成功\",\"code\":200}',0,NULL,'2022-11-23 17:18:49'),(218,'菜单管理',2,'com.tq.web.controller.system.SysMenuController.edit()','PUT',1,'admin',NULL,'/system/menu','127.0.0.1','内网IP','{\"children\":[],\"component\":\"\",\"createTime\":\"2022-11-22 13:16:23\",\"icon\":\"#\",\"isCache\":\"0\",\"isFrame\":\"1\",\"menuId\":2037,\"menuName\":\"院系列表分页查询\",\"menuType\":\"F\",\"orderNum\":1,\"parentId\":2036,\"path\":\"#\",\"perms\":\"system:department:query\",\"status\":\"0\",\"updateBy\":\"admin\",\"visible\":\"0\"}','{\"msg\":\"操作成功\",\"code\":200}',0,NULL,'2022-11-23 17:18:58'),(219,'菜单管理',1,'com.tq.web.controller.system.SysMenuController.add()','POST',1,'admin',NULL,'/system/menu','127.0.0.1','内网IP','{\"children\":[],\"createBy\":\"admin\",\"isCache\":\"0\",\"isFrame\":\"1\",\"menuName\":\"院系管理所有列查询\",\"menuType\":\"F\",\"orderNum\":0,\"parentId\":2036,\"perms\":\"system:department:allList\",\"status\":\"0\",\"visible\":\"0\"}','{\"msg\":\"操作成功\",\"code\":200}',0,NULL,'2022-11-23 17:19:41'),(220,'菜单管理',2,'com.tq.web.controller.system.SysMenuController.edit()','PUT',1,'admin',NULL,'/system/menu','127.0.0.1','内网IP','{\"children\":[],\"component\":\"\",\"createTime\":\"2022-11-22 13:16:23\",\"icon\":\"#\",\"isCache\":\"0\",\"isFrame\":\"1\",\"menuId\":2037,\"menuName\":\"院系管理分页查询\",\"menuType\":\"F\",\"orderNum\":1,\"parentId\":2036,\"path\":\"#\",\"perms\":\"system:department:query\",\"status\":\"0\",\"updateBy\":\"admin\",\"visible\":\"0\"}','{\"msg\":\"操作成功\",\"code\":200}',0,NULL,'2022-11-23 17:19:50'),(221,'角色管理',2,'com.tq.web.controller.system.SysRoleController.edit()','PUT',1,'admin',NULL,'/system/role','127.0.0.1','内网IP','{\"admin\":false,\"createTime\":\"2022-11-15 17:25:36\",\"dataScope\":\"2\",\"delFlag\":\"0\",\"deptCheckStrictly\":true,\"flag\":false,\"menuCheckStrictly\":true,\"menuIds\":[1,100,1000,1001,1002,1003,1004,1005,1006,101,1007,1008,1009,1010,1011,102,1012,1013,1014,1015,103,1016,1017,1018,1019,104,1020,1021,1022,1023,1024,105,1025,1026,1027,1028,1029,106,1030,1031,1032,1033,1034,107,1035,1036,1037,1038,108,500,1039,1040,1041,501,1042,1043,1044,1045,2,109,1046,1047,1048,110,1049,1050,1051,1052,1053,1054,111,112,113,114,3,115,116,1055,1056,1057,1058,1059,1060,117,2054,2055,2056,2057,2058,2059,2066,2060,2061,2062,2063,2064,2065,2024,2025,2026,2027,2028,2029,2036,2071,2037,2038,2039,2040,2041,2042,2043,2044,2045,2046,2047,2070,2048,2049,2050,2051,2052,2053,2030,2031,2032,2033,2034,2035,2067,2068,2069],\"remark\":\"普通角色\",\"roleId\":2,\"roleKey\":\"common\",\"roleName\":\"普通角色\",\"roleSort\":\"2\",\"status\":\"0\",\"updateBy\":\"admin\"}','{\"msg\":\"操作成功\",\"code\":200}',0,NULL,'2022-11-23 17:20:01'),(222,'院系',2,'com.tq.system.controller.StuDepartmentController.edit()','PUT',1,'admin',NULL,'/system/department','127.0.0.1','内网IP','{\"delFlag\":\"0\",\"departmentId\":1,\"departmentName\":\"计算机科学与工程学院\",\"orderNum\":0}','{\"msg\":\"操作成功\",\"code\":200}',0,NULL,'2022-11-23 18:00:27'),(223,'院系',3,'com.tq.system.controller.StuDepartmentController.remove()','DELETE',1,'admin',NULL,'/system/department/10','127.0.0.1','内网IP','{departmentIds=10}','{\"msg\":\"操作成功\",\"code\":200}',0,NULL,'2022-11-23 19:01:18'),(224,'院系',3,'com.tq.system.controller.StuDepartmentController.remove()','DELETE',1,'admin',NULL,'/system/department/11','127.0.0.1','内网IP','{departmentIds=11}','{\"msg\":\"操作成功\",\"code\":200}',0,NULL,'2022-11-23 19:01:20'),(225,'院系',3,'com.tq.system.controller.StuDepartmentController.remove()','DELETE',1,'admin',NULL,'/system/department/7','127.0.0.1','内网IP','{departmentIds=7}','{\"msg\":\"操作成功\",\"code\":200}',0,NULL,'2022-11-23 19:01:23'),(226,'院系',3,'com.tq.system.controller.StuDepartmentController.remove()','DELETE',1,'admin',NULL,'/system/department/8','127.0.0.1','内网IP','{departmentIds=8}','{\"msg\":\"操作成功\",\"code\":200}',0,NULL,'2022-11-23 19:01:26'),(227,'院系',3,'com.tq.system.controller.StuDepartmentController.remove()','DELETE',1,'admin',NULL,'/system/department/13','127.0.0.1','内网IP','{departmentIds=13}','{\"msg\":\"操作成功\",\"code\":200}',0,NULL,'2022-11-23 19:02:03'),(228,'院系',3,'com.tq.system.controller.StuDepartmentController.remove()','DELETE',1,'admin',NULL,'/system/department/12','127.0.0.1','内网IP','{departmentIds=12}','{\"msg\":\"操作成功\",\"code\":200}',0,NULL,'2022-11-23 19:02:06'),(229,'院系',3,'com.tq.system.controller.StuDepartmentController.remove()','DELETE',1,'admin',NULL,'/system/department/9','127.0.0.1','内网IP','{departmentIds=9}','{\"msg\":\"操作成功\",\"code\":200}',0,NULL,'2022-11-23 19:02:08'),(230,'专业',2,'com.tq.system.controller.StuMajorController.edit()','PUT',1,'admin',NULL,'/system/major','127.0.0.1','内网IP','{\"delFlag\":\"0\",\"departmentId\":3,\"majorCode\":\"1\",\"majorId\":8,\"majorName\":\"舞蹈表演\",\"orderNum\":0}','{\"msg\":\"操作成功\",\"code\":200}',0,NULL,'2022-11-23 23:32:10'),(231,'菜单管理',1,'com.tq.web.controller.system.SysMenuController.add()','POST',1,'admin',NULL,'/system/menu','127.0.0.1','内网IP','{\"children\":[],\"createBy\":\"admin\",\"isCache\":\"0\",\"isFrame\":\"1\",\"menuName\":\"院级管理查询所有列表以及下面的专业\",\"menuType\":\"F\",\"orderNum\":0,\"parentId\":2036,\"perms\":\"system:department:allListChildren\",\"status\":\"0\",\"visible\":\"0\"}','{\"msg\":\"操作成功\",\"code\":200}',0,NULL,'2022-11-24 09:32:44'),(232,'角色管理',2,'com.tq.web.controller.system.SysRoleController.edit()','PUT',1,'admin',NULL,'/system/role','127.0.0.1','内网IP','{\"admin\":false,\"createTime\":\"2022-11-15 17:25:36\",\"dataScope\":\"2\",\"delFlag\":\"0\",\"deptCheckStrictly\":true,\"flag\":false,\"menuCheckStrictly\":true,\"menuIds\":[1,100,1000,1001,1002,1003,1004,1005,1006,101,1007,1008,1009,1010,1011,102,1012,1013,1014,1015,103,1016,1017,1018,1019,104,1020,1021,1022,1023,1024,105,1025,1026,1027,1028,1029,106,1030,1031,1032,1033,1034,107,1035,1036,1037,1038,108,500,1039,1040,1041,501,1042,1043,1044,1045,2,109,1046,1047,1048,110,1049,1050,1051,1052,1053,1054,111,112,113,114,3,115,116,1055,1056,1057,1058,1059,1060,117,2054,2055,2056,2057,2058,2059,2066,2060,2061,2062,2063,2064,2065,2024,2025,2026,2027,2028,2029,2036,2071,2072,2037,2038,2039,2040,2041,2042,2043,2044,2045,2046,2047,2070,2048,2049,2050,2051,2052,2053,2030,2031,2032,2033,2034,2035,2067,2068,2069],\"remark\":\"普通角色\",\"roleId\":2,\"roleKey\":\"common\",\"roleName\":\"普通角色\",\"roleSort\":\"2\",\"status\":\"0\",\"updateBy\":\"admin\"}','{\"msg\":\"操作成功\",\"code\":200}',0,NULL,'2022-11-24 09:33:10'),(233,'班级',1,'com.tq.system.controller.StuClassController.add()','POST',1,'admin',NULL,'/system/class','127.0.0.1','内网IP','{\"classGrade\":\"2022\",\"classId\":7,\"className\":\"22软件1班\",\"majorId\":2}','{\"msg\":\"操作成功\",\"code\":200}',0,NULL,'2022-11-24 10:12:11'),(234,'专业',2,'com.tq.system.controller.StuMajorController.edit()','PUT',1,'admin',NULL,'/system/major','127.0.0.1','内网IP','{\"delFlag\":\"0\",\"departmentId\":3,\"majorCode\":\"121\",\"majorId\":6,\"majorName\":\"音乐表演\",\"orderNum\":0,\"stuDepartment\":{\"delFlag\":\"0\",\"departmentId\":1,\"departmentName\":\"计算机科学与工程学院\",\"orderNum\":0}}','{\"msg\":\"操作成功\",\"code\":200}',0,NULL,'2022-11-24 10:18:09'),(235,'教师',2,'com.tq.system.controller.StuTeacherController.edit()','PUT',1,'admin',NULL,'/system/teacher','127.0.0.1','内网IP','{\"delFlag\":\"0\",\"departmentId\":1,\"departmentName\":\"计算机科学与工程学院\",\"jobTitle\":\"计算机高级工程师\",\"teaAge\":\"1940-07-19 00:00:00\",\"teaDescription\":\"罗建平，计算机高级工程师。本科、研究生、硕士、博研分别就读于成都科技大学（并入四川大学）、西北工业大学、法国格勒诺布尔大学、法国国家计算机研究所的计算机相关专业；取得美国电报电话公司（AT&T）网络综合布线工程师培训结业证书。曾担任长城计算机集团下属深圳企业视像技术部副经理、香港移动深圳研发中心高级研究员、深圳商业银行（现为平安银行）网络安全主管，及多家软件应用开发企业高级工程师、主管、职位；曾担任上市公司网络产品定型鉴定专家组成员和大型项目评标组委成员；现担任广东技术师范大学天河学院计算机科学与工程学院教师；兼具企业工作与高校教学经验，可使用英语和法语进行技术交流与教学。曾在行业多个刊物上发表技术文章。工作期间多次前往美、日、加等国家进行访问、调研，保持行业前沿技术跟踪。\\n\\n\",\"teaId\":1,\"teaName\":\"罗建平\",\"teaNum\":\"1000\",\"teaSex\":\"男\"}',NULL,1,'\r\n### Error updating database.  Cause: com.mysql.cj.jdbc.exceptions.MysqlDataTruncation: Data truncation: Data too long for column \'tea_description\' at row 1\r\n### The error may exist in file [D:\\graduationProject\\vue3前端借鉴\\stu-grades-admin\\stu-system\\target\\classes\\mapper\\system\\StuTeacherMapper.xml]\r\n### The error may involve com.tq.system.mapper.stu.StuTeacherMapper.updateStuTeacher-Inline\r\n### The error occurred while setting parameters\r\n### SQL: update stu_teacher          SET tea_num = ?,             tea_name = ?,             tea_sex = ?,             tea_age = ?,             tea_description = ?,             job_title = ?,             department_id = ?,             del_flag = ?          where tea_id = ?\r\n### Cause: com.mysql.cj.jdbc.exceptions.MysqlDataTruncation: Data truncation: Data too long for column \'tea_description\' at row 1\n; Data truncation: Data too long for column \'tea_description\' at row 1; nested exception is com.mysql.cj.jdbc.exceptions.MysqlDataTruncation: Data truncation: Data too long for column \'tea_description\' at row 1','2022-11-24 11:12:29'),(236,'教师',2,'com.tq.system.controller.StuTeacherController.edit()','PUT',1,'admin',NULL,'/system/teacher','127.0.0.1','内网IP','{\"delFlag\":\"0\",\"departmentId\":1,\"departmentName\":\"计算机科学与工程学院\",\"jobTitle\":\"计算机高级工程师\",\"teaAge\":\"1940-07-19 00:00:00\",\"teaDescription\":\"罗建平，计算机高级工程师。本科、研究生、硕士、博研分别就读于成都科技大学（并入四川大学）、西北工业大学、法国格勒诺布尔大学、法国国家计算机研究所的计算机相关专业；取得美国电报电话公司（AT&T）网络综合布线工程师培训结业证书。曾担任长城计算机集团下属深圳企业视像技术部副经理、香港移动深圳研发中心高级研究员、深圳商业银行（现为平安银行）网络安全主管，及多家软件应用开发企业高级工程师、主管、职位；曾担任上市公司网络产品定型鉴定专家组成员和大型项目评标组委成员；现担任广东技术师范大学天河学院计算机科学与工程学院教师；兼具企业工作与高校教学经验，可使用英语和法语进行技术交流与教学。曾在行业多个刊物上发表技术文章。工作期间多次前往美、日、加等国家进行访问、调研，保持行业前沿技术跟踪。\\n\\n\",\"teaId\":1,\"teaName\":\"罗建平\",\"teaNum\":\"1000\",\"teaSex\":\"男\"}','{\"msg\":\"操作成功\",\"code\":200}',0,NULL,'2022-11-24 11:25:00'),(237,'教师',2,'com.tq.system.controller.StuTeacherController.edit()','PUT',1,'admin',NULL,'/system/teacher','127.0.0.1','内网IP','{\"delFlag\":\"0\",\"departmentId\":1,\"departmentName\":\"计算机科学与工程学院\",\"jobTitle\":\"计算机高级工程师，高级信息系统项目管理师\",\"teaAge\":\"1955-07-22 00:00:00\",\"teaDescription\":\"刘飞生，男，1990年4月，双硕士学位，计算机高级工程师，高级信息系统项目管理师。具有多年企业工作经历及高校教学经验，现任职广州理工学院计算机科学与工程学院专任教师。主要承担《C语言程序设计》、《数据结构》、《离散数学》、《云计算》、《信息系统分析与设计》、《面向对象程序语言》、《高等数学》等课程的教学工作。曾获南昌职业大学优秀教师，指导学生参加江西省信息技术知识竞赛获三等奖，指导学生参加全国新能源汽车虚拟大赛获得一等奖、二等奖。\\n\\n\",\"teaId\":2,\"teaName\":\"刘飞生\",\"teaNum\":\"1001\",\"teaSex\":\"男\"}','{\"msg\":\"操作成功\",\"code\":200}',0,NULL,'2022-11-24 11:26:16'),(238,'教师',2,'com.tq.system.controller.StuTeacherController.edit()','PUT',1,'admin',NULL,'/system/teacher','127.0.0.1','内网IP','{\"delFlag\":\"0\",\"departmentId\":1,\"departmentName\":\"计算机科学与工程学院\",\"jobTitle\":\"讲师\",\"teaAge\":\"1944-06-23 00:00:00\",\"teaDescription\":\"陈焰，讲师，硕士研究生，高级信息系统项目管理师，毕业于华中师范大学信息技术系，现任计算机科学与工程学院专任老师。主要担任的课程有《C语言程序设计》、《web前端应用开发》、《PHP动态网站开发》等。先后在国内相关中文学术期刊杂志发表论文有《基于微信公众号的学习平台研究》、《基于任务驱动的合作学习模式研究》等十余篇，参编教材2本，主持并参与的课题有《基于网络平台开展智慧课堂互动教学的设计与创新研究》、省级精品资源共享课程《Flash动画制作》等。\\n\\n\",\"teaId\":3,\"teaName\":\"陈焰\",\"teaNum\":\"1002\",\"teaSex\":\"女\"}','{\"msg\":\"操作成功\",\"code\":200}',0,NULL,'2022-11-24 11:26:32'),(239,'教师',2,'com.tq.system.controller.StuTeacherController.edit()','PUT',1,'admin',NULL,'/system/teacher','127.0.0.1','内网IP','{\"delFlag\":\"0\",\"departmentId\":1,\"departmentName\":\"计算机科学与工程学院\",\"jobTitle\":\"讲师\",\"teaAge\":\"1980-02-29 00:00:00\",\"teaDescription\":\"陈智勇，1981年出生，男，37岁，计算机科学与技术专业讲师,广东工业大学硕士学位。2005年至今，任教于计算机科学与工程学院；主要担任《数据仓库与数据挖掘》，《大数据技术基础》，《人工智能》《算法与数据结构》、《程序设计基础》，《移动应用开发》《计算机组装与维护》等课程教学工作。主要研究方向，大数据及挖掘技术，移动应用开发，嵌入式开发，多次指导学生获得省级大学生创新创业项目，多次获得教学评比优秀、良好荣益。多次指导IT数码工作室教研创新团队。\\n\\n\",\"teaId\":4,\"teaName\":\"陈智勇\",\"teaNum\":\"1003\",\"teaSex\":\"男\"}','{\"msg\":\"操作成功\",\"code\":200}',0,NULL,'2022-11-24 11:26:52'),(240,'教师',2,'com.tq.system.controller.StuTeacherController.edit()','PUT',1,'admin',NULL,'/system/teacher','127.0.0.1','内网IP','{\"delFlag\":\"0\",\"departmentId\":1,\"departmentName\":\"计算机科学与工程学院\",\"jobTitle\":\"软件设计师、计算机软件讲师\",\"teaAge\":\"2022-11-22 00:00:00\",\"teaDescription\":\"周少波，男，1977年出生，软件设计师、计算机软件讲师。从事计算机教学工作多年，主要担任《操作系统原理与应用》、《软件测试技术》、《信息系统分析与设计》等课程教学工作。主要研究方向是信息系统开发。2010届、2011届优秀毕业设计指导教师。2014年指导学生参加泛珠三角大学生计算机作品赛、广东省大学生毕业设计作品大赛荣获三等奖， 2016年指导学生参加第七届“蓝桥杯”全国软件和信息技术专业人才大赛(Java B)广东赛区一等奖、国家三等奖；2018年指导学生参加第九届“蓝桥杯”全国软件和信息技术专业人才大赛(Java B)广东赛区一等奖、国家三等奖；\\n\\n\",\"teaId\":5,\"teaName\":\"周少波\",\"teaNum\":\"1004\",\"teaSex\":\"男\"}','{\"msg\":\"操作成功\",\"code\":200}',0,NULL,'2022-11-24 11:27:07'),(241,'教师',2,'com.tq.system.controller.StuTeacherController.edit()','PUT',1,'admin',NULL,'/system/teacher','127.0.0.1','内网IP','{\"delFlag\":\"0\",\"departmentId\":1,\"departmentName\":\"计算机科学与工程学院\",\"jobTitle\":\"党总支副书记兼学生管理工作副院长\",\"teaAge\":\"2000-06-22 00:00:00\",\"teaDescription\":\"蔡岳良，党总支副书记兼学生管理工作副院长，男，中共党员，讲师，研究生毕业于华中科技大学软件工程专业。先后担任电气与电子工程学院辅导员兼任党总支组织委员、团总支书记、学生党支部书记，外国语学院办公室主任兼任党总支宣传委员、教工党支部书记等职务。任职期间撰写《论辅导员与校园突发性事务》、《大学生党员教育与管理》、《如何提高岗位的任职能力》等多篇论文；申报“创新党建育人平台及工作模式”项目，参与省级“十二五”规划研究项目（德育专项）课题《独立学院辅导员在突发事件中的危机管理研究》；积极搭建各种协同育人平台，创新人才培养模式，指导学生社团参加校内外比赛均取得优异成绩；2017年所在党支部被评为教育工委“三型党支部”；多次带领师生党员参加各项社会实践活动，多家媒体跟踪报道，获得学校及教育工委的好评，其中2018年海洋环保活动获得省教育工委重点项目立项。多次荣获“优秀辅导员”、“优秀员工”、“就业先进个人”、“优秀党务工作者”等荣誉称号。\\n\\n\",\"teaId\":6,\"teaName\":\"蔡岳良\",\"teaNum\":\"1005\",\"teaSex\":\"男\"}','{\"msg\":\"操作成功\",\"code\":200}',0,NULL,'2022-11-24 11:27:28'),(242,'教师',2,'com.tq.system.controller.StuTeacherController.edit()','PUT',1,'admin',NULL,'/system/teacher','127.0.0.1','内网IP','{\"delFlag\":\"0\",\"departmentId\":1,\"departmentName\":\"计算机科学与工程学院\",\"jobTitle\":\"讲师\",\"teaAge\":\"2022-04-30 00:00:00\",\"teaDescription\":\"赵玉刚，男，毕业于吉林大学计算机学院，硕士研究生，讲师。主要讲授《数据结构与算法》、《C语言程序设计》等课程。主要研究方向：企业级软件开发及嵌入式技术。参与《吉林省移动公司综合网络管理系统》等多个企业软件、嵌入式系统研发项目，公开发表《无线传感器网络拓扑控制》等多篇核心期刊论文。\\n\\n\",\"teaId\":7,\"teaName\":\"赵玉刚\",\"teaNum\":\"1006\",\"teaSex\":\"男\"}','{\"msg\":\"操作成功\",\"code\":200}',0,NULL,'2022-11-24 11:27:44'),(243,'教师',2,'com.tq.system.controller.StuTeacherController.edit()','PUT',1,'admin',NULL,'/system/teacher','127.0.0.1','内网IP','{\"delFlag\":\"0\",\"departmentId\":1,\"departmentName\":\"计算机科学与工程学院\",\"jobTitle\":\"计算机高级工程师\",\"teaAge\":\"1940-07-19 00:00:00\",\"teaDescription\":\"罗建平，计算机高级工程师。本科、研究生、硕士、博研分别就读于成都科技大学（并入四川大学）、西北工业大学、法国格勒诺布尔大学、法国国家计算机研究所的计算机相关专业；取得美国电报电话公司（AT&T）网络综合布线工程师培训结业证书。曾担任长城计算机集团下属深圳企业视像技术部副经理、香港移动深圳研发中心高级研究员、深圳商业银行（现为平安银行）网络安全主管，及多家软件应用开发企业高级工程师、主管、职位；曾担任上市公司网络产品定型鉴定专家组成员和大型项目评标组委成员；现担任广东技术师范大学天河学院计算机科学与工程学院教师；兼具企业工作与高校教学经验，可使用英语和法语进行技术交流与教学。曾在行业多个刊物上发表技术文章。工作期间多次前往美、日、加等国家进行访问、调研，保持行业前沿技术跟踪。\",\"teaId\":1,\"teaName\":\"罗建平\",\"teaNum\":\"1000\",\"teaSex\":\"男\"}','{\"msg\":\"操作成功\",\"code\":200}',0,NULL,'2022-11-24 11:28:14'),(244,'教师',2,'com.tq.system.controller.StuTeacherController.edit()','PUT',1,'admin',NULL,'/system/teacher','127.0.0.1','内网IP','{\"delFlag\":\"0\",\"departmentId\":1,\"departmentName\":\"计算机科学与工程学院\",\"jobTitle\":\"计算机高级工程师，高级信息系统项目管理师\",\"teaAge\":\"1955-07-22 00:00:00\",\"teaDescription\":\"刘飞生，男，1990年4月，双硕士学位，计算机高级工程师，高级信息系统项目管理师。具有多年企业工作经历及高校教学经验，现任职广州理工学院计算机科学与工程学院专任教师。主要承担《C语言程序设计》、《数据结构》、《离散数学》、《云计算》、《信息系统分析与设计》、《面向对象程序语言》、《高等数学》等课程的教学工作。曾获南昌职业大学优秀教师，指导学生参加江西省信息技术知识竞赛获三等奖，指导学生参加全国新能源汽车虚拟大赛获得一等奖、二等奖。\",\"teaId\":2,\"teaName\":\"刘飞生\",\"teaNum\":\"1001\",\"teaSex\":\"男\"}','{\"msg\":\"操作成功\",\"code\":200}',0,NULL,'2022-11-24 11:28:19'),(245,'教师',2,'com.tq.system.controller.StuTeacherController.edit()','PUT',1,'admin',NULL,'/system/teacher','127.0.0.1','内网IP','{\"delFlag\":\"0\",\"departmentId\":1,\"departmentName\":\"计算机科学与工程学院\",\"jobTitle\":\"软件设计师、计算机软件讲师\",\"teaAge\":\"2022-11-22 00:00:00\",\"teaDescription\":\"周少波，男，1977年出生，软件设计师、计算机软件讲师。从事计算机教学工作多年，主要担任《操作系统原理与应用》、《软件测试技术》、《信息系统分析与设计》等课程教学工作。主要研究方向是信息系统开发。2010届、2011届优秀毕业设计指导教师。2014年指导学生参加泛珠三角大学生计算机作品赛、广东省大学生毕业设计作品大赛荣获三等奖， 2016年指导学生参加第七届“蓝桥杯”全国软件和信息技术专业人才大赛(Java B)广东赛区一等奖、国家三等奖；2018年指导学生参加第九届“蓝桥杯”全国软件和信息技术专业人才大赛(Java B)广东赛区一等奖、国家三等奖；\",\"teaId\":5,\"teaName\":\"周少波\",\"teaNum\":\"1004\",\"teaSex\":\"男\"}','{\"msg\":\"操作成功\",\"code\":200}',0,NULL,'2022-11-24 11:28:59'),(246,'教师',2,'com.tq.system.controller.StuTeacherController.edit()','PUT',1,'admin',NULL,'/system/teacher','127.0.0.1','内网IP','{\"delFlag\":\"0\",\"departmentId\":1,\"departmentName\":\"计算机科学与工程学院\",\"jobTitle\":\"讲师\",\"teaAge\":\"2022-11-22 00:00:00\",\"teaDescription\":\"周少波，男，1977年出生，软件设计师、计算机软件讲师。从事计算机教学工作多年，主要担任《操作系统原理与应用》、《软件测试技术》、《信息系统分析与设计》等课程教学工作。主要研究方向是信息系统开发。2010届、2011届优秀毕业设计指导教师。2014年指导学生参加泛珠三角大学生计算机作品赛、广东省大学生毕业设计作品大赛荣获三等奖， 2016年指导学生参加第七届“蓝桥杯”全国软件和信息技术专业人才大赛(Java B)广东赛区一等奖、国家三等奖；2018年指导学生参加第九届“蓝桥杯”全国软件和信息技术专业人才大赛(Java B)广东赛区一等奖、国家三等奖；\",\"teaId\":5,\"teaName\":\"周少波\",\"teaNum\":\"1004\",\"teaSex\":\"男\"}','{\"msg\":\"操作成功\",\"code\":200}',0,NULL,'2022-11-24 11:29:47'),(247,'教师',2,'com.tq.system.controller.StuTeacherController.edit()','PUT',1,'admin',NULL,'/system/teacher','127.0.0.1','内网IP','{\"delFlag\":\"0\",\"departmentId\":1,\"departmentName\":\"计算机科学与工程学院\",\"jobTitle\":\"计算机高级工程师，高级信息系统项目管理师\",\"teaAge\":\"1990-04-19 00:00:00\",\"teaDescription\":\"刘飞生，男，1990年4月，双硕士学位，计算机高级工程师，高级信息系统项目管理师。具有多年企业工作经历及高校教学经验，现任职广州理工学院计算机科学与工程学院专任教师。主要承担《C语言程序设计》、《数据结构》、《离散数学》、《云计算》、《信息系统分析与设计》、《面向对象程序语言》、《高等数学》等课程的教学工作。曾获南昌职业大学优秀教师，指导学生参加江西省信息技术知识竞赛获三等奖，指导学生参加全国新能源汽车虚拟大赛获得一等奖、二等奖。\",\"teaId\":2,\"teaName\":\"刘飞生\",\"teaNum\":\"1001\",\"teaSex\":\"男\"}','{\"msg\":\"操作成功\",\"code\":200}',0,NULL,'2022-11-24 11:30:52'),(248,'菜单管理',2,'com.tq.web.controller.system.SysMenuController.edit()','PUT',1,'admin',NULL,'/system/menu','127.0.0.1','内网IP','{\"children\":[],\"component\":\"system/post/index\",\"createTime\":\"2022-11-15 17:25:36\",\"icon\":\"post\",\"isCache\":\"0\",\"isFrame\":\"1\",\"menuId\":104,\"menuName\":\"岗位管理\",\"menuType\":\"C\",\"orderNum\":5,\"parentId\":1,\"path\":\"post\",\"perms\":\"system:post:list\",\"query\":\"\",\"status\":\"0\",\"updateBy\":\"admin\",\"visible\":\"0\"}','{\"msg\":\"操作成功\",\"code\":200}',0,NULL,'2022-11-27 14:07:08'),(249,'菜单管理',1,'com.tq.web.controller.system.SysMenuController.add()','POST',1,'admin',NULL,'/system/menu','127.0.0.1','内网IP','{\"children\":[],\"createBy\":\"admin\",\"isCache\":\"0\",\"isFrame\":\"1\",\"menuName\":\"学生查询院级列表/班级列表/专业列表\",\"menuType\":\"F\",\"orderNum\":0,\"parentId\":2054,\"perms\":\"system:student:searchCommonList\",\"status\":\"0\",\"visible\":\"0\"}','{\"msg\":\"操作成功\",\"code\":200}',0,NULL,'2022-11-27 16:12:06'),(250,'教师',2,'com.tq.system.controller.StuTeacherController.edit()','PUT',1,'admin',NULL,'/system/teacher','127.0.0.1','内网IP','{\"delFlag\":\"0\",\"departmentId\":1,\"departmentName\":\"计算机科学与工程学院\",\"jobTitle\":\"计算机高级工程师\",\"teaAge\":\"1940-07-19 00:00:00\",\"teaDescription\":\"罗建平，计算机高级工程师。本科、研究生、硕士、博研分别就读于成都科技大学（并入四川大学）、西北工业大学、法国格勒诺布尔大学、法国国家计算机研究所的计算机相关专业；取得美国电报电话公司（AT&T）网络综合布线工程师培训结业证书。曾担任长城计算机集团下属深圳企业视像技术部副经理、香港移动深圳研发中心高级研究员、深圳商业银行（现为平安银行）网络安全主管，及多家软件应用开发企业高级工程师、主管、职位；曾担任上市公司网络产品定型鉴定专家组成员和大型项目评标组委成员；现担任广东技术师范大学天河学院计算机科学与工程学院教师；兼具企业工作与高校教学经验，可使用英语和法语进行技术交流与教学。曾在行业多个刊物上发表技术文章。工作期间多次前往美、日、加等国家进行访问、调研，保持行业前沿技术跟踪。\",\"teaId\":1,\"teaName\":\"罗建平\",\"teaNum\":\"1000\",\"teaSex\":\"1\"}','{\"msg\":\"操作成功\",\"code\":200}',0,NULL,'2022-11-27 19:23:46'),(251,'教师',2,'com.tq.system.controller.StuTeacherController.edit()','PUT',1,'admin',NULL,'/system/teacher','127.0.0.1','内网IP','{\"delFlag\":\"0\",\"departmentId\":1,\"departmentName\":\"计算机科学与工程学院\",\"jobTitle\":\"计算机高级工程师\",\"teaAge\":\"1940-07-19 00:00:00\",\"teaDescription\":\"罗建平，计算机高级工程师。本科、研究生、硕士、博研分别就读于成都科技大学（并入四川大学）、西北工业大学、法国格勒诺布尔大学、法国国家计算机研究所的计算机相关专业；取得美国电报电话公司（AT&T）网络综合布线工程师培训结业证书。曾担任长城计算机集团下属深圳企业视像技术部副经理、香港移动深圳研发中心高级研究员、深圳商业银行（现为平安银行）网络安全主管，及多家软件应用开发企业高级工程师、主管、职位；曾担任上市公司网络产品定型鉴定专家组成员和大型项目评标组委成员；现担任广东技术师范大学天河学院计算机科学与工程学院教师；兼具企业工作与高校教学经验，可使用英语和法语进行技术交流与教学。曾在行业多个刊物上发表技术文章。工作期间多次前往美、日、加等国家进行访问、调研，保持行业前沿技术跟踪。\",\"teaId\":1,\"teaName\":\"罗建平\",\"teaNum\":\"1000\",\"teaSex\":\"2\"}','{\"msg\":\"操作成功\",\"code\":200}',0,NULL,'2022-11-27 19:23:50'),(252,'教师',1,'com.tq.system.controller.StuTeacherController.add()','POST',1,'admin',NULL,'/system/teacher','127.0.0.1','内网IP','{\"departmentId\":4,\"jobTitle\":\"21312\",\"teaAge\":\"2022-11-17 00:00:00\",\"teaDescription\":\"213\",\"teaId\":8,\"teaName\":\"test\",\"teaNum\":\"213\",\"teaSex\":\"2\"}','{\"msg\":\"操作成功\",\"code\":200}',0,NULL,'2022-11-27 19:43:20'),(253,'学生',1,'com.tq.system.controller.StuStudentController.add()','POST',1,'admin',NULL,'/system/student','127.0.0.1','内网IP','{\"birthDate\":\"2022-11-17 00:00:00\",\"classId\":\"1\",\"departmentId\":1,\"majorId\":1,\"stuId\":7,\"stuName\":\"李点点\",\"stuNum\":\"20190411430322\",\"stuSex\":\"0\"}','{\"msg\":\"操作成功\",\"code\":200}',0,NULL,'2022-11-27 20:21:12'),(254,'学生',2,'com.tq.system.controller.StuStudentController.edit()','PUT',1,'admin',NULL,'/system/student','127.0.0.1','内网IP','{\"birthDate\":\"2022-11-17 00:00:00\",\"classId\":\"7\",\"className\":\"19计科3班\",\"delFlag\":\"0\",\"departmentId\":1,\"departmentName\":\"计算机科学与工程学院\",\"majorId\":2,\"majorName\":\"计算机科学与技术\",\"stuId\":7,\"stuName\":\"李点点\",\"stuNum\":\"20190411430322\",\"stuSex\":\"0\"}','{\"msg\":\"操作成功\",\"code\":200}',0,NULL,'2022-11-27 20:26:17'),(255,'菜单管理',3,'com.tq.web.controller.system.SysMenuController.remove()','DELETE',1,'admin',NULL,'/system/menu/2048','127.0.0.1','内网IP','{menuId=2048}','{\"msg\":\"存在子菜单,不允许删除\",\"code\":601}',0,NULL,'2022-11-28 11:50:09'),(256,'菜单管理',3,'com.tq.web.controller.system.SysMenuController.remove()','DELETE',1,'admin',NULL,'/system/menu/2053','127.0.0.1','内网IP','{menuId=2053}','{\"msg\":\"菜单已分配,不允许删除\",\"code\":601}',0,NULL,'2022-11-28 11:50:17'),(257,'角色管理',2,'com.tq.web.controller.system.SysRoleController.edit()','PUT',1,'admin',NULL,'/system/role','127.0.0.1','内网IP','{\"admin\":false,\"createTime\":\"2022-11-22 23:12:31\",\"dataScope\":\"1\",\"delFlag\":\"0\",\"deptCheckStrictly\":true,\"flag\":false,\"menuCheckStrictly\":false,\"menuIds\":[],\"roleId\":3,\"roleKey\":\"student\",\"roleName\":\"学生\",\"roleSort\":\"3\",\"status\":\"0\",\"updateBy\":\"admin\"}','{\"msg\":\"操作成功\",\"code\":200}',0,NULL,'2022-11-28 11:50:28'),(258,'角色管理',2,'com.tq.web.controller.system.SysRoleController.edit()','PUT',1,'admin',NULL,'/system/role','127.0.0.1','内网IP','{\"admin\":false,\"createTime\":\"2022-11-22 23:13:34\",\"dataScope\":\"1\",\"delFlag\":\"0\",\"deptCheckStrictly\":true,\"flag\":false,\"menuCheckStrictly\":false,\"menuIds\":[],\"roleId\":4,\"roleKey\":\"teacher\",\"roleName\":\"教师\",\"roleSort\":\"4\",\"status\":\"0\",\"updateBy\":\"admin\"}','{\"msg\":\"操作成功\",\"code\":200}',0,NULL,'2022-11-28 11:50:34'),(259,'角色管理',2,'com.tq.web.controller.system.SysRoleController.edit()','PUT',1,'admin',NULL,'/system/role','127.0.0.1','内网IP','{\"admin\":false,\"createTime\":\"2022-11-15 17:25:36\",\"dataScope\":\"2\",\"delFlag\":\"0\",\"deptCheckStrictly\":true,\"flag\":false,\"menuCheckStrictly\":true,\"menuIds\":[],\"remark\":\"普通角色\",\"roleId\":2,\"roleKey\":\"common\",\"roleName\":\"普通角色\",\"roleSort\":\"2\",\"status\":\"0\",\"updateBy\":\"admin\"}','{\"msg\":\"操作成功\",\"code\":200}',0,NULL,'2022-11-28 11:50:41'),(260,'菜单管理',2,'com.tq.web.controller.system.SysMenuController.edit()','PUT',1,'admin',NULL,'/system/menu','127.0.0.1','内网IP','{\"children\":[],\"createTime\":\"2022-11-22 22:45:04\",\"icon\":\"education\",\"isCache\":\"0\",\"isFrame\":\"1\",\"menuId\":2070,\"menuName\":\"课程管理\",\"menuType\":\"M\",\"orderNum\":3,\"parentId\":0,\"path\":\"grade\",\"perms\":\"\",\"status\":\"0\",\"updateBy\":\"admin\",\"visible\":\"0\"}','{\"msg\":\"操作成功\",\"code\":200}',0,NULL,'2022-11-28 11:54:18'),(261,'菜单管理',3,'com.tq.web.controller.system.SysMenuController.remove()','DELETE',1,'admin',NULL,'/system/menu/2053','127.0.0.1','内网IP','{menuId=2053}','{\"msg\":\"操作成功\",\"code\":200}',0,NULL,'2022-11-28 11:54:42'),(262,'菜单管理',3,'com.tq.web.controller.system.SysMenuController.remove()','DELETE',1,'admin',NULL,'/system/menu/2052','127.0.0.1','内网IP','{menuId=2052}','{\"msg\":\"操作成功\",\"code\":200}',0,NULL,'2022-11-28 11:54:45'),(263,'菜单管理',3,'com.tq.web.controller.system.SysMenuController.remove()','DELETE',1,'admin',NULL,'/system/menu/2051','127.0.0.1','内网IP','{menuId=2051}','{\"msg\":\"操作成功\",\"code\":200}',0,NULL,'2022-11-28 11:54:48'),(264,'菜单管理',3,'com.tq.web.controller.system.SysMenuController.remove()','DELETE',1,'admin',NULL,'/system/menu/2050','127.0.0.1','内网IP','{menuId=2050}','{\"msg\":\"操作成功\",\"code\":200}',0,NULL,'2022-11-28 11:54:52'),(265,'菜单管理',3,'com.tq.web.controller.system.SysMenuController.remove()','DELETE',1,'admin',NULL,'/system/menu/2049','127.0.0.1','内网IP','{menuId=2049}','{\"msg\":\"操作成功\",\"code\":200}',0,NULL,'2022-11-28 11:54:55'),(266,'菜单管理',3,'com.tq.web.controller.system.SysMenuController.remove()','DELETE',1,'admin',NULL,'/system/menu/2048','127.0.0.1','内网IP','{menuId=2048}','{\"msg\":\"操作成功\",\"code\":200}',0,NULL,'2022-11-28 11:54:57'),(267,'菜单管理',3,'com.tq.web.controller.system.SysMenuController.remove()','DELETE',1,'admin',NULL,'/system/menu/2035','127.0.0.1','内网IP','{menuId=2035}','{\"msg\":\"操作成功\",\"code\":200}',0,NULL,'2022-11-28 11:55:37'),(268,'菜单管理',3,'com.tq.web.controller.system.SysMenuController.remove()','DELETE',1,'admin',NULL,'/system/menu/2034','127.0.0.1','内网IP','{menuId=2034}','{\"msg\":\"操作成功\",\"code\":200}',0,NULL,'2022-11-28 11:55:39'),(269,'菜单管理',3,'com.tq.web.controller.system.SysMenuController.remove()','DELETE',1,'admin',NULL,'/system/menu/2033','127.0.0.1','内网IP','{menuId=2033}','{\"msg\":\"操作成功\",\"code\":200}',0,NULL,'2022-11-28 11:55:42'),(270,'菜单管理',3,'com.tq.web.controller.system.SysMenuController.remove()','DELETE',1,'admin',NULL,'/system/menu/2032','127.0.0.1','内网IP','{menuId=2032}','{\"msg\":\"操作成功\",\"code\":200}',0,NULL,'2022-11-28 11:55:47'),(271,'菜单管理',3,'com.tq.web.controller.system.SysMenuController.remove()','DELETE',1,'admin',NULL,'/system/menu/2031','127.0.0.1','内网IP','{menuId=2031}','{\"msg\":\"操作成功\",\"code\":200}',0,NULL,'2022-11-28 11:55:50'),(272,'菜单管理',3,'com.tq.web.controller.system.SysMenuController.remove()','DELETE',1,'admin',NULL,'/system/menu/2030','127.0.0.1','内网IP','{menuId=2030}','{\"msg\":\"操作成功\",\"code\":200}',0,NULL,'2022-11-28 11:55:53'),(273,'菜单管理',2,'com.tq.web.controller.system.SysMenuController.edit()','PUT',1,'admin',NULL,'/system/menu','127.0.0.1','内网IP','{\"children\":[],\"createTime\":\"2022-11-15 17:25:36\",\"icon\":\"tool\",\"isCache\":\"0\",\"isFrame\":\"1\",\"menuId\":3,\"menuName\":\"系统工具\",\"menuType\":\"M\",\"orderNum\":1,\"parentId\":0,\"path\":\"tool\",\"perms\":\"\",\"query\":\"\",\"status\":\"0\",\"updateBy\":\"admin\",\"visible\":\"0\"}','{\"msg\":\"操作成功\",\"code\":200}',0,NULL,'2022-11-28 11:57:12'),(274,'菜单管理',2,'com.tq.web.controller.system.SysMenuController.edit()','PUT',1,'admin',NULL,'/system/menu','127.0.0.1','内网IP','{\"children\":[],\"createTime\":\"2022-11-15 17:25:36\",\"icon\":\"tool\",\"isCache\":\"0\",\"isFrame\":\"1\",\"menuId\":3,\"menuName\":\"系统工具\",\"menuType\":\"M\",\"orderNum\":1,\"parentId\":0,\"path\":\"tool\",\"perms\":\"\",\"query\":\"\",\"status\":\"0\",\"updateBy\":\"admin\",\"visible\":\"1\"}','{\"msg\":\"操作成功\",\"code\":200}',0,NULL,'2022-11-28 11:57:24'),(275,'菜单管理',2,'com.tq.web.controller.system.SysMenuController.edit()','PUT',1,'admin',NULL,'/system/menu','127.0.0.1','内网IP','{\"children\":[],\"component\":\"system/course/index\",\"createTime\":\"2022-11-28 15:08:23\",\"icon\":\"#\",\"isCache\":\"0\",\"isFrame\":\"1\",\"menuId\":2074,\"menuName\":\"课程\",\"menuType\":\"C\",\"orderNum\":1,\"parentId\":2070,\"path\":\"course\",\"perms\":\"system:course:list\",\"status\":\"0\",\"updateBy\":\"admin\",\"visible\":\"0\"}','{\"msg\":\"操作成功\",\"code\":200}',0,NULL,'2022-11-28 15:08:44'),(276,'菜单管理',2,'com.tq.web.controller.system.SysMenuController.edit()','PUT',1,'admin',NULL,'/system/menu','127.0.0.1','内网IP','{\"children\":[],\"component\":\"system/grade/index\",\"createTime\":\"2022-11-28 15:09:42\",\"icon\":\"#\",\"isCache\":\"0\",\"isFrame\":\"1\",\"menuId\":2080,\"menuName\":\"课程明细信息\",\"menuType\":\"C\",\"orderNum\":1,\"parentId\":2070,\"path\":\"grade\",\"perms\":\"system:grade:list\",\"status\":\"0\",\"updateBy\":\"admin\",\"visible\":\"0\"}','{\"msg\":\"操作成功\",\"code\":200}',0,NULL,'2022-11-28 15:09:56'),(277,'菜单管理',2,'com.tq.web.controller.system.SysMenuController.edit()','PUT',1,'admin',NULL,'/system/menu','127.0.0.1','内网IP','{\"children\":[],\"component\":\"system/student/index\",\"createTime\":\"2022-11-22 13:17:41\",\"icon\":\"people\",\"isCache\":\"0\",\"isFrame\":\"1\",\"menuId\":2054,\"menuName\":\"学生管理\",\"menuType\":\"C\",\"orderNum\":2,\"parentId\":0,\"path\":\"student\",\"perms\":\"system:student:list\",\"status\":\"0\",\"updateBy\":\"admin\",\"visible\":\"0\"}','{\"msg\":\"操作成功\",\"code\":200}',0,NULL,'2022-11-28 15:10:35'),(278,'菜单管理',2,'com.tq.web.controller.system.SysMenuController.edit()','PUT',1,'admin',NULL,'/system/menu','127.0.0.1','内网IP','{\"children\":[],\"createTime\":\"2022-11-22 22:45:04\",\"icon\":\"people\",\"isCache\":\"0\",\"isFrame\":\"1\",\"menuId\":2070,\"menuName\":\"课程管理\",\"menuType\":\"M\",\"orderNum\":3,\"parentId\":0,\"path\":\"grade\",\"perms\":\"\",\"status\":\"0\",\"updateBy\":\"admin\",\"visible\":\"0\"}','{\"msg\":\"操作成功\",\"code\":200}',0,NULL,'2022-11-28 15:10:51'),(279,'菜单管理',2,'com.tq.web.controller.system.SysMenuController.edit()','PUT',1,'admin',NULL,'/system/menu','127.0.0.1','内网IP','{\"children\":[],\"component\":\"system/objection/index\",\"createTime\":\"2022-11-28 15:11:40\",\"icon\":\"#\",\"isCache\":\"0\",\"isFrame\":\"1\",\"menuId\":2098,\"menuName\":\"成绩异议处理记录\",\"menuType\":\"C\",\"orderNum\":1,\"parentId\":2070,\"path\":\"objection\",\"perms\":\"system:objection:list\",\"status\":\"0\",\"updateBy\":\"admin\",\"visible\":\"0\"}','{\"msg\":\"操作成功\",\"code\":200}',0,NULL,'2022-11-28 15:12:02'),(280,'菜单管理',2,'com.tq.web.controller.system.SysMenuController.edit()','PUT',1,'admin',NULL,'/system/menu','127.0.0.1','内网IP','{\"children\":[],\"component\":\"system/exam/index\",\"createTime\":\"2022-11-28 15:11:31\",\"icon\":\"#\",\"isCache\":\"0\",\"isFrame\":\"1\",\"menuId\":2086,\"menuName\":\"课程考试安排\",\"menuType\":\"C\",\"orderNum\":1,\"parentId\":2070,\"path\":\"exam\",\"perms\":\"system:exam:list\",\"status\":\"0\",\"updateBy\":\"admin\",\"visible\":\"0\"}','{\"msg\":\"操作成功\",\"code\":200}',0,NULL,'2022-11-28 15:12:07'),(281,'菜单管理',2,'com.tq.web.controller.system.SysMenuController.edit()','PUT',1,'admin',NULL,'/system/menu','127.0.0.1','内网IP','{\"children\":[],\"component\":\"system/detail/index\",\"createTime\":\"2022-11-28 15:11:34\",\"icon\":\"#\",\"isCache\":\"0\",\"isFrame\":\"1\",\"menuId\":2092,\"menuName\":\"课程考试安排明细\",\"menuType\":\"C\",\"orderNum\":1,\"parentId\":2070,\"path\":\"detail\",\"perms\":\"system:detail:list\",\"status\":\"0\",\"updateBy\":\"admin\",\"visible\":\"0\"}','{\"msg\":\"操作成功\",\"code\":200}',0,NULL,'2022-11-28 15:12:13'),(282,'课程',2,'com.tq.system.controller.StuCourseController.edit()','PUT',1,'admin',NULL,'/system/course','127.0.0.1','内网IP','{\"courseCredit\":4,\"courseDate\":\"2022-11-16 00:00:00\",\"courseHours\":48,\"courseId\":1,\"courseName\":\"数据结构\",\"courseType\":\"公共选修课\",\"studyingWay\":\"0\",\"teaId\":2,\"teaName\":\"罗建平\"}','{\"msg\":\"操作成功\",\"code\":200}',0,NULL,'2022-11-28 16:44:52'),(283,'课程',2,'com.tq.system.controller.StuCourseController.edit()','PUT',1,'admin',NULL,'/system/course','127.0.0.1','内网IP','{\"courseCredit\":4,\"courseDate\":\"2022-11-22 00:00:00\",\"courseHours\":214,\"courseId\":2,\"courseName\":\"软件工程\",\"courseType\":\"公共选修课\",\"studyingWay\":\"0\",\"teaId\":5,\"teaName\":\"罗建平\"}','{\"msg\":\"操作成功\",\"code\":200}',0,NULL,'2022-11-28 16:46:26'),(284,'菜单管理',1,'com.tq.web.controller.system.SysMenuController.add()','POST',1,'admin',NULL,'/system/menu','127.0.0.1','内网IP','{\"children\":[],\"createBy\":\"admin\",\"isCache\":\"0\",\"isFrame\":\"1\",\"menuName\":\"教师全部查询\",\"menuType\":\"F\",\"orderNum\":0,\"parentId\":2060,\"perms\":\"system:teacher:allList\",\"status\":\"0\",\"visible\":\"0\"}','{\"msg\":\"操作成功\",\"code\":200}',0,NULL,'2022-11-28 16:57:36'),(285,'课程',2,'com.tq.system.controller.StuCourseController.edit()','PUT',1,'admin',NULL,'/system/course','127.0.0.1','内网IP','{\"courseCredit\":4,\"courseDate\":\"2022-11-22 00:00:00\",\"courseHours\":22,\"courseId\":4,\"courseName\":\"信息安全管理\",\"courseType\":\"公共选修课\",\"studyingWay\":\"0\",\"teaId\":3,\"teaName\":\"罗建平\"}','{\"msg\":\"操作成功\",\"code\":200}',0,NULL,'2022-11-28 17:05:53'),(286,'菜单管理',1,'com.tq.web.controller.system.SysMenuController.add()','POST',1,'admin',NULL,'/system/menu','127.0.0.1','内网IP','{\"children\":[],\"createBy\":\"admin\",\"isCache\":\"0\",\"isFrame\":\"1\",\"menuName\":\"课程全部查询\",\"menuType\":\"F\",\"orderNum\":0,\"parentId\":2074,\"perms\":\"system:course:allList\",\"status\":\"0\",\"visible\":\"0\"}','{\"msg\":\"操作成功\",\"code\":200}',0,NULL,'2022-11-28 17:27:10'),(287,'菜单管理',2,'com.tq.web.controller.system.SysMenuController.edit()','PUT',1,'admin',NULL,'/system/menu','127.0.0.1','内网IP','{\"children\":[],\"component\":\"\",\"createTime\":\"2022-11-28 15:08:23\",\"icon\":\"#\",\"isCache\":\"0\",\"isFrame\":\"1\",\"menuId\":2075,\"menuName\":\"课程分页查询\",\"menuType\":\"F\",\"orderNum\":1,\"parentId\":2074,\"path\":\"#\",\"perms\":\"system:course:query\",\"status\":\"0\",\"updateBy\":\"admin\",\"visible\":\"0\"}','{\"msg\":\"操作成功\",\"code\":200}',0,NULL,'2022-11-28 17:27:21'),(288,'菜单管理',1,'com.tq.web.controller.system.SysMenuController.add()','POST',1,'admin',NULL,'/system/menu','127.0.0.1','内网IP','{\"children\":[],\"createBy\":\"admin\",\"isCache\":\"0\",\"isFrame\":\"1\",\"menuName\":\"班级管理查询班级列表及下面的学生\",\"menuType\":\"F\",\"orderNum\":5,\"parentId\":2024,\"perms\":\"system:class:listOfStudent\",\"status\":\"0\",\"visible\":\"0\"}','{\"msg\":\"操作成功\",\"code\":200}',0,NULL,'2022-12-03 18:39:52'),(289,'菜单管理',2,'com.tq.web.controller.system.SysMenuController.edit()','PUT',1,'admin',NULL,'/system/menu','127.0.0.1','内网IP','{\"children\":[],\"createTime\":\"2022-12-03 18:39:52\",\"icon\":\"#\",\"isCache\":\"0\",\"isFrame\":\"1\",\"menuId\":2106,\"menuName\":\"班级管理查询班级列表及下面的学生\",\"menuType\":\"F\",\"orderNum\":6,\"parentId\":2024,\"path\":\"\",\"perms\":\"system:class:listOfStudent\",\"status\":\"0\",\"updateBy\":\"admin\",\"visible\":\"0\"}','{\"msg\":\"操作成功\",\"code\":200}',0,NULL,'2022-12-03 18:40:02'),(290,'课程明细信息',1,'com.tq.system.controller.StuGradeController.add()','POST',1,'admin',NULL,'/system/grade','127.0.0.1','内网IP','{\"courseId\":1,\"term\":\"2010-1\"}',NULL,1,'\r\n### Error updating database.  Cause: java.sql.SQLException: Field \'stu_id\' doesn\'t have a default value\r\n### The error may exist in file [D:\\graduationProject\\vue3前端借鉴\\stu-grades-admin\\stu-system\\target\\classes\\mapper\\system\\StuGradeMapper.xml]\r\n### The error may involve com.tq.system.mapper.stu.StuGradeMapper.insertStuGrade-Inline\r\n### The error occurred while setting parameters\r\n### SQL: insert into stu_grade          ( course_id,                                                                                           term )           values ( ?,                                                                                           ? )\r\n### Cause: java.sql.SQLException: Field \'stu_id\' doesn\'t have a default value\n; Field \'stu_id\' doesn\'t have a default value; nested exception is java.sql.SQLException: Field \'stu_id\' doesn\'t have a default value','2022-12-03 20:47:51'),(291,'课程明细信息',1,'com.tq.system.controller.StuGradeController.add()','POST',1,'admin',NULL,'/system/grade','127.0.0.1','内网IP','{\"courseId\":1,\"term\":\"2008-2\"}',NULL,1,'\r\n### Error updating database.  Cause: java.sql.SQLException: Field \'stu_id\' doesn\'t have a default value\r\n### The error may exist in file [D:\\graduationProject\\vue3前端借鉴\\stu-grades-admin\\stu-system\\target\\classes\\mapper\\system\\StuGradeMapper.xml]\r\n### The error may involve com.tq.system.mapper.stu.StuGradeMapper.insertStuGrade-Inline\r\n### The error occurred while setting parameters\r\n### SQL: insert into stu_grade          ( course_id,                                                                                           term )           values ( ?,                                                                                           ? )\r\n### Cause: java.sql.SQLException: Field \'stu_id\' doesn\'t have a default value\n; Field \'stu_id\' doesn\'t have a default value; nested exception is java.sql.SQLException: Field \'stu_id\' doesn\'t have a default value','2022-12-03 21:29:25'),(292,'课程明细信息',1,'com.tq.system.controller.StuGradeController.add()','POST',1,'admin',NULL,'/system/grade','127.0.0.1','内网IP','{\"courseId\":1,\"term\":\"2022-1\"}',NULL,1,'\r\n### Error updating database.  Cause: java.sql.SQLException: Field \'stu_id\' doesn\'t have a default value\r\n### The error may exist in file [D:\\graduationProject\\vue3前端借鉴\\stu-grades-admin\\stu-system\\target\\classes\\mapper\\system\\StuGradeMapper.xml]\r\n### The error may involve com.tq.system.mapper.stu.StuGradeMapper.insertStuGrade-Inline\r\n### The error occurred while setting parameters\r\n### SQL: insert into stu_grade          ( course_id,                                                                                           term )           values ( ?,                                                                                           ? )\r\n### Cause: java.sql.SQLException: Field \'stu_id\' doesn\'t have a default value\n; Field \'stu_id\' doesn\'t have a default value; nested exception is java.sql.SQLException: Field \'stu_id\' doesn\'t have a default value','2022-12-03 21:31:44'),(293,'课程明细信息',1,'com.tq.system.controller.StuGradeController.add()','POST',1,'admin',NULL,'/system/grade','127.0.0.1','内网IP','{\"courseId\":1,\"term\":\"2022-1\"}',NULL,1,'\r\n### Error updating database.  Cause: java.sql.SQLException: Field \'stu_id\' doesn\'t have a default value\r\n### The error may exist in file [D:\\graduationProject\\vue3前端借鉴\\stu-grades-admin\\stu-system\\target\\classes\\mapper\\system\\StuGradeMapper.xml]\r\n### The error may involve com.tq.system.mapper.stu.StuGradeMapper.insertStuGrade-Inline\r\n### The error occurred while setting parameters\r\n### SQL: insert into stu_grade          ( course_id,                                                                                           term )           values ( ?,                                                                                           ? )\r\n### Cause: java.sql.SQLException: Field \'stu_id\' doesn\'t have a default value\n; Field \'stu_id\' doesn\'t have a default value; nested exception is java.sql.SQLException: Field \'stu_id\' doesn\'t have a default value','2022-12-03 21:33:20'),(294,'课程明细信息',1,'com.tq.system.controller.StuGradeController.add()','POST',1,'admin',NULL,'/system/grade','127.0.0.1','内网IP','{\"courseId\":1,\"term\":\"2010-1\"}',NULL,1,'\r\n### Error updating database.  Cause: java.sql.SQLException: Field \'stu_id\' doesn\'t have a default value\r\n### The error may exist in file [D:\\graduationProject\\vue3前端借鉴\\stu-grades-admin\\stu-system\\target\\classes\\mapper\\system\\StuGradeMapper.xml]\r\n### The error may involve com.tq.system.mapper.stu.StuGradeMapper.insertStuGrade-Inline\r\n### The error occurred while setting parameters\r\n### SQL: insert into stu_grade          ( course_id,                                                                                           term )           values ( ?,                                                                                           ? )\r\n### Cause: java.sql.SQLException: Field \'stu_id\' doesn\'t have a default value\n; Field \'stu_id\' doesn\'t have a default value; nested exception is java.sql.SQLException: Field \'stu_id\' doesn\'t have a default value','2022-12-03 21:33:36'),(295,'菜单管理',1,'com.tq.web.controller.system.SysMenuController.add()','POST',1,'admin',NULL,'/system/menu','127.0.0.1','内网IP','{\"children\":[],\"createBy\":\"admin\",\"isCache\":\"0\",\"isFrame\":\"1\",\"menuName\":\"课程明细信息批量新增\",\"menuType\":\"F\",\"orderNum\":2,\"parentId\":2080,\"perms\":\"system:grade:addMultiple\",\"status\":\"0\",\"visible\":\"0\"}','{\"msg\":\"操作成功\",\"code\":200}',0,NULL,'2022-12-03 22:10:56'),(296,'批量新增课程明细信息',1,'com.tq.system.controller.StuGradeController.addMultiple()','POST',1,'admin',NULL,'/system/grade/addMultiple','127.0.0.1','内网IP','{\"courseId\":1,\"stuIdList\":[1,2,3,4,5,6],\"term\":\"2021-2\"}',NULL,1,'\r\n### Error updating database.  Cause: java.sql.SQLSyntaxErrorException: You have an error in your SQL syntax; check the manual that corresponds to your MySQL server version for the right syntax to use near \'values ( 1,\n                \n                \n                \n                \n\' at line 20\r\n### The error may exist in file [D:\\graduationProject\\vue3前端借鉴\\stu-grades-admin\\stu-system\\target\\classes\\mapper\\system\\StuGradeMapper.xml]\r\n### The error may involve com.tq.system.mapper.stu.StuGradeMapper.insertMultipleStuGrade-Inline\r\n### The error occurred while setting parameters\r\n### SQL: insert into stu_grade          ( course_id,                                                                                           term )                          values ( ?,                                                                                                                       ? )                         , values ( ?,                                                                                                                       ? )                         , values ( ?,                                                                                                                       ? )                         , values ( ?,                                                                                                                       ? )                         , values ( ?,                                                                                                                       ? )                         , values ( ?,                                                                                                                       ? )\r\n### Cause: java.sql.SQLSyntaxErrorException: You have an error in your SQL syntax; check the manual that corresponds to your MySQL server version for the right syntax to use near \'values ( 1,\n                \n                \n                \n                \n\' at line 20\n; bad SQL grammar []; nested','2022-12-03 22:13:41'),(297,'批量新增课程明细信息',1,'com.tq.system.controller.StuGradeController.addMultiple()','POST',1,'admin',NULL,'/system/grade/addMultiple','127.0.0.1','内网IP','{\"courseId\":1,\"stuIdList\":[1,2,3,4,5,6],\"term\":\"2021-2\"}',NULL,1,'\r\n### Error updating database.  Cause: java.sql.SQLSyntaxErrorException: You have an error in your SQL syntax; check the manual that corresponds to your MySQL server version for the right syntax to use near \'1,\n                \n                \n                \n                \n         \' at line 21\r\n### The error may exist in file [D:\\graduationProject\\vue3前端借鉴\\stu-grades-admin\\stu-system\\target\\classes\\mapper\\system\\StuGradeMapper.xml]\r\n### The error may involve com.tq.system.mapper.stu.StuGradeMapper.insertMultipleStuGrade-Inline\r\n### The error occurred while setting parameters\r\n### SQL: insert into stu_grade          ( course_id,                                                                                           term )                    values ( ?,                                                                                                                       ?,                                               ,?,                                                                                                                       ?,                                               ,?,                                                                                                                       ?,                                               ,?,                                                                                                                       ?,                                               ,?,                                                                                                                       ?,                                               ,?,                                                                                                                       ? )\r\n### Cause: java.sql.SQLSyntaxErrorException: You have an error in your SQL syntax; check the manual that corresponds to your MySQL server version for the right syntax to use near \'1,\n                \n                \n                \n                \n ','2022-12-03 22:15:41'),(298,'批量新增课程明细信息',1,'com.tq.system.controller.StuGradeController.addMultiple()','POST',1,'admin',NULL,'/system/grade/addMultiple','127.0.0.1','内网IP','{\"courseId\":1,\"stuIdList\":[7],\"term\":\"2011-2\"}',NULL,1,'nested exception is org.apache.ibatis.reflection.ReflectionException: There is no getter for property named \'StuGrade\' in \'class com.tq.system.domain.stu.StuGrade\'','2022-12-03 22:24:53'),(299,'批量新增课程明细信息',1,'com.tq.system.controller.StuGradeController.addMultiple()','POST',1,'admin',NULL,'/system/grade/addMultiple','127.0.0.1','内网IP','{\"courseId\":1,\"stuIdList\":[1,2,3,4,5,6],\"term\":\"2010-1\"}',NULL,1,'\r\n### Error updating database.  Cause: java.sql.SQLSyntaxErrorException: You have an error in your SQL syntax; check the manual that corresponds to your MySQL server version for the right syntax to use near \'2,\n                1,\n                \n                \n                \n       \' at line 21\r\n### The error may exist in file [D:\\graduationProject\\vue3前端借鉴\\stu-grades-admin\\stu-system\\target\\classes\\mapper\\system\\StuGradeMapper.xml]\r\n### The error may involve com.tq.system.mapper.stu.StuGradeMapper.insertMultipleStuGrade-Inline\r\n### The error occurred while setting parameters\r\n### SQL: insert into stu_grade          ( course_id,                                                                                           term )            values ( ?,                 ?,                                                                                                                       ?,                              ,?,                 ?,                                                                                                                       ?,                              ,?,                 ?,                                                                                                                       ?,                              ,?,                 ?,                                                                                                                       ?,                              ,?,                 ?,                                                                                                                       ?,                              ,?,                 ?,                                                                                                                       ? )\r\n### Cause: java.sql.SQLSyntaxErrorException: You have an error in your SQL syntax; check the manual that corresponds to your MySQL server version for the right syntax to use near \'2,\n                1,\n                \n            ','2022-12-03 22:26:33'),(300,'批量新增课程明细信息',1,'com.tq.system.controller.StuGradeController.addMultiple()','POST',1,'admin',NULL,'/system/grade/addMultiple','127.0.0.1','内网IP','[{\"courseId\":1,\"stuId\":6,\"stuIdList\":[1,2,3,4,5,6],\"term\":\"2010-1\"},{\"courseId\":1,\"stuId\":6,\"stuIdList\":[1,2,3,4,5,6],\"term\":\"2010-1\"},{\"courseId\":1,\"stuId\":6,\"stuIdList\":[1,2,3,4,5,6],\"term\":\"2010-1\"},{\"courseId\":1,\"stuId\":6,\"stuIdList\":[1,2,3,4,5,6],\"term\":\"2010-1\"},{\"courseId\":1,\"stuId\":6,\"stuIdList\":[1,2,3,4,5,6],\"term\":\"2010-1\"},{\"courseId\":1,\"stuId\":6,\"stuIdList\":[1,2,3,4,5,6],\"term\":\"2010-1\"}]',NULL,1,'nested exception is org.apache.ibatis.binding.BindingException: Parameter \'stuId\' not found. Available parameters are [arg0, collection, list]','2022-12-03 22:39:53'),(301,'批量新增课程明细信息',1,'com.tq.system.controller.StuGradeController.addMultiple()','POST',1,'admin',NULL,'/system/grade/addMultiple','127.0.0.1','内网IP','[{\"courseId\":1,\"stuId\":6,\"stuIdList\":[1,2,3,4,5,6],\"term\":\"2010-1\"},{\"courseId\":1,\"stuId\":6,\"stuIdList\":[1,2,3,4,5,6],\"term\":\"2010-1\"},{\"courseId\":1,\"stuId\":6,\"stuIdList\":[1,2,3,4,5,6],\"term\":\"2010-1\"},{\"courseId\":1,\"stuId\":6,\"stuIdList\":[1,2,3,4,5,6],\"term\":\"2010-1\"},{\"courseId\":1,\"stuId\":6,\"stuIdList\":[1,2,3,4,5,6],\"term\":\"2010-1\"},{\"courseId\":1,\"stuId\":6,\"stuIdList\":[1,2,3,4,5,6],\"term\":\"2010-1\"}]',NULL,1,'nested exception is org.apache.ibatis.binding.BindingException: Parameter \'stuId\' not found. Available parameters are [arg0, collection, list]','2022-12-03 22:47:15'),(302,'批量新增课程明细信息',1,'com.tq.system.controller.StuGradeController.addMultiple()','POST',1,'admin',NULL,'/system/grade/addMultiple','127.0.0.1','内网IP','[{\"courseId\":1,\"stuId\":6,\"term\":\"2010-2\"},{\"courseId\":1,\"stuId\":6,\"term\":\"2010-2\"},{\"courseId\":1,\"stuId\":6,\"term\":\"2010-2\"},{\"courseId\":1,\"stuId\":6,\"term\":\"2010-2\"},{\"courseId\":1,\"stuId\":6,\"term\":\"2010-2\"},{\"courseId\":1,\"stuId\":6,\"term\":\"2010-2\"}]',NULL,1,'nested exception is org.apache.ibatis.binding.BindingException: Parameter \'stuId\' not found. Available parameters are [arg0, collection, list]','2022-12-03 22:51:06'),(303,'批量新增课程明细信息',1,'com.tq.system.controller.StuGradeController.addMultiple()','POST',1,'admin',NULL,'/system/grade/addMultiple','127.0.0.1','内网IP','[{\"courseId\":1,\"stuId\":6,\"term\":\"2010-2\"},{\"courseId\":1,\"stuId\":6,\"term\":\"2010-2\"},{\"courseId\":1,\"stuId\":6,\"term\":\"2010-2\"},{\"courseId\":1,\"stuId\":6,\"term\":\"2010-2\"},{\"courseId\":1,\"stuId\":6,\"term\":\"2010-2\"},{\"courseId\":1,\"stuId\":6,\"term\":\"2010-2\"}]',NULL,1,'nested exception is org.apache.ibatis.binding.BindingException: Parameter \'stuId\' not found. Available parameters are [arg0, collection, list]','2022-12-03 22:51:08'),(304,'批量新增课程明细信息',1,'com.tq.system.controller.StuGradeController.addMultiple()','POST',1,'admin',NULL,'/system/grade/addMultiple','127.0.0.1','内网IP','[{\"courseId\":1,\"stuId\":6,\"term\":\"2010-2\"},{\"courseId\":1,\"stuId\":6,\"term\":\"2010-2\"},{\"courseId\":1,\"stuId\":6,\"term\":\"2010-2\"},{\"courseId\":1,\"stuId\":6,\"term\":\"2010-2\"},{\"courseId\":1,\"stuId\":6,\"term\":\"2010-2\"},{\"courseId\":1,\"stuId\":6,\"term\":\"2010-2\"}]',NULL,1,'nested exception is org.apache.ibatis.binding.BindingException: Parameter \'stuId\' not found. Available parameters are [arg0, collection, list]','2022-12-03 22:52:43'),(305,'批量新增课程明细信息',1,'com.tq.system.controller.StuGradeController.addMultiple()','POST',1,'admin',NULL,'/system/grade/addMultiple','127.0.0.1','内网IP','[{\"courseId\":1,\"stuId\":6,\"term\":\"2010-1\"},{\"courseId\":1,\"stuId\":6,\"term\":\"2010-1\"},{\"courseId\":1,\"stuId\":6,\"term\":\"2010-1\"},{\"courseId\":1,\"stuId\":6,\"term\":\"2010-1\"},{\"courseId\":1,\"stuId\":6,\"term\":\"2010-1\"},{\"courseId\":1,\"stuId\":6,\"term\":\"2010-1\"}]',NULL,1,'nested exception is org.apache.ibatis.binding.BindingException: Parameter \'stuId\' not found. Available parameters are [arg0, collection, list]','2022-12-03 22:53:00'),(306,'批量新增课程明细信息',1,'com.tq.system.controller.StuGradeController.addMultiple()','POST',1,'admin',NULL,'/system/grade/addMultiple','127.0.0.1','内网IP','[{\"courseId\":1,\"stuId\":6,\"term\":\"2010-1\"},{\"courseId\":1,\"stuId\":6,\"term\":\"2010-1\"},{\"courseId\":1,\"stuId\":6,\"term\":\"2010-1\"},{\"courseId\":1,\"stuId\":6,\"term\":\"2010-1\"},{\"courseId\":1,\"stuId\":6,\"term\":\"2010-1\"},{\"courseId\":1,\"stuId\":6,\"term\":\"2010-1\"}]',NULL,1,'nested exception is org.apache.ibatis.binding.BindingException: Parameter \'stuId\' not found. Available parameters are [arg0, collection, list]','2022-12-03 22:58:47'),(307,'批量新增课程明细信息',1,'com.tq.system.controller.StuGradeController.addMultiple()','POST',1,'admin',NULL,'/system/grade/addMultiple','127.0.0.1','内网IP','[{\"courseId\":1,\"stuId\":6,\"term\":\"2010-1\"},{\"courseId\":1,\"stuId\":6,\"term\":\"2010-1\"},{\"courseId\":1,\"stuId\":6,\"term\":\"2010-1\"},{\"courseId\":1,\"stuId\":6,\"term\":\"2010-1\"},{\"courseId\":1,\"stuId\":6,\"term\":\"2010-1\"},{\"courseId\":1,\"stuId\":6,\"term\":\"2010-1\"}]',NULL,1,'nested exception is org.apache.ibatis.binding.BindingException: Parameter \'stuId\' not found. Available parameters are [arg0, collection, list]','2022-12-03 23:00:52'),(308,'批量新增课程明细信息',1,'com.tq.system.controller.StuGradeController.addMultiple()','POST',1,'admin',NULL,'/system/grade/addMultiple','127.0.0.1','内网IP','[{\"courseId\":1,\"stuId\":6,\"term\":\"2010-1\"},{\"courseId\":1,\"stuId\":6,\"term\":\"2010-1\"},{\"courseId\":1,\"stuId\":6,\"term\":\"2010-1\"},{\"courseId\":1,\"stuId\":6,\"term\":\"2010-1\"},{\"courseId\":1,\"stuId\":6,\"term\":\"2010-1\"},{\"courseId\":1,\"stuId\":6,\"term\":\"2010-1\"}]',NULL,1,'nested exception is org.apache.ibatis.binding.BindingException: Parameter \'stuId\' not found. Available parameters are [arg0, collection, list]','2022-12-03 23:01:57'),(309,'批量新增课程明细信息',1,'com.tq.system.controller.StuGradeController.addMultiple()','POST',1,'admin',NULL,'/system/grade/addMultiple','127.0.0.1','内网IP','[{\"courseId\":1,\"stuId\":6,\"term\":\"2010-1\"},{\"courseId\":1,\"stuId\":6,\"term\":\"2010-1\"},{\"courseId\":1,\"stuId\":6,\"term\":\"2010-1\"},{\"courseId\":1,\"stuId\":6,\"term\":\"2010-1\"},{\"courseId\":1,\"stuId\":6,\"term\":\"2010-1\"},{\"courseId\":1,\"stuId\":6,\"term\":\"2010-1\"}]',NULL,1,'nested exception is org.apache.ibatis.binding.BindingException: Parameter \'stuId\' not found. Available parameters are [arg0, collection, list]','2022-12-03 23:07:35'),(310,'批量新增课程明细信息',1,'com.tq.system.controller.StuGradeController.addMultiple()','POST',1,'admin',NULL,'/system/grade/addMultiple','127.0.0.1','内网IP','[{\"courseId\":1,\"stuId\":6,\"term\":\"2010-1\"},{\"courseId\":1,\"stuId\":6,\"term\":\"2010-1\"},{\"courseId\":1,\"stuId\":6,\"term\":\"2010-1\"},{\"courseId\":1,\"stuId\":6,\"term\":\"2010-1\"},{\"courseId\":1,\"stuId\":6,\"term\":\"2010-1\"},{\"courseId\":1,\"stuId\":6,\"term\":\"2010-1\"}]',NULL,1,'nested exception is org.apache.ibatis.binding.BindingException: Parameter \'stuId\' not found. Available parameters are [arg0, collection, list]','2022-12-03 23:07:58'),(311,'批量新增课程明细信息',1,'com.tq.system.controller.StuGradeController.addMultiple()','POST',1,'admin',NULL,'/system/grade/addMultiple','127.0.0.1','内网IP','[{\"courseId\":1,\"stuId\":6,\"term\":\"2010-1\"},{\"courseId\":1,\"stuId\":6,\"term\":\"2010-1\"},{\"courseId\":1,\"stuId\":6,\"term\":\"2010-1\"},{\"courseId\":1,\"stuId\":6,\"term\":\"2010-1\"},{\"courseId\":1,\"stuId\":6,\"term\":\"2010-1\"},{\"courseId\":1,\"stuId\":6,\"term\":\"2010-1\"}]',NULL,1,'nested exception is org.apache.ibatis.binding.BindingException: Parameter \'stuId\' not found. Available parameters are [arg0, collection, list]','2022-12-03 23:20:12'),(312,'批量新增课程明细信息',1,'com.tq.system.controller.StuGradeController.addMultiple()','POST',1,'admin',NULL,'/system/grade/addMultiple','127.0.0.1','内网IP','[{\"courseId\":1,\"stuId\":6,\"term\":\"2010-2\"},{\"courseId\":1,\"stuId\":6,\"term\":\"2010-2\"},{\"courseId\":1,\"stuId\":6,\"term\":\"2010-2\"},{\"courseId\":1,\"stuId\":6,\"term\":\"2010-2\"},{\"courseId\":1,\"stuId\":6,\"term\":\"2010-2\"},{\"courseId\":1,\"stuId\":6,\"term\":\"2010-2\"}]',NULL,1,'nested exception is org.apache.ibatis.binding.BindingException: Parameter \'stuId\' not found. Available parameters are [arg0, collection, list]','2022-12-03 23:20:25'),(313,'批量新增课程明细信息',1,'com.tq.system.controller.StuGradeController.addMultiple()','POST',1,'admin',NULL,'/system/grade/addMultiple','127.0.0.1','内网IP','[{\"courseId\":1,\"stuId\":6,\"term\":\"2010-2\"},{\"courseId\":1,\"stuId\":6,\"term\":\"2010-2\"},{\"courseId\":1,\"stuId\":6,\"term\":\"2010-2\"},{\"courseId\":1,\"stuId\":6,\"term\":\"2010-2\"},{\"courseId\":1,\"stuId\":6,\"term\":\"2010-2\"},{\"courseId\":1,\"stuId\":6,\"term\":\"2010-2\"}]',NULL,1,'nested exception is org.apache.ibatis.binding.BindingException: Parameter \'stuId\' not found. Available parameters are [arg0, collection, list]','2022-12-03 23:23:10'),(314,'批量新增课程明细信息',1,'com.tq.system.controller.StuGradeController.addMultiple()','POST',1,'admin',NULL,'/system/grade/addMultiple','127.0.0.1','内网IP','[{\"courseId\":1,\"stuId\":6,\"term\":\"2010-2\"},{\"courseId\":1,\"stuId\":6,\"term\":\"2010-2\"},{\"courseId\":1,\"stuId\":6,\"term\":\"2010-2\"},{\"courseId\":1,\"stuId\":6,\"term\":\"2010-2\"},{\"courseId\":1,\"stuId\":6,\"term\":\"2010-2\"},{\"courseId\":1,\"stuId\":6,\"term\":\"2010-2\"}]',NULL,1,'nested exception is org.apache.ibatis.binding.BindingException: Parameter \'stuId\' not found. Available parameters are [arg0, collection, list]','2022-12-03 23:23:47'),(315,'批量新增课程明细信息',1,'com.tq.system.controller.StuGradeController.addMultiple()','POST',1,'admin',NULL,'/system/grade/addMultiple','127.0.0.1','内网IP','[{\"courseId\":1,\"stuId\":6,\"term\":\"2010-2\"},{\"courseId\":1,\"stuId\":6,\"term\":\"2010-2\"},{\"courseId\":1,\"stuId\":6,\"term\":\"2010-2\"},{\"courseId\":1,\"stuId\":6,\"term\":\"2010-2\"},{\"courseId\":1,\"stuId\":6,\"term\":\"2010-2\"},{\"courseId\":1,\"stuId\":6,\"term\":\"2010-2\"}]',NULL,1,'nested exception is org.apache.ibatis.binding.BindingException: Parameter \'stuId\' not found. Available parameters are [arg0, collection, list]','2022-12-03 23:31:01'),(316,'课程明细信息',1,'com.tq.system.controller.StuGradeController.add()','POST',1,'admin',NULL,'/system/grade','127.0.0.1','内网IP','{\"courseId\":1,\"gradeId\":1,\"stuId\":1,\"term\":\"2009-1\"}','{\"msg\":\"操作成功\",\"code\":200}',0,NULL,'2022-12-03 23:34:13'),(317,'批量新增课程明细信息',1,'com.tq.system.controller.StuGradeController.addMultiple()','POST',1,'admin',NULL,'/system/grade/addMultiple','127.0.0.1','内网IP','[{\"courseId\":1,\"stuId\":6,\"term\":\"2009-1\"},{\"courseId\":1,\"stuId\":6,\"term\":\"2009-1\"},{\"courseId\":1,\"stuId\":6,\"term\":\"2009-1\"},{\"courseId\":1,\"stuId\":6,\"term\":\"2009-1\"},{\"courseId\":1,\"stuId\":6,\"term\":\"2009-1\"},{\"courseId\":1,\"stuId\":6,\"term\":\"2009-1\"}]',NULL,1,'nested exception is org.apache.ibatis.binding.BindingException: Parameter \'stuId\' not found. Available parameters are [arg0, collection, list]','2022-12-03 23:34:40'),(318,'批量新增课程明细信息',1,'com.tq.system.controller.StuGradeController.addMultiple()','POST',1,'admin',NULL,'/system/grade/addMultiple','127.0.0.1','内网IP','[{\"courseId\":1,\"stuId\":6,\"term\":\"2011-2\"},{\"courseId\":1,\"stuId\":6,\"term\":\"2011-2\"},{\"courseId\":1,\"stuId\":6,\"term\":\"2011-2\"},{\"courseId\":1,\"stuId\":6,\"term\":\"2011-2\"},{\"courseId\":1,\"stuId\":6,\"term\":\"2011-2\"},{\"courseId\":1,\"stuId\":6,\"term\":\"2011-2\"}]',NULL,1,'nested exception is org.apache.ibatis.binding.BindingException: Parameter \'stuId\' not found. Available parameters are [arg0, collection, list]','2022-12-03 23:41:45'),(319,'批量新增课程明细信息',1,'com.tq.system.controller.StuGradeController.addMultiple()','POST',1,'admin',NULL,'/system/grade/addMultiple','127.0.0.1','内网IP','[{\"courseId\":1,\"stuId\":6,\"term\":\"2011-2\"},{\"courseId\":1,\"stuId\":6,\"term\":\"2011-2\"},{\"courseId\":1,\"stuId\":6,\"term\":\"2011-2\"},{\"courseId\":1,\"stuId\":6,\"term\":\"2011-2\"},{\"courseId\":1,\"stuId\":6,\"term\":\"2011-2\"},{\"courseId\":1,\"stuId\":6,\"term\":\"2011-2\"}]',NULL,1,'nested exception is org.apache.ibatis.binding.BindingException: Parameter \'stuId\' not found. Available parameters are [arg0, collection, list]','2022-12-03 23:41:47'),(320,'批量新增课程明细信息',1,'com.tq.system.controller.StuGradeController.addMultiple()','POST',1,'admin',NULL,'/system/grade/addMultiple','127.0.0.1','内网IP','[{\"courseId\":1,\"stuId\":6,\"term\":\"2011-2\"},{\"courseId\":1,\"stuId\":6,\"term\":\"2011-2\"},{\"courseId\":1,\"stuId\":6,\"term\":\"2011-2\"},{\"courseId\":1,\"stuId\":6,\"term\":\"2011-2\"},{\"courseId\":1,\"stuId\":6,\"term\":\"2011-2\"},{\"courseId\":1,\"stuId\":6,\"term\":\"2011-2\"}]',NULL,1,'nested exception is org.apache.ibatis.binding.BindingException: Parameter \'stuId\' not found. Available parameters are [arg0, collection, list]','2022-12-03 23:45:08'),(321,'批量新增课程明细信息',1,'com.tq.system.controller.StuGradeController.addMultiple()','POST',1,'admin',NULL,'/system/grade/addMultiple','127.0.0.1','内网IP','[{\"courseId\":1,\"stuId\":6,\"term\":\"2010-1\"},{\"courseId\":1,\"stuId\":6,\"term\":\"2010-1\"},{\"courseId\":1,\"stuId\":6,\"term\":\"2010-1\"},{\"courseId\":1,\"stuId\":6,\"term\":\"2010-1\"},{\"courseId\":1,\"stuId\":6,\"term\":\"2010-1\"},{\"courseId\":1,\"stuId\":6,\"term\":\"2010-1\"}]',NULL,1,'nested exception is org.apache.ibatis.binding.BindingException: Parameter \'stuId\' not found. Available parameters are [arg0, collection, list]','2022-12-04 12:14:00'),(322,'批量新增课程明细信息',1,'com.tq.system.controller.StuGradeController.addMultiple()','POST',1,'admin',NULL,'/system/grade/addMultiple','127.0.0.1','内网IP','[{\"courseId\":1,\"stuId\":6,\"term\":\"2010-1\"},{\"courseId\":1,\"stuId\":6,\"term\":\"2010-1\"},{\"courseId\":1,\"stuId\":6,\"term\":\"2010-1\"},{\"courseId\":1,\"stuId\":6,\"term\":\"2010-1\"},{\"courseId\":1,\"stuId\":6,\"term\":\"2010-1\"},{\"courseId\":1,\"stuId\":6,\"term\":\"2010-1\"}]',NULL,1,'nested exception is org.apache.ibatis.binding.BindingException: Parameter \'stuId\' not found. Available parameters are [arg0, collection, list]','2022-12-04 12:18:18'),(323,'批量新增课程明细信息',1,'com.tq.system.controller.StuGradeController.addMultiple()','POST',1,'admin',NULL,'/system/grade/addMultiple','127.0.0.1','内网IP','[{\"courseId\":1,\"stuId\":6,\"term\":\"2010-1\"},{\"courseId\":1,\"stuId\":6,\"term\":\"2010-1\"},{\"courseId\":1,\"stuId\":6,\"term\":\"2010-1\"},{\"courseId\":1,\"stuId\":6,\"term\":\"2010-1\"},{\"courseId\":1,\"stuId\":6,\"term\":\"2010-1\"},{\"courseId\":1,\"stuId\":6,\"term\":\"2010-1\"}]',NULL,1,'nested exception is org.apache.ibatis.binding.BindingException: Parameter \'stuId\' not found. Available parameters are [arg0, collection, list]','2022-12-04 12:19:35'),(324,'批量新增课程明细信息',1,'com.tq.system.controller.StuGradeController.addMultiple()','POST',1,'admin',NULL,'/system/grade/addMultiple','127.0.0.1','内网IP','[{\"courseId\":1,\"stuId\":6,\"term\":\"2010-1\"},{\"courseId\":1,\"stuId\":6,\"term\":\"2010-1\"},{\"courseId\":1,\"stuId\":6,\"term\":\"2010-1\"},{\"courseId\":1,\"stuId\":6,\"term\":\"2010-1\"},{\"courseId\":1,\"stuId\":6,\"term\":\"2010-1\"},{\"courseId\":1,\"stuId\":6,\"term\":\"2010-1\"}]',NULL,1,'nested exception is org.apache.ibatis.binding.BindingException: Parameter \'stuId\' not found. Available parameters are [arg0, collection, list]','2022-12-04 12:19:37'),(325,'批量新增课程明细信息',1,'com.tq.system.controller.StuGradeController.addMultiple()','POST',1,'admin',NULL,'/system/grade/addMultiple','127.0.0.1','内网IP','[{\"courseId\":1,\"stuId\":6,\"term\":\"2011-2\"},{\"courseId\":1,\"stuId\":6,\"term\":\"2011-2\"},{\"courseId\":1,\"stuId\":6,\"term\":\"2011-2\"},{\"courseId\":1,\"stuId\":6,\"term\":\"2011-2\"},{\"courseId\":1,\"stuId\":6,\"term\":\"2011-2\"},{\"courseId\":1,\"stuId\":6,\"term\":\"2011-2\"}]',NULL,1,'nested exception is org.apache.ibatis.binding.BindingException: Parameter \'stuGrade\' not found. Available parameters are [arg0, collection, list]','2022-12-04 16:51:30'),(326,'批量新增课程明细信息',1,'com.tq.system.controller.StuGradeController.addMultiple()','POST',1,'admin',NULL,'/system/grade/addMultiple','127.0.0.1','内网IP','[{\"courseId\":1,\"stuId\":6,\"term\":\"2011-2\"},{\"courseId\":1,\"stuId\":6,\"term\":\"2011-2\"},{\"courseId\":1,\"stuId\":6,\"term\":\"2011-2\"},{\"courseId\":1,\"stuId\":6,\"term\":\"2011-2\"},{\"courseId\":1,\"stuId\":6,\"term\":\"2011-2\"},{\"courseId\":1,\"stuId\":6,\"term\":\"2011-2\"}]',NULL,1,'\r\n### Error updating database.  Cause: java.sql.SQLSyntaxErrorException: You have an error in your SQL syntax; check the manual that corresponds to your MySQL server version for the right syntax to use near \'>null,null,null,null,null,\'2011-2\',\n            ,\n                6,1,null,>null\' at line 2\r\n### The error may exist in file [D:\\graduationProject\\vue3前端借鉴\\stu-grades-admin\\stu-system\\target\\classes\\mapper\\system\\StuGradeMapper.xml]\r\n### The error may involve com.tq.system.mapper.stu.StuGradeMapper.insertMultipleStuGrade-Inline\r\n### The error occurred while setting parameters\r\n### SQL: insert into stu_grade (stu_id,course_id,grade_gpa,scaled_grades,usual_grades,score_grades,exam_id,grade_entry_time,term)          values ( ?,?,?,>?,?,?,?,?,?,             ,                 ?,?,?,>?,?,?,?,?,?,             ,                 ?,?,?,>?,?,?,?,?,?,             ,                 ?,?,?,>?,?,?,?,?,?,             ,                 ?,?,?,>?,?,?,?,?,?,             ,                 ?,?,?,>?,?,?,?,?,? )\r\n### Cause: java.sql.SQLSyntaxErrorException: You have an error in your SQL syntax; check the manual that corresponds to your MySQL server version for the right syntax to use near \'>null,null,null,null,null,\'2011-2\',\n            ,\n                6,1,null,>null\' at line 2\n; bad SQL grammar []; nested exception is java.sql.SQLSyntaxErrorException: You have an error in your SQL syntax; check the manual that corresponds to your MySQL server version for the right syntax to use near \'>null,null,null,null,null,\'2011-2\',\n            ,\n                6,1,null,>null\' at line 2','2022-12-04 16:52:29'),(327,'批量新增课程明细信息',1,'com.tq.system.controller.StuGradeController.addMultiple()','POST',1,'admin',NULL,'/system/grade/addMultiple','127.0.0.1','内网IP','[{\"courseId\":1,\"stuId\":6,\"term\":\"2011-2\"},{\"courseId\":1,\"stuId\":6,\"term\":\"2011-2\"},{\"courseId\":1,\"stuId\":6,\"term\":\"2011-2\"},{\"courseId\":1,\"stuId\":6,\"term\":\"2011-2\"},{\"courseId\":1,\"stuId\":6,\"term\":\"2011-2\"},{\"courseId\":1,\"stuId\":6,\"term\":\"2011-2\"}]',NULL,1,'\r\n### Error updating database.  Cause: java.sql.SQLSyntaxErrorException: You have an error in your SQL syntax; check the manual that corresponds to your MySQL server version for the right syntax to use near \'\n                6,1,null,null,null,null,null,null,\'2011-2\',\n            ,\n     \' at line 3\r\n### The error may exist in file [D:\\graduationProject\\vue3前端借鉴\\stu-grades-admin\\stu-system\\target\\classes\\mapper\\system\\StuGradeMapper.xml]\r\n### The error may involve com.tq.system.mapper.stu.StuGradeMapper.insertMultipleStuGrade-Inline\r\n### The error occurred while setting parameters\r\n### SQL: insert into stu_grade (stu_id,course_id,grade_gpa,scaled_grades,usual_grades,score_grades,exam_id,grade_entry_time,term)          values ( ?,?,?,?,?,?,?,?,?,             ,                 ?,?,?,?,?,?,?,?,?,             ,                 ?,?,?,?,?,?,?,?,?,             ,                 ?,?,?,?,?,?,?,?,?,             ,                 ?,?,?,?,?,?,?,?,?,             ,                 ?,?,?,?,?,?,?,?,? )\r\n### Cause: java.sql.SQLSyntaxErrorException: You have an error in your SQL syntax; check the manual that corresponds to your MySQL server version for the right syntax to use near \'\n                6,1,null,null,null,null,null,null,\'2011-2\',\n            ,\n     \' at line 3\n; bad SQL grammar []; nested exception is java.sql.SQLSyntaxErrorException: You have an error in your SQL syntax; check the manual that corresponds to your MySQL server version for the right syntax to use near \'\n                6,1,null,null,null,null,null,null,\'2011-2\',\n            ,\n     \' at line 3','2022-12-04 16:54:40'),(328,'批量新增课程明细信息',1,'com.tq.system.controller.StuGradeController.addMultiple()','POST',1,'admin',NULL,'/system/grade/addMultiple','127.0.0.1','内网IP','[{\"courseId\":1,\"stuId\":6,\"term\":\"2011-2\"},{\"courseId\":1,\"stuId\":6,\"term\":\"2011-2\"},{\"courseId\":1,\"stuId\":6,\"term\":\"2011-2\"},{\"courseId\":1,\"stuId\":6,\"term\":\"2011-2\"},{\"courseId\":1,\"stuId\":6,\"term\":\"2011-2\"},{\"courseId\":1,\"stuId\":6,\"term\":\"2011-2\"}]',NULL,1,'\r\n### Error updating database.  Cause: java.sql.SQLException: Column count doesn\'t match value count at row 1\r\n### The error may exist in file [D:\\graduationProject\\vue3前端借鉴\\stu-grades-admin\\stu-system\\target\\classes\\mapper\\system\\StuGradeMapper.xml]\r\n### The error may involve com.tq.system.mapper.stu.StuGradeMapper.insertMultipleStuGrade-Inline\r\n### The error occurred while setting parameters\r\n### SQL: insert into stu_grade (stu_id,course_id,grade_gpa,scaled_grades,usual_grades,score_grades,exam_id,grade_entry_time,term)          values ( ?,?,?,?,?,?,?,?,?             ,                 ?,?,?,?,?,?,?,?,?             ,                 ?,?,?,?,?,?,?,?,?             ,                 ?,?,?,?,?,?,?,?,?             ,                 ?,?,?,?,?,?,?,?,?             ,                 ?,?,?,?,?,?,?,?,? )\r\n### Cause: java.sql.SQLException: Column count doesn\'t match value count at row 1\n; bad SQL grammar []; nested exception is java.sql.SQLException: Column count doesn\'t match value count at row 1','2022-12-04 16:58:19'),(329,'批量新增课程明细信息',1,'com.tq.system.controller.StuGradeController.addMultiple()','POST',1,'admin',NULL,'/system/grade/addMultiple','127.0.0.1','内网IP','[{\"courseId\":1,\"stuId\":6,\"term\":\"2011-2\"},{\"courseId\":1,\"stuId\":6,\"term\":\"2011-2\"},{\"courseId\":1,\"stuId\":6,\"term\":\"2011-2\"},{\"courseId\":1,\"stuId\":6,\"term\":\"2011-2\"},{\"courseId\":1,\"stuId\":6,\"term\":\"2011-2\"},{\"courseId\":1,\"stuId\":6,\"term\":\"2011-2\"}]',NULL,1,'\r\n### Error updating database.  Cause: java.sql.SQLSyntaxErrorException: You have an error in your SQL syntax; check the manual that corresponds to your MySQL server version for the right syntax to use near \'6,1,null,null,null,null,null,null,\'2011-2\')\n         , \n            (6,1,null,nu\' at line 3\r\n### The error may exist in file [D:\\graduationProject\\vue3前端借鉴\\stu-grades-admin\\stu-system\\target\\classes\\mapper\\system\\StuGradeMapper.xml]\r\n### The error may involve com.tq.system.mapper.stu.StuGradeMapper.insertMultipleStuGrade-Inline\r\n### The error occurred while setting parameters\r\n### SQL: insert into stu_grade (stu_id,course_id,grade_gpa,scaled_grades,usual_grades,score_grades,exam_id,grade_entry_time,term)                        (?,?,?,?,?,?,?,?,?)          ,              (?,?,?,?,?,?,?,?,?)          ,              (?,?,?,?,?,?,?,?,?)          ,              (?,?,?,?,?,?,?,?,?)          ,              (?,?,?,?,?,?,?,?,?)          ,              (?,?,?,?,?,?,?,?,?)\r\n### Cause: java.sql.SQLSyntaxErrorException: You have an error in your SQL syntax; check the manual that corresponds to your MySQL server version for the right syntax to use near \'6,1,null,null,null,null,null,null,\'2011-2\')\n         , \n            (6,1,null,nu\' at line 3\n; bad SQL grammar []; nested exception is java.sql.SQLSyntaxErrorException: You have an error in your SQL syntax; check the manual that corresponds to your MySQL server version for the right syntax to use near \'6,1,null,null,null,null,null,null,\'2011-2\')\n         , \n            (6,1,null,nu\' at line 3','2022-12-04 17:01:54'),(330,'批量新增课程明细信息',1,'com.tq.system.controller.StuGradeController.addMultiple()','POST',1,'admin',NULL,'/system/grade/addMultiple','127.0.0.1','内网IP','[{\"courseId\":1,\"gradeId\":2,\"stuId\":6,\"term\":\"2011-2\"},{\"courseId\":1,\"gradeId\":3,\"stuId\":6,\"term\":\"2011-2\"},{\"courseId\":1,\"gradeId\":4,\"stuId\":6,\"term\":\"2011-2\"},{\"courseId\":1,\"gradeId\":5,\"stuId\":6,\"term\":\"2011-2\"},{\"courseId\":1,\"gradeId\":6,\"stuId\":6,\"term\":\"2011-2\"},{\"courseId\":1,\"gradeId\":7,\"stuId\":6,\"term\":\"2011-2\"}]','{\"msg\":\"操作成功\",\"code\":200}',0,NULL,'2022-12-04 17:05:45'),(331,'批量新增课程明细信息',1,'com.tq.system.controller.StuGradeController.addMultiple()','POST',1,'admin',NULL,'/system/grade/addMultiple','127.0.0.1','内网IP','[{\"courseId\":2,\"gradeId\":8,\"stuId\":3,\"term\":\"2021-2\"},{\"courseId\":2,\"gradeId\":9,\"stuId\":3,\"term\":\"2021-2\"}]','{\"msg\":\"操作成功\",\"code\":200}',0,NULL,'2022-12-04 17:26:45'),(332,'批量新增课程明细信息',1,'com.tq.system.controller.StuGradeController.addMultiple()','POST',1,'admin',NULL,'/system/grade/addMultiple','127.0.0.1','内网IP','[{\"courseId\":6,\"gradeId\":10,\"stuId\":6,\"term\":\"2010-1\"},{\"courseId\":6,\"gradeId\":11,\"stuId\":6,\"term\":\"2010-1\"}]','{\"msg\":\"操作成功\",\"code\":200}',0,NULL,'2022-12-04 17:29:33'),(333,'批量新增课程明细信息',1,'com.tq.system.controller.StuGradeController.addMultiple()','POST',1,'admin',NULL,'/system/grade/addMultiple','127.0.0.1','内网IP','[{\"courseId\":2,\"gradeId\":12,\"stuId\":4,\"term\":\"2010-1\"},{\"courseId\":2,\"gradeId\":13,\"stuId\":4,\"term\":\"2010-1\"}]','{\"msg\":\"操作成功\",\"code\":200}',0,NULL,'2022-12-04 17:30:00'),(334,'课程明细信息',3,'com.tq.system.controller.StuGradeController.remove()','DELETE',1,'admin',NULL,'/system/grade/8,9,10,11,12,13','127.0.0.1','内网IP','{gradeIds=8,9,10,11,12,13}','{\"msg\":\"操作成功\",\"code\":200}',0,NULL,'2022-12-04 17:34:44'),(335,'批量新增课程明细信息',1,'com.tq.system.controller.StuGradeController.addMultiple()','POST',1,'admin',NULL,'/system/grade/addMultiple','127.0.0.1','内网IP','[{\"courseId\":2,\"gradeId\":14,\"stuId\":4,\"term\":\"2010-1\"},{\"courseId\":2,\"gradeId\":15,\"stuId\":4,\"term\":\"2010-1\"}]','{\"msg\":\"操作成功\",\"code\":200}',0,NULL,'2022-12-04 17:35:22'),(336,'批量新增课程明细信息',1,'com.tq.system.controller.StuGradeController.addMultiple()','POST',1,'admin',NULL,'/system/grade/addMultiple','127.0.0.1','内网IP','[{\"courseId\":1,\"gradeId\":16,\"stuId\":3,\"term\":\"2011-2\"},{\"courseId\":1,\"gradeId\":17,\"stuId\":3,\"term\":\"2011-2\"}]','{\"msg\":\"操作成功\",\"code\":200}',0,NULL,'2022-12-04 17:38:20'),(337,'批量新增课程明细信息',1,'com.tq.system.controller.StuGradeController.addMultiple()','POST',1,'admin',NULL,'/system/grade/addMultiple','127.0.0.1','内网IP','[{\"courseId\":6,\"gradeId\":18,\"stuId\":7,\"term\":\"2010-2\"},{\"courseId\":6,\"gradeId\":19,\"stuId\":7,\"term\":\"2010-2\"},{\"courseId\":6,\"gradeId\":20,\"stuId\":7,\"term\":\"2010-2\"}]','{\"msg\":\"操作成功\",\"code\":200}',0,NULL,'2022-12-04 17:40:15'),(338,'批量新增课程明细信息',1,'com.tq.system.controller.StuGradeController.addMultiple()','POST',1,'admin',NULL,'/system/grade/addMultiple','127.0.0.1','内网IP','[{\"courseId\":2,\"gradeId\":21,\"stuId\":5,\"term\":\"2010-1\"},{\"courseId\":2,\"gradeId\":22,\"stuId\":5,\"term\":\"2010-1\"},{\"courseId\":2,\"gradeId\":23,\"stuId\":5,\"term\":\"2010-1\"}]','{\"msg\":\"操作成功\",\"code\":200}',0,NULL,'2022-12-04 17:41:37'),(339,'批量新增课程明细信息',1,'com.tq.system.controller.StuGradeController.addMultiple()','POST',1,'admin',NULL,'/system/grade/addMultiple','127.0.0.1','内网IP','[{\"courseId\":1,\"gradeId\":24,\"stuId\":6,\"term\":\"2022-1\"},{\"courseId\":1,\"gradeId\":25,\"stuId\":6,\"term\":\"2022-1\"},{\"courseId\":1,\"gradeId\":26,\"stuId\":6,\"term\":\"2022-1\"},{\"courseId\":1,\"gradeId\":27,\"stuId\":6,\"term\":\"2022-1\"},{\"courseId\":1,\"gradeId\":28,\"stuId\":6,\"term\":\"2022-1\"},{\"courseId\":1,\"gradeId\":29,\"stuId\":6,\"term\":\"2022-1\"}]','{\"msg\":\"操作成功\",\"code\":200}',0,NULL,'2022-12-04 17:44:12'),(340,'课程明细信息',3,'com.tq.system.controller.StuGradeController.remove()','DELETE',1,'admin',NULL,'/system/grade/23,24,25,26,27,28,29','127.0.0.1','内网IP','{gradeIds=23,24,25,26,27,28,29}','{\"msg\":\"操作成功\",\"code\":200}',0,NULL,'2022-12-04 17:47:09'),(341,'课程明细信息',3,'com.tq.system.controller.StuGradeController.remove()','DELETE',1,'admin',NULL,'/system/grade/1,14,15,16,17,18,19,20,21,22','127.0.0.1','内网IP','{gradeIds=1,14,15,16,17,18,19,20,21,22}','{\"msg\":\"操作成功\",\"code\":200}',0,NULL,'2022-12-04 17:47:14'),(342,'批量新增课程明细信息',1,'com.tq.system.controller.StuGradeController.addMultiple()','POST',1,'admin',NULL,'/system/grade/addMultiple','127.0.0.1','内网IP','[{\"courseId\":2,\"gradeId\":30,\"stuId\":4,\"term\":\"2010-2\"},{\"courseId\":2,\"gradeId\":31,\"stuId\":4,\"term\":\"2010-2\"},{\"courseId\":2,\"gradeId\":32,\"stuId\":4,\"term\":\"2010-2\"}]','{\"msg\":\"操作成功\",\"code\":200}',0,NULL,'2022-12-04 17:47:24'),(343,'批量新增课程明细信息',1,'com.tq.system.controller.StuGradeController.addMultiple()','POST',1,'admin',NULL,'/system/grade/addMultiple','127.0.0.1','内网IP','[{\"courseId\":1,\"gradeId\":33,\"stuId\":1,\"term\":\"2010-1\"},{\"courseId\":1,\"gradeId\":34,\"stuId\":2,\"term\":\"2010-1\"},{\"courseId\":1,\"gradeId\":35,\"stuId\":3,\"term\":\"2010-1\"}]','{\"msg\":\"操作成功\",\"code\":200}',0,NULL,'2022-12-04 17:48:34'),(344,'课程明细信息',3,'com.tq.system.controller.StuGradeController.remove()','DELETE',1,'admin',NULL,'/system/grade/30,31,32,33,34,35','127.0.0.1','内网IP','{gradeIds=30,31,32,33,34,35}','{\"msg\":\"操作成功\",\"code\":200}',0,NULL,'2022-12-04 17:48:43'),(345,'批量新增课程明细信息',1,'com.tq.system.controller.StuGradeController.addMultiple()','POST',1,'admin',NULL,'/system/grade/addMultiple','127.0.0.1','内网IP','[{\"courseId\":1,\"gradeId\":36,\"stuId\":1,\"term\":\"2021-1\"},{\"courseId\":1,\"gradeId\":37,\"stuId\":2,\"term\":\"2021-1\"},{\"courseId\":1,\"gradeId\":38,\"stuId\":3,\"term\":\"2021-1\"},{\"courseId\":1,\"gradeId\":39,\"stuId\":4,\"term\":\"2021-1\"},{\"courseId\":1,\"gradeId\":40,\"stuId\":5,\"term\":\"2021-1\"},{\"courseId\":1,\"gradeId\":41,\"stuId\":6,\"term\":\"2021-1\"}]','{\"msg\":\"操作成功\",\"code\":200}',0,NULL,'2022-12-04 17:48:56'),(346,'批量新增课程明细信息',1,'com.tq.system.controller.StuGradeController.addMultiple()','POST',1,'admin',NULL,'/system/grade/addMultiple','127.0.0.1','内网IP','[{\"courseId\":1,\"gradeId\":42,\"stuId\":4,\"term\":\"2010-2\"},{\"courseId\":1,\"gradeId\":43,\"stuId\":5,\"term\":\"2010-2\"},{\"courseId\":1,\"gradeId\":44,\"stuId\":6,\"term\":\"2010-2\"}]','{\"msg\":\"操作成功\",\"code\":200}',0,NULL,'2022-12-04 17:49:27'),(347,'课程明细信息',3,'com.tq.system.controller.StuGradeController.remove()','DELETE',1,'admin',NULL,'/system/grade/42,43,44','127.0.0.1','内网IP','{gradeIds=42,43,44}','{\"msg\":\"操作成功\",\"code\":200}',0,NULL,'2022-12-04 17:49:51'),(348,'批量新增课程明细信息',1,'com.tq.system.controller.StuGradeController.addMultiple()','POST',1,'admin',NULL,'/system/grade/addMultiple','127.0.0.1','内网IP','[{\"courseId\":2,\"gradeId\":45,\"stuId\":1,\"term\":\"2022-1\"},{\"courseId\":2,\"gradeId\":46,\"stuId\":2,\"term\":\"2022-1\"},{\"courseId\":2,\"gradeId\":47,\"stuId\":3,\"term\":\"2022-1\"},{\"courseId\":2,\"gradeId\":48,\"stuId\":4,\"term\":\"2022-1\"},{\"courseId\":2,\"gradeId\":49,\"stuId\":5,\"term\":\"2022-1\"},{\"courseId\":2,\"gradeId\":50,\"stuId\":6,\"term\":\"2022-1\"}]','{\"msg\":\"操作成功\",\"code\":200}',0,NULL,'2022-12-04 17:50:08'),(349,'批量新增课程明细信息',1,'com.tq.system.controller.StuGradeController.addMultiple()','POST',1,'admin',NULL,'/system/grade/addMultiple','127.0.0.1','内网IP','[{\"courseId\":8,\"gradeId\":51,\"stuId\":1,\"term\":\"2022-1\"},{\"courseId\":8,\"gradeId\":52,\"stuId\":2,\"term\":\"2022-1\"},{\"courseId\":8,\"gradeId\":53,\"stuId\":3,\"term\":\"2022-1\"},{\"courseId\":8,\"gradeId\":54,\"stuId\":4,\"term\":\"2022-1\"},{\"courseId\":8,\"gradeId\":55,\"stuId\":5,\"term\":\"2022-1\"},{\"courseId\":8,\"gradeId\":56,\"stuId\":6,\"term\":\"2022-1\"}]','{\"msg\":\"操作成功\",\"code\":200}',0,NULL,'2022-12-04 17:51:28'),(350,'批量新增课程明细信息',1,'com.tq.system.controller.StuGradeController.addMultiple()','POST',1,'admin',NULL,'/system/grade/addMultiple','127.0.0.1','内网IP','[{\"courseId\":1,\"gradeId\":57,\"stuId\":7,\"term\":\"2008-1\"},{\"courseId\":1,\"gradeId\":58,\"stuId\":7,\"term\":\"2008-1\"},{\"courseId\":1,\"gradeId\":59,\"stuId\":7,\"term\":\"2008-1\"},{\"courseId\":1,\"gradeId\":60,\"stuId\":7,\"term\":\"2008-1\"},{\"courseId\":1,\"gradeId\":61,\"stuId\":7,\"term\":\"2008-1\"},{\"courseId\":1,\"gradeId\":62,\"stuId\":7,\"term\":\"2008-1\"},{\"courseId\":1,\"gradeId\":63,\"stuId\":7,\"term\":\"2008-1\"}]','{\"msg\":\"操作成功\",\"code\":200}',0,NULL,'2022-12-04 17:52:13'),(351,'课程明细信息',3,'com.tq.system.controller.StuGradeController.remove()','DELETE',1,'admin',NULL,'/system/grade/59,60,61,62,63','127.0.0.1','内网IP','{gradeIds=59,60,61,62,63}','{\"msg\":\"操作成功\",\"code\":200}',0,NULL,'2022-12-04 17:52:23'),(352,'课程明细信息',3,'com.tq.system.controller.StuGradeController.remove()','DELETE',1,'admin',NULL,'/system/grade/57,58','127.0.0.1','内网IP','{gradeIds=57,58}','{\"msg\":\"操作成功\",\"code\":200}',0,NULL,'2022-12-04 17:52:31'),(353,'课程明细信息',2,'com.tq.system.controller.StuGradeController.edit()','PUT',1,'admin',NULL,'/system/grade','127.0.0.1','内网IP','{\"courseId\":1,\"courseName\":\"数据结构\",\"gradeId\":36,\"stuId\":1,\"stuName\":\"唐琪\",\"term\":\"2021-1\"}','{\"msg\":\"操作成功\",\"code\":200}',0,NULL,'2022-12-04 21:52:35'),(354,'课程考试安排',1,'com.tq.system.controller.StuExamController.add()','POST',1,'admin',NULL,'/system/exam','127.0.0.1','内网IP','{\"courseId\":1,\"examClassroom\":\"12栋-501\",\"examDesc\":\"无\",\"examEndTime\":\"10.20\",\"examId\":1,\"examName\":\"【数据结构】\",\"examStartTime\":\"08:20\",\"examType\":\"0\",\"scheduleTime\":\"2022-12-22 00:00:00\"}','{\"msg\":\"操作失败\",\"code\":500}',0,NULL,'2022-12-06 16:33:00'),(355,'课程',2,'com.tq.system.controller.StuCourseController.edit()','PUT',1,'admin',NULL,'/system/course','127.0.0.1','内网IP','{\"courseCredit\":4,\"courseDate\":\"2022-11-16 00:00:00\",\"courseHours\":48,\"courseId\":1,\"courseName\":\"数据结构\",\"courseType\":\"公共选修课\",\"studyingWay\":\"0\",\"teaId\":2,\"teaName\":\"刘飞生\",\"usualGradesProportion\":0.5}','{\"msg\":\"操作成功\",\"code\":200}',0,NULL,'2022-12-07 22:52:38'),(356,'课程',2,'com.tq.system.controller.StuCourseController.edit()','PUT',1,'admin',NULL,'/system/course','127.0.0.1','内网IP','{\"courseCredit\":4,\"courseDate\":\"2022-11-22 00:00:00\",\"courseHours\":214,\"courseId\":2,\"courseName\":\"软件工程\",\"courseType\":\"公共选修课\",\"studyingWay\":\"0\",\"teaId\":5,\"teaName\":\"周少波\",\"usualGradesProportion\":0.6}','{\"msg\":\"操作成功\",\"code\":200}',0,NULL,'2022-12-07 22:52:40'),(357,'课程',2,'com.tq.system.controller.StuCourseController.edit()','PUT',1,'admin',NULL,'/system/course','127.0.0.1','内网IP','{\"courseCredit\":4,\"courseDate\":\"2022-11-16 00:00:00\",\"courseHours\":48,\"courseId\":1,\"courseName\":\"数据结构\",\"courseType\":\"公共选修课\",\"studyingWay\":\"0\",\"teaId\":2,\"teaName\":\"刘飞生\",\"usualGradesProportion\":0.6}','{\"msg\":\"操作成功\",\"code\":200}',0,NULL,'2022-12-07 22:55:16'),(358,'课程',2,'com.tq.system.controller.StuCourseController.edit()','PUT',1,'admin',NULL,'/system/course','127.0.0.1','内网IP','{\"courseCredit\":4,\"courseDate\":\"2022-11-22 00:00:00\",\"courseHours\":214,\"courseId\":2,\"courseName\":\"软件工程\",\"courseType\":\"公共选修课\",\"studyingWay\":\"0\",\"teaId\":5,\"teaName\":\"周少波\",\"usualGradesProportion\":0.3}','{\"msg\":\"操作成功\",\"code\":200}',0,NULL,'2022-12-07 22:55:27'),(359,'课程',2,'com.tq.system.controller.StuCourseController.edit()','PUT',1,'admin',NULL,'/system/course','127.0.0.1','内网IP','{\"courseCredit\":4,\"courseDate\":\"2022-11-22 00:00:00\",\"courseHours\":212,\"courseId\":3,\"courseName\":\"高级架构\",\"courseType\":\"公共必修课\",\"studyingWay\":\"0\",\"teaId\":1,\"teaName\":\"罗建平\",\"usualGradesProportion\":0.5}','{\"msg\":\"操作成功\",\"code\":200}',0,NULL,'2022-12-07 22:55:31'),(360,'菜单管理',1,'com.tq.web.controller.system.SysMenuController.add()','POST',1,'admin',NULL,'/system/menu','127.0.0.1','内网IP','{\"children\":[],\"createBy\":\"admin\",\"isCache\":\"0\",\"isFrame\":\"1\",\"menuName\":\"查询课程考试安排查询所有列表不分页\",\"menuType\":\"F\",\"orderNum\":0,\"parentId\":2086,\"perms\":\"system:exam:allList\",\"status\":\"0\",\"visible\":\"0\"}','{\"msg\":\"操作成功\",\"code\":200}',0,NULL,'2022-12-09 16:40:19'),(361,'课程考试安排',1,'com.tq.system.controller.StuExamController.add()','POST',1,'admin',NULL,'/system/exam','127.0.0.1','内网IP','{\"courseId\":2,\"examClassroom\":\"6栋305\",\"examEndTime\":\"16:20\",\"examId\":2,\"examName\":\"【软件工程】\",\"examStartTime\":\"14:00\",\"examType\":\"0\",\"scheduleTime\":\"2022-12-24 00:00:00\"}','{\"msg\":\"操作成功\",\"code\":200}',0,NULL,'2022-12-10 14:06:27'),(362,'课程明细信息',3,'com.tq.system.controller.StuGradeController.remove()','DELETE',1,'admin',NULL,'/system/grade/36','127.0.0.1','内网IP','{gradeIds=36}','{\"msg\":\"操作成功\",\"code\":200}',0,NULL,'2022-12-10 14:07:38'),(363,'课程考试安排明细',3,'com.tq.system.controller.StuExamDetailController.remove()','DELETE',1,'admin',NULL,'/system/detail/7','127.0.0.1','内网IP','{examDetailIds=7}','{\"msg\":\"操作成功\",\"code\":200}',0,NULL,'2022-12-10 14:07:46'),(364,'课程考试安排',3,'com.tq.system.controller.StuExamController.remove()','DELETE',1,'admin',NULL,'/system/exam/2','127.0.0.1','内网IP','{examIds=2}','{\"msg\":\"操作成功\",\"code\":200}',0,NULL,'2022-12-10 14:07:51'),(365,'课程明细信息',3,'com.tq.system.controller.StuGradeController.remove()','DELETE',1,'admin',NULL,'/system/grade/45','127.0.0.1','内网IP','{gradeIds=45}','{\"msg\":\"操作成功\",\"code\":200}',0,NULL,'2022-12-10 14:07:59'),(366,'课程明细信息',3,'com.tq.system.controller.StuGradeController.remove()','DELETE',1,'admin',NULL,'/system/grade/37','127.0.0.1','内网IP','{gradeIds=37}','{\"msg\":\"操作成功\",\"code\":200}',0,NULL,'2022-12-10 14:08:03'),(367,'学生',1,'com.tq.system.controller.StuStudentController.add()','POST',1,'admin',NULL,'/system/student','127.0.0.1','内网IP','{\"birthDate\":\"2022-12-23 00:00:00\",\"classId\":7,\"departmentId\":1,\"majorId\":2,\"stuId\":8,\"stuName\":\"12\",\"stuNum\":\"20220411430326\",\"stuSex\":\"0\"}','{\"msg\":\"操作成功\",\"code\":200}',0,NULL,'2022-12-10 14:47:22'),(368,'学生',2,'com.tq.system.controller.StuStudentController.edit()','PUT',1,'admin',NULL,'/system/student','127.0.0.1','内网IP','{\"birthDate\":\"2022-12-23 00:00:00\",\"classId\":7,\"className\":\"22软件1班\",\"delFlag\":\"0\",\"departmentId\":1,\"departmentName\":\"计算机科学与工程学院\",\"majorId\":2,\"majorName\":\"软件工程专业\",\"stuId\":8,\"stuName\":\"张三\",\"stuNum\":\"20220411430326\",\"stuSex\":\"0\"}','{\"msg\":\"操作成功\",\"code\":200}',0,NULL,'2022-12-10 14:47:31'),(369,'学生',1,'com.tq.system.controller.StuStudentController.add()','POST',1,'admin',NULL,'/system/student','127.0.0.1','内网IP','{\"birthDate\":\"2022-12-15 00:00:00\",\"classId\":7,\"departmentId\":1,\"majorId\":2,\"stuId\":9,\"stuName\":\"李四\",\"stuNum\":\"20190411432356\",\"stuSex\":\"0\"}','{\"msg\":\"操作成功\",\"code\":200}',0,NULL,'2022-12-10 14:47:57'),(370,'学生',1,'com.tq.system.controller.StuStudentController.add()','POST',1,'admin',NULL,'/system/student','127.0.0.1','内网IP','{\"birthDate\":\"2022-12-15 00:00:00\",\"classId\":7,\"departmentId\":1,\"majorId\":2,\"stuId\":10,\"stuName\":\"张雪超\",\"stuNum\":\"2022144430355\",\"stuSex\":\"0\"}','{\"msg\":\"操作成功\",\"code\":200}',0,NULL,'2022-12-10 14:48:32'),(371,'学生',1,'com.tq.system.controller.StuStudentController.add()','POST',1,'admin',NULL,'/system/student','127.0.0.1','内网IP','{\"birthDate\":\"2022-12-08 00:00:00\",\"classId\":7,\"departmentId\":1,\"majorId\":2,\"stuId\":11,\"stuName\":\"刘德海\",\"stuNum\":\"20220411430355\",\"stuSex\":\"0\"}','{\"msg\":\"操作成功\",\"code\":200}',0,NULL,'2022-12-10 14:48:56'),(372,'批量新增课程明细信息',1,'com.tq.system.controller.StuGradeController.addMultiple()','POST',1,'admin',NULL,'/system/grade/addMultiple','127.0.0.1','内网IP','[{\"courseId\":5,\"gradeId\":64,\"stuId\":7,\"term\":\"2022-1\"},{\"courseId\":5,\"gradeId\":65,\"stuId\":8,\"term\":\"2022-1\"},{\"courseId\":5,\"gradeId\":66,\"stuId\":9,\"term\":\"2022-1\"},{\"courseId\":5,\"gradeId\":67,\"stuId\":10,\"term\":\"2022-1\"},{\"courseId\":5,\"gradeId\":68,\"stuId\":11,\"term\":\"2022-1\"}]','{\"msg\":\"操作成功\",\"code\":200}',0,NULL,'2022-12-10 14:50:02'),(373,'课程',2,'com.tq.system.controller.StuCourseController.edit()','PUT',1,'admin',NULL,'/system/course','127.0.0.1','内网IP','{\"classId\":1,\"courseCredit\":4,\"courseDate\":\"2022-11-16 00:00:00\",\"courseHours\":48,\"courseId\":1,\"courseName\":\"数据结构\",\"courseType\":\"公共选修课\",\"studyingWay\":\"0\",\"teaId\":2,\"teaName\":\"刘飞生\",\"usualGradesProportion\":0.6}','{\"msg\":\"操作成功\",\"code\":200}',0,NULL,'2022-12-11 00:26:07'),(374,'课程',2,'com.tq.system.controller.StuCourseController.edit()','PUT',1,'admin',NULL,'/system/course','127.0.0.1','内网IP','{\"classId\":1,\"courseCredit\":4,\"courseDate\":\"2022-11-22 00:00:00\",\"courseHours\":214,\"courseId\":2,\"courseName\":\"软件工程\",\"courseType\":\"公共选修课\",\"studyingWay\":\"0\",\"teaId\":5,\"teaName\":\"周少波\",\"usualGradesProportion\":0.3}','{\"msg\":\"操作成功\",\"code\":200}',0,NULL,'2022-12-11 00:26:13'),(375,'课程',2,'com.tq.system.controller.StuCourseController.edit()','PUT',1,'admin',NULL,'/system/course','127.0.0.1','内网IP','{\"classId\":7,\"courseCredit\":4,\"courseDate\":\"2022-11-22 00:00:00\",\"courseHours\":22,\"courseId\":5,\"courseName\":\"JavaWeb开发\",\"courseType\":\"公共必修课\",\"studyingWay\":\"0\",\"teaId\":1,\"teaName\":\"罗建平\",\"usualGradesProportion\":0.4}','{\"msg\":\"操作成功\",\"code\":200}',0,NULL,'2022-12-11 00:26:21'),(376,'课程',2,'com.tq.system.controller.StuCourseController.edit()','PUT',1,'admin',NULL,'/system/course','127.0.0.1','内网IP','{\"classId\":1,\"courseCredit\":4,\"courseDate\":\"2022-11-22 00:00:00\",\"courseHours\":212,\"courseId\":3,\"courseName\":\"高级架构\",\"courseType\":\"公共必修课\",\"studyingWay\":\"0\",\"teaId\":1,\"teaName\":\"罗建平\",\"usualGradesProportion\":0.5}','{\"msg\":\"操作成功\",\"code\":200}',0,NULL,'2022-12-11 00:26:32'),(377,'课程',2,'com.tq.system.controller.StuCourseController.edit()','PUT',1,'admin',NULL,'/system/course','127.0.0.1','内网IP','{\"classId\":1,\"courseCredit\":4,\"courseDate\":\"2022-11-22 00:00:00\",\"courseHours\":22,\"courseId\":4,\"courseName\":\"信息安全管理\",\"courseType\":\"公共选修课\",\"studyingWay\":\"0\",\"teaId\":3,\"teaName\":\"陈焰\",\"usualGradesProportion\":0.4}','{\"msg\":\"操作成功\",\"code\":200}',0,NULL,'2022-12-11 00:26:42'),(378,'课程',2,'com.tq.system.controller.StuCourseController.edit()','PUT',1,'admin',NULL,'/system/course','127.0.0.1','内网IP','{\"classId\":7,\"courseCredit\":4,\"courseDate\":\"2022-11-22 00:00:00\",\"courseHours\":22,\"courseId\":6,\"courseName\":\"UML统一建模语言\",\"courseType\":\"公共必修课\",\"studyingWay\":\"0\",\"teaId\":1,\"teaName\":\"罗建平\",\"usualGradesProportion\":0.4}','{\"msg\":\"操作成功\",\"code\":200}',0,NULL,'2022-12-11 00:26:51'),(379,'课程',2,'com.tq.system.controller.StuCourseController.edit()','PUT',1,'admin',NULL,'/system/course','127.0.0.1','内网IP','{\"classId\":1,\"courseCredit\":4,\"courseDate\":\"2022-11-22 00:00:00\",\"courseHours\":22,\"courseId\":8,\"courseName\":\"IT项目管理\",\"courseType\":\"专业核心课\",\"studyingWay\":\"0\",\"teaId\":1,\"teaName\":\"罗建平\",\"usualGradesProportion\":0.4}','{\"msg\":\"操作成功\",\"code\":200}',0,NULL,'2022-12-11 00:26:57'),(380,'课程',2,'com.tq.system.controller.StuCourseController.edit()','PUT',1,'admin',NULL,'/system/course','127.0.0.1','内网IP','{\"classId\":1,\"courseCredit\":4,\"courseDate\":\"2022-11-22 00:00:00\",\"courseHours\":22,\"courseId\":7,\"courseName\":\"JavaSE\",\"courseType\":\"公共选修课\",\"studyingWay\":\"0\",\"teaId\":1,\"teaName\":\"罗建平\",\"usualGradesProportion\":0.4}','{\"msg\":\"操作成功\",\"code\":200}',0,NULL,'2022-12-11 00:27:01'),(381,'课程明细信息',3,'com.tq.system.controller.StuGradeController.remove()','DELETE',1,'admin',NULL,'/system/grade/46,47,48,49,50,64,65,66,67,68','127.0.0.1','内网IP','{gradeIds=46,47,48,49,50,64,65,66,67,68}','{\"msg\":\"操作成功\",\"code\":200}',0,NULL,'2022-12-11 01:07:01'),(382,'课程明细信息',3,'com.tq.system.controller.StuGradeController.remove()','DELETE',1,'admin',NULL,'/system/grade/56,38,39,40,41,51,52,53,54,55','127.0.0.1','内网IP','{gradeIds=56,38,39,40,41,51,52,53,54,55}','{\"msg\":\"操作成功\",\"code\":200}',0,NULL,'2022-12-11 01:07:04'),(383,'批量新增课程明细信息',1,'com.tq.system.controller.StuGradeController.addMultiple()','POST',1,'admin',NULL,'/system/grade/addMultiple','127.0.0.1','内网IP','[{\"courseId\":6,\"gradeId\":69,\"stuId\":7,\"term\":\"2021-1\"},{\"courseId\":6,\"gradeId\":70,\"stuId\":8,\"term\":\"2021-1\"},{\"courseId\":6,\"gradeId\":71,\"stuId\":9,\"term\":\"2021-1\"},{\"courseId\":6,\"gradeId\":72,\"stuId\":10,\"term\":\"2021-1\"},{\"courseId\":6,\"gradeId\":73,\"stuId\":11,\"term\":\"2021-1\"}]','{\"msg\":\"操作成功\",\"code\":200}',0,NULL,'2022-12-11 01:07:29'),(384,'批量新增课程明细信息',1,'com.tq.system.controller.StuGradeController.addMultiple()','POST',1,'admin',NULL,'/system/grade/addMultiple','127.0.0.1','内网IP','[{\"courseId\":5,\"gradeId\":74,\"stuId\":7,\"term\":\"2021-1\"},{\"courseId\":5,\"gradeId\":75,\"stuId\":8,\"term\":\"2021-1\"},{\"courseId\":5,\"gradeId\":76,\"stuId\":9,\"term\":\"2021-1\"},{\"courseId\":5,\"gradeId\":77,\"stuId\":10,\"term\":\"2021-1\"},{\"courseId\":5,\"gradeId\":78,\"stuId\":11,\"term\":\"2021-1\"}]','{\"msg\":\"操作成功\",\"code\":200}',0,NULL,'2022-12-11 01:07:47'),(385,'课程考试安排',3,'com.tq.system.controller.StuExamController.remove()','DELETE',1,'admin',NULL,'/system/exam/1','127.0.0.1','内网IP','{examIds=1}','{\"msg\":\"操作成功\",\"code\":200}',0,NULL,'2022-12-11 01:08:04'),(386,'课程考试安排',1,'com.tq.system.controller.StuExamController.add()','POST',1,'admin',NULL,'/system/exam','127.0.0.1','内网IP','{\"courseId\":5,\"examClassroom\":\"12栋1115\",\"examEndTime\":\"12:20\",\"examId\":3,\"examName\":\"【JavaWeb开发】\",\"examStartTime\":\"8:20\",\"examType\":\"2\",\"scheduleTime\":\"2022-12-30 00:00:00\"}','{\"msg\":\"操作成功\",\"code\":200}',0,NULL,'2022-12-11 01:08:33'),(387,'课程考试安排',1,'com.tq.system.controller.StuExamController.add()','POST',1,'admin',NULL,'/system/exam','127.0.0.1','内网IP','{\"courseId\":6,\"examClassroom\":\"12栋1015\",\"examEndTime\":\"10:20\",\"examId\":4,\"examName\":\"【UML统一建模语言】\",\"examStartTime\":\"8:20\",\"examType\":\"0\",\"scheduleTime\":\"2022-12-30 00:00:00\"}','{\"msg\":\"操作成功\",\"code\":200}',0,NULL,'2022-12-11 01:09:38'),(388,'课程',1,'com.tq.system.controller.StuCourseController.add()','POST',1,'admin',NULL,'/system/course','127.0.0.1','内网IP','{\"classId\":7,\"courseCredit\":1,\"courseDate\":\"2022-12-29 00:00:00\",\"courseHours\":48,\"courseId\":9,\"courseName\":\"数据结构\",\"courseType\":\"专业核心课\",\"studyingWay\":\"0\",\"teaId\":1,\"usualGradesProportion\":0.5}','{\"msg\":\"操作成功\",\"code\":200}',0,NULL,'2022-12-11 01:46:14'),(389,'批量新增课程明细信息',1,'com.tq.system.controller.StuGradeController.addMultiple()','POST',1,'admin',NULL,'/system/grade/addMultiple','127.0.0.1','内网IP','[{\"courseId\":1,\"gradeId\":79,\"stuId\":7,\"term\":\"2022-2\"},{\"courseId\":1,\"gradeId\":80,\"stuId\":8,\"term\":\"2022-2\"},{\"courseId\":1,\"gradeId\":81,\"stuId\":9,\"term\":\"2022-2\"},{\"courseId\":1,\"gradeId\":82,\"stuId\":10,\"term\":\"2022-2\"},{\"courseId\":1,\"gradeId\":83,\"stuId\":11,\"term\":\"2022-2\"}]','{\"msg\":\"操作成功\",\"code\":200}',0,NULL,'2022-12-11 01:46:47'),(390,'课程考试安排',1,'com.tq.system.controller.StuExamController.add()','POST',1,'admin',NULL,'/system/exam','127.0.0.1','内网IP','{\"courseId\":1,\"examClassroom\":\"6栋254\",\"examEndTime\":\"22:00\",\"examId\":5,\"examName\":\"【数据结构】\",\"examStartTime\":\"21:00\",\"examType\":\"0\",\"scheduleTime\":\"2022-11-29 00:00:00\"}','{\"msg\":\"操作成功\",\"code\":200}',0,NULL,'2022-12-11 01:47:33'),(391,'课程',2,'com.tq.system.controller.StuCourseController.edit()','PUT',1,'admin',NULL,'/system/course','127.0.0.1','内网IP','{\"classId\":1,\"className\":\"19计科3班\",\"courseCredit\":4,\"courseDate\":\"2022-11-16 00:00:00\",\"courseHours\":48,\"courseId\":1,\"courseName\":\"数据结构\",\"courseType\":\"公共选修课\",\"scaledGradesProportion\":0.6,\"studyingWay\":\"0\",\"teaId\":2,\"teaName\":\"刘飞生\",\"usualGradesProportion\":0.4}','{\"msg\":\"操作成功\",\"code\":200}',0,NULL,'2022-12-11 13:56:32'),(392,'课程明细信息',2,'com.tq.system.controller.StuGradeController.edit()','PUT',1,'admin',NULL,'/system/grade','127.0.0.1','内网IP','{\"classId\":7,\"className\":\"22软件1班\",\"courseCredit\":4,\"courseId\":5,\"courseName\":\"JavaWeb开发\",\"examId\":3,\"gradeGpa\":2.2,\"gradeId\":77,\"scaledGrades\":60,\"scaledGradesProportion\":0.6,\"scoreGrades\":72,\"stuId\":10,\"stuName\":\"张雪超\",\"term\":\"2021-1\",\"usualGrades\":90,\"usualGradesProportion\":0.4}','{\"msg\":\"操作成功\",\"code\":200}',0,NULL,'2022-12-11 14:36:23'),(393,'课程明细信息',2,'com.tq.system.controller.StuGradeController.edit()','PUT',1,'admin',NULL,'/system/grade','127.0.0.1','内网IP','{\"classId\":7,\"className\":\"22软件1班\",\"courseCredit\":4,\"courseId\":5,\"courseName\":\"JavaWeb开发\",\"examId\":3,\"gradeEntryTime\":\"2022-12-11 00:00:00\",\"gradeGpa\":1.8,\"gradeId\":78,\"scaledGrades\":60,\"scaledGradesProportion\":0.6,\"scoreGrades\":68,\"stuId\":11,\"stuName\":\"刘德海\",\"term\":\"2021-1\",\"usualGrades\":80,\"usualGradesProportion\":0.4}','{\"msg\":\"操作成功\",\"code\":200}',0,NULL,'2022-12-11 14:38:27'),(394,'课程明细信息',2,'com.tq.system.controller.StuGradeController.edit()','PUT',1,'admin',NULL,'/system/grade','127.0.0.1','内网IP','{\"classId\":7,\"className\":\"22软件1班\",\"courseCredit\":4,\"courseId\":1,\"courseName\":\"数据结构\",\"examId\":5,\"gradeEntryTime\":\"2022-12-11 16:01:05\",\"gradeGpa\":2.6,\"gradeId\":79,\"scaledGrades\":80,\"scaledGradesProportion\":0.6,\"scoreGrades\":76,\"stuId\":7,\"stuName\":\"李点点\",\"term\":\"2022-2\",\"usualGrades\":70,\"usualGradesProportion\":0.4}','{\"msg\":\"操作成功\",\"code\":200}',0,NULL,'2022-12-11 16:01:06'),(395,'课程考试安排明细',3,'com.tq.system.controller.StuExamDetailController.remove()','DELETE',1,'admin',NULL,'/system/detail/18,20,22,19,21','127.0.0.1','内网IP','{examDetailIds=18,20,22,19,21}','{\"msg\":\"操作成功\",\"code\":200}',0,NULL,'2022-12-11 16:52:13'),(396,'课程明细信息',3,'com.tq.system.controller.StuGradeController.remove()','DELETE',1,'admin',NULL,'/system/grade/79,80,81,82','127.0.0.1','内网IP','{gradeIds=79,80,81,82}','{\"msg\":\"操作成功\",\"code\":200}',0,NULL,'2022-12-11 16:52:41'),(397,'课程明细信息',3,'com.tq.system.controller.StuGradeController.remove()','DELETE',1,'admin',NULL,'/system/grade/83','127.0.0.1','内网IP','{gradeIds=83}','{\"msg\":\"操作成功\",\"code\":200}',0,NULL,'2022-12-11 16:52:50'),(398,'教师',2,'com.tq.system.controller.StuTeacherController.edit()','PUT',1,'admin',NULL,'/system/teacher','127.0.0.1','内网IP','{\"delFlag\":\"0\",\"departmentId\":4,\"departmentName\":\"经济管理学院\",\"jobTitle\":\"21312\",\"teaAge\":\"2022-11-17 00:00:00\",\"teaDescription\":\"213\",\"teaId\":8,\"teaName\":\"test\",\"teaNum\":\"2131\",\"teaSex\":\"2\"}','{\"msg\":\"操作成功\",\"code\":200}',0,NULL,'2022-12-11 17:18:23'),(399,'菜单管理',2,'com.tq.web.controller.system.SysMenuController.edit()','PUT',1,'admin',NULL,'/system/menu','127.0.0.1','内网IP','{\"children\":[],\"component\":\"system/dept/index\",\"createTime\":\"2022-11-15 17:25:36\",\"icon\":\"tree\",\"isCache\":\"0\",\"isFrame\":\"1\",\"menuId\":103,\"menuName\":\"部门管理\",\"menuType\":\"C\",\"orderNum\":4,\"parentId\":1,\"path\":\"dept\",\"perms\":\"system:dept:list\",\"query\":\"\",\"status\":\"0\",\"updateBy\":\"admin\",\"visible\":\"0\"}','{\"msg\":\"操作成功\",\"code\":200}',0,NULL,'2022-12-11 17:39:55'),(400,'岗位管理',3,'com.tq.web.controller.system.SysPostController.remove()','DELETE',1,'admin',NULL,'/system/post/1','127.0.0.1','内网IP','{postIds=1}',NULL,1,'董事长已分配,不能删除','2022-12-11 17:40:07'),(401,'岗位管理',3,'com.tq.web.controller.system.SysPostController.remove()','DELETE',1,'admin',NULL,'/system/post/4','127.0.0.1','内网IP','{postIds=4}','{\"msg\":\"操作成功\",\"code\":200}',0,NULL,'2022-12-11 17:41:04'),(402,'岗位管理',3,'com.tq.web.controller.system.SysPostController.remove()','DELETE',1,'admin',NULL,'/system/post/3','127.0.0.1','内网IP','{postIds=3}','{\"msg\":\"操作成功\",\"code\":200}',0,NULL,'2022-12-11 17:41:06'),(403,'岗位管理',3,'com.tq.web.controller.system.SysPostController.remove()','DELETE',1,'admin',NULL,'/system/post/2','127.0.0.1','内网IP','{postIds=2}',NULL,1,'项目经理已分配,不能删除','2022-12-11 17:41:08'),(404,'菜单管理',2,'com.tq.web.controller.system.SysMenuController.edit()','PUT',1,'admin',NULL,'/system/menu','127.0.0.1','内网IP','{\"children\":[],\"component\":\"system/notice/index\",\"createTime\":\"2022-11-15 17:25:36\",\"icon\":\"message\",\"isCache\":\"0\",\"isFrame\":\"1\",\"menuId\":107,\"menuName\":\"通知公告\",\"menuType\":\"C\",\"orderNum\":8,\"parentId\":1,\"path\":\"notice\",\"perms\":\"system:notice:list\",\"query\":\"\",\"status\":\"0\",\"updateBy\":\"admin\",\"visible\":\"1\"}','{\"msg\":\"操作成功\",\"code\":200}',0,NULL,'2022-12-11 17:42:17'),(405,'菜单管理',2,'com.tq.web.controller.system.SysMenuController.edit()','PUT',1,'admin',NULL,'/system/menu','127.0.0.1','内网IP','{\"children\":[],\"component\":\"system/post/index\",\"createTime\":\"2022-11-15 17:25:36\",\"icon\":\"post\",\"isCache\":\"0\",\"isFrame\":\"1\",\"menuId\":104,\"menuName\":\"岗位管理\",\"menuType\":\"C\",\"orderNum\":5,\"parentId\":1,\"path\":\"post\",\"perms\":\"system:post:list\",\"query\":\"\",\"status\":\"1\",\"updateBy\":\"admin\",\"visible\":\"1\"}','{\"msg\":\"操作成功\",\"code\":200}',0,NULL,'2022-12-11 17:44:25'),(406,'角色管理',2,'com.tq.web.controller.system.SysRoleController.edit()','PUT',1,'admin',NULL,'/system/role','127.0.0.1','内网IP','{\"admin\":false,\"createTime\":\"2022-11-15 17:25:36\",\"dataScope\":\"2\",\"delFlag\":\"0\",\"deptCheckStrictly\":true,\"flag\":false,\"menuCheckStrictly\":true,\"menuIds\":[],\"remark\":\"普通角色\",\"roleId\":2,\"roleKey\":\"common\",\"roleName\":\"教务人员\",\"roleSort\":\"2\",\"status\":\"0\",\"updateBy\":\"admin\"}','{\"msg\":\"操作成功\",\"code\":200}',0,NULL,'2022-12-11 17:47:34'),(407,'菜单管理',2,'com.tq.web.controller.system.SysMenuController.edit()','PUT',1,'admin',NULL,'/system/menu','127.0.0.1','内网IP','{\"children\":[],\"component\":\"system/dept/index\",\"createTime\":\"2022-11-15 17:25:36\",\"icon\":\"tree\",\"isCache\":\"0\",\"isFrame\":\"1\",\"menuId\":103,\"menuName\":\"用户分类管理\",\"menuType\":\"C\",\"orderNum\":4,\"parentId\":1,\"path\":\"dept\",\"perms\":\"system:dept:list\",\"query\":\"\",\"status\":\"0\",\"updateBy\":\"admin\",\"visible\":\"0\"}','{\"msg\":\"操作成功\",\"code\":200}',0,NULL,'2022-12-11 23:42:21'),(408,'菜单管理',2,'com.tq.web.controller.system.SysMenuController.edit()','PUT',1,'admin',NULL,'/system/menu','127.0.0.1','内网IP','{\"children\":[],\"component\":\"\",\"createTime\":\"2022-11-15 17:25:36\",\"icon\":\"#\",\"isCache\":\"0\",\"isFrame\":\"1\",\"menuId\":1016,\"menuName\":\"用户分类查询\",\"menuType\":\"F\",\"orderNum\":1,\"parentId\":103,\"path\":\"\",\"perms\":\"system:dept:query\",\"query\":\"\",\"status\":\"0\",\"updateBy\":\"admin\",\"visible\":\"0\"}','{\"msg\":\"操作成功\",\"code\":200}',0,NULL,'2022-12-11 23:42:35'),(409,'菜单管理',2,'com.tq.web.controller.system.SysMenuController.edit()','PUT',1,'admin',NULL,'/system/menu','127.0.0.1','内网IP','{\"children\":[],\"component\":\"\",\"createTime\":\"2022-11-15 17:25:36\",\"icon\":\"#\",\"isCache\":\"0\",\"isFrame\":\"1\",\"menuId\":1017,\"menuName\":\"用户分类新增\",\"menuType\":\"F\",\"orderNum\":2,\"parentId\":103,\"path\":\"\",\"perms\":\"system:dept:add\",\"query\":\"\",\"status\":\"0\",\"updateBy\":\"admin\",\"visible\":\"0\"}','{\"msg\":\"操作成功\",\"code\":200}',0,NULL,'2022-12-11 23:42:40'),(410,'菜单管理',2,'com.tq.web.controller.system.SysMenuController.edit()','PUT',1,'admin',NULL,'/system/menu','127.0.0.1','内网IP','{\"children\":[],\"component\":\"\",\"createTime\":\"2022-11-15 17:25:36\",\"icon\":\"#\",\"isCache\":\"0\",\"isFrame\":\"1\",\"menuId\":1018,\"menuName\":\"用户分类修改\",\"menuType\":\"F\",\"orderNum\":3,\"parentId\":103,\"path\":\"\",\"perms\":\"system:dept:edit\",\"query\":\"\",\"status\":\"0\",\"updateBy\":\"admin\",\"visible\":\"0\"}','{\"msg\":\"操作成功\",\"code\":200}',0,NULL,'2022-12-11 23:42:45'),(411,'菜单管理',2,'com.tq.web.controller.system.SysMenuController.edit()','PUT',1,'admin',NULL,'/system/menu','127.0.0.1','内网IP','{\"children\":[],\"component\":\"\",\"createTime\":\"2022-11-15 17:25:36\",\"icon\":\"#\",\"isCache\":\"0\",\"isFrame\":\"1\",\"menuId\":1019,\"menuName\":\"用户分类删除\",\"menuType\":\"F\",\"orderNum\":4,\"parentId\":103,\"path\":\"\",\"perms\":\"system:dept:remove\",\"query\":\"\",\"status\":\"0\",\"updateBy\":\"admin\",\"visible\":\"0\"}','{\"msg\":\"操作成功\",\"code\":200}',0,NULL,'2022-12-11 23:42:49'),(412,'部门管理',2,'com.tq.web.controller.system.SysDeptController.edit()','PUT',1,'admin',NULL,'/system/dept','127.0.0.1','内网IP','{\"ancestors\":\"0,100\",\"children\":[],\"deptId\":104,\"deptName\":\"19级学生\",\"email\":\"ry@qq.com\",\"leader\":\"admin\",\"orderNum\":2,\"parentId\":100,\"parentName\":\"广州理工学院\",\"phone\":\"15888888888\",\"status\":\"0\",\"updateBy\":\"admin\"}','{\"msg\":\"操作成功\",\"code\":200}',0,NULL,'2022-12-11 23:45:35'),(413,'部门管理',2,'com.tq.web.controller.system.SysDeptController.edit()','PUT',1,'admin',NULL,'/system/dept','127.0.0.1','内网IP','{\"ancestors\":\"0\",\"children\":[],\"deptId\":100,\"deptName\":\"广州理工学院\",\"email\":\"ry@qq.com\",\"leader\":\"admin\",\"orderNum\":0,\"parentId\":0,\"phone\":\"15888888888\",\"status\":\"0\",\"updateBy\":\"admin\"}','{\"msg\":\"操作成功\",\"code\":200}',0,NULL,'2022-12-11 23:45:42'),(414,'部门管理',2,'com.tq.web.controller.system.SysDeptController.edit()','PUT',1,'admin',NULL,'/system/dept','127.0.0.1','内网IP','{\"ancestors\":\"0,100\",\"children\":[],\"deptId\":101,\"deptName\":\"老师\",\"email\":\"ry@qq.com\",\"leader\":\"admin\",\"orderNum\":1,\"parentId\":100,\"parentName\":\"广州理工学院\",\"phone\":\"15888888888\",\"status\":\"0\",\"updateBy\":\"admin\"}','{\"msg\":\"操作成功\",\"code\":200}',0,NULL,'2022-12-11 23:45:47'),(415,'部门管理',2,'com.tq.web.controller.system.SysDeptController.edit()','PUT',1,'admin',NULL,'/system/dept','127.0.0.1','内网IP','{\"ancestors\":\"0,100\",\"children\":[],\"deptId\":102,\"deptName\":\"教务人员\",\"email\":\"ry@qq.com\",\"leader\":\"admin\",\"orderNum\":2,\"parentId\":100,\"parentName\":\"广州理工学院\",\"phone\":\"15888888888\",\"status\":\"0\",\"updateBy\":\"admin\"}','{\"msg\":\"操作成功\",\"code\":200}',0,NULL,'2022-12-11 23:45:52'),(416,'部门管理',2,'com.tq.web.controller.system.SysDeptController.edit()','PUT',1,'admin',NULL,'/system/dept','127.0.0.1','内网IP','{\"ancestors\":\"0,100\",\"children\":[],\"deptId\":103,\"deptName\":\"系统运维\",\"email\":\"ry@qq.com\",\"leader\":\"admin\",\"orderNum\":2,\"parentId\":100,\"parentName\":\"广州理工学院\",\"phone\":\"15888888888\",\"status\":\"0\",\"updateBy\":\"admin\"}','{\"msg\":\"操作成功\",\"code\":200}',0,NULL,'2022-12-11 23:45:56'),(417,'学生',2,'com.tq.system.controller.StuStudentController.edit()','PUT',1,'admin',NULL,'/system/student','127.0.0.1','内网IP','{\"birthDate\":\"2022-11-01 00:00:00\",\"classId\":1,\"className\":\"19计科3班\",\"delFlag\":\"0\",\"departmentId\":1,\"departmentName\":\"计算机科学与工程学院\",\"majorId\":1,\"majorName\":\"计算机科学与技术\",\"stuId\":1,\"stuName\":\"唐琪\",\"stuNum\":\"20190411430356\",\"stuSex\":\"1\"}','{\"msg\":\"操作成功\",\"code\":200}',0,NULL,'2022-12-15 14:04:32'),(418,'班级',2,'com.tq.system.controller.StuClassController.edit()','PUT',1,'admin',NULL,'/system/class','127.0.0.1','内网IP','{\"classGrade\":\"2019\",\"classId\":6,\"className\":\"18计科3班\",\"majorId\":1,\"majorName\":\"计算机科学与技术\",\"orderNum\":1}','{\"msg\":\"操作成功\",\"code\":200}',0,NULL,'2022-12-15 14:06:23'),(419,'批量新增课程明细信息',1,'com.tq.system.controller.StuGradeController.addMultiple()','POST',1,'admin',NULL,'/system/grade/addMultiple','127.0.0.1','内网IP','[{\"courseId\":2,\"gradeId\":84,\"stuId\":1,\"term\":\"2022-1\"},{\"courseId\":2,\"gradeId\":85,\"stuId\":2,\"term\":\"2022-1\"},{\"courseId\":2,\"gradeId\":86,\"stuId\":3,\"term\":\"2022-1\"},{\"courseId\":2,\"gradeId\":87,\"stuId\":4,\"term\":\"2022-1\"},{\"courseId\":2,\"gradeId\":88,\"stuId\":5,\"term\":\"2022-1\"},{\"courseId\":2,\"gradeId\":89,\"stuId\":6,\"term\":\"2022-1\"}]','{\"msg\":\"操作成功\",\"code\":200}',0,NULL,'2022-12-15 14:14:46'),(420,'菜单管理',1,'com.tq.web.controller.system.SysMenuController.add()','POST',1,'admin',NULL,'/system/menu','127.0.0.1','内网IP','{\"children\":[],\"createBy\":\"admin\",\"isCache\":\"0\",\"isFrame\":\"1\",\"menuName\":\"导入学生列表\",\"menuType\":\"F\",\"orderNum\":6,\"parentId\":2054,\"perms\":\"system:student:import\",\"status\":\"0\",\"visible\":\"0\"}','{\"msg\":\"操作成功\",\"code\":200}',0,NULL,'2022-12-21 19:01:17'),(421,'用户头像',2,'com.tq.web.controller.system.SysProfileController.avatar()','POST',1,'admin',NULL,'/system/user/profile/avatar','127.0.0.1','内网IP','','{\"msg\":\"操作成功\",\"imgUrl\":\"/profile/avatar/2022/12/21/blob_20221221232321A002.png\",\"code\":200}',0,NULL,'2022-12-21 23:23:21'),(422,'用户管理',1,'com.tq.web.controller.system.SysUserController.add()','POST',1,'admin',NULL,'/system/user','127.0.0.1','内网IP','{\"admin\":false,\"deptId\":104,\"nickName\":\"diandian\",\"postIds\":[],\"roleIds\":[3],\"sex\":\"0\",\"status\":\"0\",\"userName\":\"diandian\"}','{\"msg\":\"新增用户\'diandian\'失败，登录账号已存在\",\"code\":500}',0,NULL,'2022-12-27 16:44:30'),(423,'用户管理',1,'com.tq.web.controller.system.SysUserController.add()','POST',1,'admin',NULL,'/system/user','127.0.0.1','内网IP','{\"admin\":false,\"createBy\":\"admin\",\"deptId\":104,\"nickName\":\"diandian\",\"postIds\":[],\"roleIds\":[3],\"sex\":\"0\",\"status\":\"0\",\"userId\":4,\"userName\":\"dian\"}','{\"msg\":\"操作成功\",\"code\":200}',0,NULL,'2022-12-27 16:44:37'),(424,'用户管理',2,'com.tq.web.controller.system.SysUserController.edit()','PUT',1,'admin',NULL,'/system/user','127.0.0.1','内网IP','{\"admin\":false,\"avatar\":\"\",\"createBy\":\"admin\",\"createTime\":\"2022-12-27 18:03:52\",\"delFlag\":\"0\",\"dept\":{\"ancestors\":\"0\",\"children\":[],\"deptId\":100,\"deptName\":\"广州理工学院\",\"leader\":\"admin\",\"orderNum\":0,\"parentId\":0,\"status\":\"0\"},\"deptId\":104,\"email\":\"\",\"loginIp\":\"\",\"nickName\":\"20190411430326\",\"phonenumber\":\"\",\"postIds\":[],\"remark\":\"批量添加用户\",\"roleIds\":[3],\"roles\":[{\"admin\":false,\"dataScope\":\"1\",\"deptCheckStrictly\":false,\"flag\":false,\"menuCheckStrictly\":false,\"roleId\":3,\"roleKey\":\"student\",\"roleName\":\"学生\",\"roleSort\":\"3\",\"status\":\"0\"}],\"sex\":\"0\",\"status\":\"0\",\"updateBy\":\"admin\",\"userId\":6,\"userName\":\"20190411430326\"}','{\"msg\":\"操作成功\",\"code\":200}',0,NULL,'2022-12-27 18:07:49'),(425,'用户管理',2,'com.tq.web.controller.system.SysUserController.edit()','PUT',1,'admin',NULL,'/system/user','127.0.0.1','内网IP','{\"admin\":false,\"avatar\":\"\",\"createBy\":\"admin\",\"createTime\":\"2022-11-22 23:22:02\",\"delFlag\":\"0\",\"dept\":{\"ancestors\":\"0,100\",\"children\":[],\"deptId\":104,\"deptName\":\"19级学生\",\"leader\":\"admin\",\"orderNum\":2,\"parentId\":100,\"status\":\"0\"},\"deptId\":101,\"email\":\"2222222@qq.com\",\"loginIp\":\"\",\"nickName\":\"唐老师\",\"phonenumber\":\"18688417105\",\"postIds\":[],\"roleIds\":[3],\"roles\":[{\"admin\":false,\"dataScope\":\"1\",\"deptCheckStrictly\":false,\"flag\":false,\"menuCheckStrictly\":false,\"roleId\":3,\"roleKey\":\"student\",\"roleName\":\"学生\",\"roleSort\":\"3\",\"status\":\"0\"}],\"sex\":\"1\",\"status\":\"0\",\"updateBy\":\"admin\",\"userId\":3,\"userName\":\"tangqi\"}','{\"msg\":\"操作成功\",\"code\":200}',0,NULL,'2022-12-27 18:09:55'),(426,'用户管理',2,'com.tq.web.controller.system.SysUserController.edit()','PUT',1,'admin',NULL,'/system/user','127.0.0.1','内网IP','{\"admin\":false,\"avatar\":\"\",\"createBy\":\"admin\",\"createTime\":\"2022-12-27 16:44:37\",\"delFlag\":\"0\",\"dept\":{\"ancestors\":\"0,100\",\"children\":[],\"deptId\":104,\"deptName\":\"19级学生\",\"leader\":\"admin\",\"orderNum\":2,\"parentId\":100,\"status\":\"0\"},\"deptId\":101,\"email\":\"\",\"loginIp\":\"\",\"nickName\":\"陈老师\",\"phonenumber\":\"\",\"postIds\":[],\"roleIds\":[3],\"roles\":[{\"admin\":false,\"dataScope\":\"1\",\"deptCheckStrictly\":false,\"flag\":false,\"menuCheckStrictly\":false,\"roleId\":3,\"roleKey\":\"student\",\"roleName\":\"学生\",\"roleSort\":\"3\",\"status\":\"0\"}],\"sex\":\"0\",\"status\":\"0\",\"updateBy\":\"admin\",\"userId\":4,\"userName\":\"dian\"}','{\"msg\":\"操作成功\",\"code\":200}',0,NULL,'2022-12-27 18:10:25'),(427,'用户管理',2,'com.tq.web.controller.system.SysUserController.edit()','PUT',1,'admin',NULL,'/system/user','127.0.0.1','内网IP','{\"admin\":false,\"avatar\":\"/profile/avatar/2022/11/22/blob_20221122232521A002.png\",\"createBy\":\"admin\",\"createTime\":\"2022-11-15 17:25:35\",\"delFlag\":\"0\",\"dept\":{\"ancestors\":\"0,100\",\"children\":[],\"deptId\":103,\"deptName\":\"系统运维\",\"leader\":\"admin\",\"orderNum\":2,\"parentId\":100,\"status\":\"0\"},\"deptId\":103,\"email\":\"ry@qq.com\",\"loginDate\":\"2022-11-15 17:25:35\",\"loginIp\":\"127.0.0.1\",\"nickName\":\"廖老师\",\"phonenumber\":\"15666666666\",\"postIds\":[],\"remark\":\"测试员\",\"roleIds\":[2],\"roles\":[{\"admin\":false,\"dataScope\":\"2\",\"deptCheckStrictly\":false,\"flag\":false,\"menuCheckStrictly\":false,\"roleId\":2,\"roleKey\":\"common\",\"roleName\":\"教务人员\",\"roleSort\":\"2\",\"status\":\"0\"}],\"sex\":\"1\",\"status\":\"0\",\"updateBy\":\"admin\",\"userId\":2,\"userName\":\"diandian\"}','{\"msg\":\"操作成功\",\"code\":200}',0,NULL,'2022-12-27 18:11:39'),(428,'学生',2,'com.tq.system.controller.StuStudentController.edit()','PUT',1,'admin',NULL,'/system/student','127.0.0.1','内网IP','{\"birthDate\":\"2022-11-17 00:00:00\",\"classId\":7,\"className\":\"22软件1班\",\"delFlag\":\"0\",\"departmentId\":1,\"departmentName\":\"计算机科学与工程学院\",\"majorId\":2,\"majorName\":\"软件工程专业\",\"stuId\":7,\"stuName\":\"李大大\",\"stuNum\":\"20190411430322\",\"stuSex\":\"0\"}','{\"msg\":\"操作成功\",\"code\":200}',0,NULL,'2022-12-27 18:14:17'),(429,'部门管理',1,'com.tq.web.controller.system.SysDeptController.add()','POST',1,'admin',NULL,'/system/dept','127.0.0.1','内网IP','{\"ancestors\":\"0,100\",\"children\":[],\"createBy\":\"admin\",\"deptName\":\"22级学生\",\"leader\":\"廖老师\",\"orderNum\":0,\"parentId\":100,\"status\":\"0\"}','{\"msg\":\"操作成功\",\"code\":200}',0,NULL,'2022-12-27 18:15:10'),(430,'部门管理',2,'com.tq.web.controller.system.SysDeptController.edit()','PUT',1,'admin',NULL,'/system/dept','127.0.0.1','内网IP','{\"ancestors\":\"0,100\",\"children\":[],\"deptId\":105,\"deptName\":\"22级学生\",\"leader\":\"廖老师\",\"orderNum\":2,\"parentId\":100,\"parentName\":\"广州理工学院\",\"status\":\"0\",\"updateBy\":\"admin\"}','{\"msg\":\"操作成功\",\"code\":200}',0,NULL,'2022-12-27 18:15:16'),(431,'角色管理',2,'com.tq.web.controller.system.SysRoleController.edit()','PUT',1,'admin',NULL,'/system/role','127.0.0.1','内网IP','{\"admin\":false,\"createTime\":\"2022-11-22 23:12:31\",\"dataScope\":\"1\",\"delFlag\":\"0\",\"deptCheckStrictly\":true,\"flag\":false,\"menuCheckStrictly\":false,\"menuIds\":[2070,2105,2075,2081,2108,2087,2093,2099,2100],\"roleId\":3,\"roleKey\":\"student\",\"roleName\":\"学生\",\"roleSort\":\"3\",\"status\":\"0\",\"updateBy\":\"admin\"}','{\"msg\":\"操作成功\",\"code\":200}',0,NULL,'2022-12-29 16:02:05'),(432,'角色管理',2,'com.tq.web.controller.system.SysRoleController.edit()','PUT',1,'admin',NULL,'/system/role','127.0.0.1','内网IP','{\"admin\":false,\"createTime\":\"2022-11-22 23:13:34\",\"dataScope\":\"1\",\"delFlag\":\"0\",\"deptCheckStrictly\":true,\"flag\":false,\"menuCheckStrictly\":false,\"menuIds\":[2073,2055,2070,2105,2075,2076,2077,2081,2082,2107,2083,2108,2087,2088,2089,2093,2094,2095,2099,2100,2101,2067,2068,2069],\"roleId\":4,\"roleKey\":\"teacher\",\"roleName\":\"教师\",\"roleSort\":\"4\",\"status\":\"0\",\"updateBy\":\"admin\"}','{\"msg\":\"操作成功\",\"code\":200}',0,NULL,'2022-12-29 16:03:24'),(433,'用户管理',1,'com.tq.web.controller.system.SysUserController.add()','POST',1,'admin',NULL,'/system/user','127.0.0.1','内网IP','{\"admin\":false,\"createBy\":\"admin\",\"deptId\":101,\"email\":\"luo@qq.com\",\"nickName\":\"罗建平\",\"phonenumber\":\"18688417333\",\"postIds\":[],\"roleIds\":[4],\"sex\":\"0\",\"status\":\"0\",\"userId\":30,\"userName\":\"1000\"}','{\"msg\":\"操作成功\",\"code\":200}',0,NULL,'2022-12-29 16:05:35'),(434,'用户管理',1,'com.tq.web.controller.system.SysUserController.add()','POST',1,'admin',NULL,'/system/user','127.0.0.1','内网IP','{\"admin\":false,\"createBy\":\"admin\",\"deptId\":101,\"email\":\"liu@qq.com\",\"nickName\":\"刘飞生\",\"phonenumber\":\"18688412222\",\"postIds\":[],\"roleIds\":[4],\"sex\":\"0\",\"status\":\"0\",\"userId\":31,\"userName\":\"1001\"}','{\"msg\":\"操作成功\",\"code\":200}',0,NULL,'2022-12-29 16:06:20'),(435,'用户管理',1,'com.tq.web.controller.system.SysUserController.add()','POST',1,'admin',NULL,'/system/user','127.0.0.1','内网IP','{\"admin\":false,\"createBy\":\"admin\",\"deptId\":101,\"email\":\"zhou@qq.com\",\"nickName\":\"周少波\",\"phonenumber\":\"18888888455\",\"postIds\":[],\"roleIds\":[4],\"sex\":\"0\",\"status\":\"0\",\"userId\":32,\"userName\":\"1004\"}','{\"msg\":\"操作成功\",\"code\":200}',0,NULL,'2022-12-29 16:07:41'),(436,'角色管理',2,'com.tq.web.controller.system.SysRoleController.edit()','PUT',1,'admin',NULL,'/system/role','127.0.0.1','内网IP','{\"admin\":false,\"createTime\":\"2022-11-15 17:25:36\",\"dataScope\":\"2\",\"delFlag\":\"0\",\"deptCheckStrictly\":true,\"flag\":false,\"menuCheckStrictly\":true,\"menuIds\":[1,100,1000,1001,1002,1003,1004,1005,1006,101,1007,1008,1009,1010,1011,102,1012,1013,1014,1015,103,1016,1017,1018,1019,104,1020,1021,1022,1023,1024,108,500,1039,1040,1041,501,1042,1043,1044,1045,2054,2073,2055,2056,2057,2058,2059,2109,2066,2060,2104,2061,2062,2063,2064,2065,2024,2025,2026,2027,2028,2029,2106,2036,2071,2072,2037,2038,2039,2040,2041,2042,2043,2044,2045,2046,2047,2070,2074,2105,2075,2076,2077,2078,2079,2080,2081,2082,2107,2083,2084,2085,2086,2108,2087,2088,2089,2090,2091,2092,2093,2094,2095,2096,2097,2098,2099,2100,2101,2102,2103,2067,2068,2069],\"remark\":\"\",\"roleId\":2,\"roleKey\":\"common\",\"roleName\":\"教务人员\",\"roleSort\":\"2\",\"status\":\"0\",\"updateBy\":\"admin\"}','{\"msg\":\"操作成功\",\"code\":200}',0,NULL,'2022-12-29 16:09:10'),(437,'角色管理',2,'com.tq.web.controller.system.SysRoleController.edit()','PUT',1,'admin',NULL,'/system/role','127.0.0.1','内网IP','{\"admin\":false,\"createTime\":\"2022-11-15 17:25:36\",\"dataScope\":\"2\",\"delFlag\":\"0\",\"deptCheckStrictly\":true,\"flag\":false,\"menuCheckStrictly\":true,\"menuIds\":[1,100,1000,1001,1002,1003,1004,1005,1006,101,1007,1008,1009,1010,1011,102,1012,1013,1014,1015,103,1016,1017,1018,1019,104,1020,1021,1022,1023,1024,108,500,1039,1040,1041,501,1042,1043,1044,1045,2054,2073,2055,2056,2057,2058,2059,2109,2066,2060,2104,2061,2062,2063,2064,2065,2024,2025,2026,2027,2028,2029,2106,2036,2071,2072,2037,2038,2039,2040,2041,2042,2043,2044,2045,2046,2047,2070,2074,2105,2075,2076,2077,2078,2079,2080,2081,2082,2107,2083,2084,2085,2086,2108,2087,2088,2089,2090,2091,2092,2093,2094,2095,2096,2097,2098,2099,2100,2101,2102,2103,2067,2068,2069],\"remark\":\"维护系统\",\"roleId\":2,\"roleKey\":\"common\",\"roleName\":\"教务人员\",\"roleSort\":\"2\",\"status\":\"0\",\"updateBy\":\"admin\"}','{\"msg\":\"操作成功\",\"code\":200}',0,NULL,'2022-12-29 16:09:29'),(438,'菜单管理',2,'com.tq.web.controller.system.SysMenuController.edit()','PUT',1,'admin',NULL,'/system/menu','127.0.0.1','内网IP','{\"children\":[],\"component\":\"system/grade/index\",\"createTime\":\"2022-11-28 15:09:42\",\"icon\":\"#\",\"isCache\":\"0\",\"isFrame\":\"1\",\"menuId\":2080,\"menuName\":\"课程明细\",\"menuType\":\"C\",\"orderNum\":1,\"parentId\":2070,\"path\":\"grade\",\"perms\":\"system:grade:list\",\"status\":\"0\",\"updateBy\":\"admin\",\"visible\":\"0\"}','{\"msg\":\"操作成功\",\"code\":200}',0,NULL,'2023-02-05 11:42:08'),(439,'课程',2,'com.tq.system.controller.StuCourseController.edit()','PUT',1,'admin',NULL,'/system/course','127.0.0.1','内网IP','{\"classId\":1,\"className\":\"19计科3班\",\"courseCredit\":4,\"courseDate\":\"2022-11-16 00:00:00\",\"courseHours\":48,\"courseId\":1,\"courseName\":\"数据结构\",\"courseType\":\"公共选修课\",\"scaledGradesProportion\":0.6,\"studyingWay\":\"0\",\"teaId\":2,\"teaName\":\"刘飞生\",\"term\":\"2021-1\",\"usualGradesProportion\":0.4}','{\"msg\":\"操作成功\",\"code\":200}',0,NULL,'2023-02-05 13:39:25'),(440,'课程',2,'com.tq.system.controller.StuCourseController.edit()','PUT',1,'admin',NULL,'/system/course','127.0.0.1','内网IP','{\"classId\":1,\"className\":\"19计科3班\",\"courseCredit\":4,\"courseDate\":\"2022-11-22 00:00:00\",\"courseHours\":214,\"courseId\":2,\"courseName\":\"软件工程\",\"courseType\":\"公共选修课\",\"scaledGradesProportion\":0.6,\"studyingWay\":\"0\",\"teaId\":5,\"teaName\":\"周少波\",\"term\":\"2021-1\",\"usualGradesProportion\":0.3}','{\"msg\":\"操作成功\",\"code\":200}',0,NULL,'2023-02-05 13:39:41'),(441,'课程',2,'com.tq.system.controller.StuCourseController.edit()','PUT',1,'admin',NULL,'/system/course','127.0.0.1','内网IP','{\"classId\":1,\"className\":\"19计科3班\",\"courseCredit\":4,\"courseDate\":\"2022-11-22 00:00:00\",\"courseHours\":212,\"courseId\":3,\"courseName\":\"高级架构\",\"courseType\":\"公共必修课\",\"scaledGradesProportion\":0.6,\"studyingWay\":\"0\",\"teaId\":1,\"teaName\":\"罗建平\",\"term\":\"2021-1\",\"usualGradesProportion\":0.5}','{\"msg\":\"操作成功\",\"code\":200}',0,NULL,'2023-02-05 13:39:50'),(442,'课程',2,'com.tq.system.controller.StuCourseController.edit()','PUT',1,'admin',NULL,'/system/course','127.0.0.1','内网IP','{\"classId\":1,\"className\":\"19计科3班\",\"courseCredit\":4,\"courseDate\":\"2022-11-16 00:00:00\",\"courseHours\":48,\"courseId\":1,\"courseName\":\"数据结构\",\"courseType\":\"公共选修课\",\"scaledGradesProportion\":0.6,\"studyingWay\":\"0\",\"teaId\":2,\"teaName\":\"刘飞生\",\"term\":\"2021-2022-1\",\"usualGradesProportion\":0.4}','{\"msg\":\"操作成功\",\"code\":200}',0,NULL,'2023-02-05 15:55:13'),(443,'课程',2,'com.tq.system.controller.StuCourseController.edit()','PUT',1,'admin',NULL,'/system/course','127.0.0.1','内网IP','{\"classId\":1,\"className\":\"19计科3班\",\"courseCredit\":4,\"courseDate\":\"2022-11-16 00:00:00\",\"courseHours\":48,\"courseId\":1,\"courseName\":\"数据结构\",\"courseType\":\"公共选修课\",\"scaledGradesProportion\":0.6,\"studyingWay\":\"0\",\"teaId\":2,\"teaName\":\"刘飞生\",\"term\":\"2021-2022-1\",\"usualGradesProportion\":0.4}','{\"msg\":\"操作成功\",\"code\":200}',0,NULL,'2023-02-05 15:56:19'),(444,'课程',2,'com.tq.system.controller.StuCourseController.edit()','PUT',1,'admin',NULL,'/system/course','127.0.0.1','内网IP','{\"classId\":1,\"className\":\"19计科3班\",\"courseCredit\":4,\"courseDate\":\"2022-11-22 00:00:00\",\"courseHours\":214,\"courseId\":2,\"courseName\":\"软件工程\",\"courseType\":\"公共选修课\",\"scaledGradesProportion\":0.6,\"studyingWay\":\"0\",\"teaId\":5,\"teaName\":\"周少波\",\"term\":\"2021-2022-1\",\"usualGradesProportion\":0.3}','{\"msg\":\"操作成功\",\"code\":200}',0,NULL,'2023-02-05 15:56:29'),(445,'课程',2,'com.tq.system.controller.StuCourseController.edit()','PUT',1,'admin',NULL,'/system/course','127.0.0.1','内网IP','{\"classId\":1,\"className\":\"19计科3班\",\"courseCredit\":4,\"courseDate\":\"2022-11-22 00:00:00\",\"courseHours\":212,\"courseId\":3,\"courseName\":\"高级架构\",\"courseType\":\"公共必修课\",\"scaledGradesProportion\":0.6,\"studyingWay\":\"0\",\"teaId\":1,\"teaName\":\"罗建平\",\"term\":\"2021-2022-1\",\"usualGradesProportion\":0.5}','{\"msg\":\"操作成功\",\"code\":200}',0,NULL,'2023-02-05 15:56:38'),(446,'课程',2,'com.tq.system.controller.StuCourseController.edit()','PUT',1,'admin',NULL,'/system/course','127.0.0.1','内网IP','{\"classId\":1,\"className\":\"19计科3班\",\"courseCredit\":4,\"courseDate\":\"2022-11-22 00:00:00\",\"courseHours\":22,\"courseId\":4,\"courseName\":\"信息安全管理\",\"courseType\":\"公共选修课\",\"scaledGradesProportion\":0.6,\"studyingWay\":\"0\",\"teaId\":3,\"teaName\":\"陈焰\",\"term\":\"2021-2022-1\",\"usualGradesProportion\":0.4}','{\"msg\":\"操作成功\",\"code\":200}',0,NULL,'2023-02-05 15:56:48'),(447,'课程',2,'com.tq.system.controller.StuCourseController.edit()','PUT',1,'admin',NULL,'/system/course','127.0.0.1','内网IP','{\"classId\":1,\"className\":\"19计科3班\",\"courseCredit\":4,\"courseDate\":\"2022-11-22 00:00:00\",\"courseHours\":22,\"courseId\":7,\"courseName\":\"JavaSE\",\"courseType\":\"公共选修课\",\"scaledGradesProportion\":0.6,\"studyingWay\":\"0\",\"teaId\":1,\"teaName\":\"罗建平\",\"term\":\"2021-2022-1\",\"usualGradesProportion\":0.4}','{\"msg\":\"操作成功\",\"code\":200}',0,NULL,'2023-02-05 15:57:08'),(448,'课程',2,'com.tq.system.controller.StuCourseController.edit()','PUT',1,'admin',NULL,'/system/course','127.0.0.1','内网IP','{\"classId\":1,\"className\":\"19计科3班\",\"courseCredit\":4,\"courseDate\":\"2022-11-22 00:00:00\",\"courseHours\":22,\"courseId\":8,\"courseName\":\"IT项目管理\",\"courseType\":\"专业核心课\",\"scaledGradesProportion\":0.6,\"studyingWay\":\"0\",\"teaId\":1,\"teaName\":\"罗建平\",\"term\":\"2021-2022-1\",\"usualGradesProportion\":0.4}','{\"msg\":\"操作成功\",\"code\":200}',0,NULL,'2023-02-05 15:57:56'),(449,'课程',2,'com.tq.system.controller.StuCourseController.edit()','PUT',1,'admin',NULL,'/system/course','127.0.0.1','内网IP','{\"classId\":1,\"className\":\"19计科3班\",\"courseCredit\":4,\"courseDate\":\"2022-11-22 00:00:00\",\"courseHours\":22,\"courseId\":7,\"courseName\":\"JavaSE\",\"courseType\":\"公共选修课\",\"scaledGradesProportion\":0.6,\"studyingWay\":\"0\",\"teaId\":1,\"teaName\":\"罗建平\",\"term\":\"2021-2022-1\",\"usualGradesProportion\":0.4}','{\"msg\":\"操作成功\",\"code\":200}',0,NULL,'2023-02-05 15:58:05'),(450,'课程',2,'com.tq.system.controller.StuCourseController.edit()','PUT',1,'admin',NULL,'/system/course','127.0.0.1','内网IP','{\"classId\":1,\"className\":\"19计科3班\",\"courseCredit\":4,\"courseDate\":\"2022-11-22 00:00:00\",\"courseHours\":22,\"courseId\":8,\"courseName\":\"IT项目管理\",\"courseType\":\"专业核心课\",\"scaledGradesProportion\":0.6,\"studyingWay\":\"0\",\"teaId\":1,\"teaName\":\"罗建平\",\"term\":\"2021-2022-2\",\"usualGradesProportion\":0.4}','{\"msg\":\"操作成功\",\"code\":200}',0,NULL,'2023-02-05 15:58:19'),(451,'课程',2,'com.tq.system.controller.StuCourseController.edit()','PUT',1,'admin',NULL,'/system/course','127.0.0.1','内网IP','{\"classId\":1,\"className\":\"19计科3班\",\"courseCredit\":4,\"courseDate\":\"2022-11-22 00:00:00\",\"courseHours\":212,\"courseId\":3,\"courseName\":\"高级架构\",\"courseType\":\"公共必修课\",\"scaledGradesProportion\":0.6,\"studyingWay\":\"0\",\"teaId\":1,\"teaName\":\"罗建平\",\"term\":\"2021-2022-2\",\"usualGradesProportion\":0.5}','{\"msg\":\"操作成功\",\"code\":200}',0,NULL,'2023-02-05 15:58:39'),(452,'课程',2,'com.tq.system.controller.StuCourseController.edit()','PUT',1,'admin',NULL,'/system/course','127.0.0.1','内网IP','{\"classId\":7,\"className\":\"22软件1班\",\"courseCredit\":1,\"courseDate\":\"2022-12-29 00:00:00\",\"courseHours\":48,\"courseId\":9,\"courseName\":\"数据结构\",\"courseType\":\"专业核心课\",\"scaledGradesProportion\":0.6,\"studyingWay\":\"0\",\"teaId\":1,\"teaName\":\"罗建平\",\"term\":\"2021-2022-1\",\"usualGradesProportion\":0.5}','{\"msg\":\"操作成功\",\"code\":200}',0,NULL,'2023-02-05 15:59:44'),(453,'课程',2,'com.tq.system.controller.StuCourseController.edit()','PUT',1,'admin',NULL,'/system/course','127.0.0.1','内网IP','{\"classId\":1,\"className\":\"19计科3班\",\"courseCredit\":4,\"courseDate\":\"2022-11-22 00:00:00\",\"courseHours\":214,\"courseId\":2,\"courseName\":\"软件工程\",\"courseType\":\"公共选修课\",\"scaledGradesProportion\":0.6,\"studyingWay\":\"0\",\"teaId\":5,\"teaName\":\"周少波\",\"term\":\"2021-2022-2\",\"usualGradesProportion\":0.3}','{\"msg\":\"操作成功\",\"code\":200}',0,NULL,'2023-02-05 16:00:28'),(454,'课程',2,'com.tq.system.controller.StuCourseController.edit()','PUT',1,'admin',NULL,'/system/course','127.0.0.1','内网IP','{\"classId\":7,\"className\":\"22软件1班\",\"courseCredit\":4,\"courseDate\":\"2022-11-22 00:00:00\",\"courseHours\":22,\"courseId\":5,\"courseName\":\"JavaWeb开发\",\"courseType\":\"公共必修课\",\"scaledGradesProportion\":0.6,\"studyingWay\":\"0\",\"teaId\":1,\"teaName\":\"罗建平\",\"term\":\"2022-2023-1\",\"usualGradesProportion\":0.4}','{\"msg\":\"操作成功\",\"code\":200}',0,NULL,'2023-02-05 16:01:03'),(455,'课程',2,'com.tq.system.controller.StuCourseController.edit()','PUT',1,'admin',NULL,'/system/course','127.0.0.1','内网IP','{\"classId\":7,\"className\":\"22软件1班\",\"courseCredit\":4,\"courseDate\":\"2022-11-22 00:00:00\",\"courseHours\":22,\"courseId\":6,\"courseName\":\"UML统一建模语言\",\"courseType\":\"公共必修课\",\"scaledGradesProportion\":0.6,\"studyingWay\":\"0\",\"teaId\":1,\"teaName\":\"罗建平\",\"term\":\"2022-2023-1\",\"usualGradesProportion\":0.4}','{\"msg\":\"操作成功\",\"code\":200}',0,NULL,'2023-02-05 16:01:45'),(456,'课程',2,'com.tq.system.controller.StuCourseController.edit()','PUT',1,'admin',NULL,'/system/course','127.0.0.1','内网IP','{\"classId\":7,\"className\":\"22软件1班\",\"courseCredit\":1,\"courseDate\":\"2022-12-29 00:00:00\",\"courseHours\":48,\"courseId\":9,\"courseName\":\"数据结构\",\"courseType\":\"专业核心课\",\"scaledGradesProportion\":0.6,\"studyingWay\":\"0\",\"teaId\":1,\"teaName\":\"罗建平\",\"term\":\"2022-2023-1\",\"usualGradesProportion\":0.5}','{\"msg\":\"操作成功\",\"code\":200}',0,NULL,'2023-02-05 16:01:53'),(457,'课程',2,'com.tq.system.controller.StuCourseController.edit()','PUT',1,'admin',NULL,'/system/course','127.0.0.1','内网IP','{\"classId\":7,\"className\":\"22软件1班\",\"courseCredit\":4,\"courseDate\":\"2022-11-22 00:00:00\",\"courseHours\":22,\"courseId\":5,\"courseName\":\"JavaWeb开发\",\"courseType\":\"公共必修课\",\"scaledGradesProportion\":0.6,\"studyingWay\":\"0\",\"teaId\":1,\"teaName\":\"罗建平\",\"term\":\"2022-2023-1\",\"usualGradesProportion\":0.4}','{\"msg\":\"操作成功\",\"code\":200}',0,NULL,'2023-02-05 16:02:52'),(458,'课程',2,'com.tq.system.controller.StuCourseController.edit()','PUT',1,'admin',NULL,'/system/course','127.0.0.1','内网IP','{\"classId\":1,\"className\":\"19计科3班\",\"courseCredit\":4,\"courseDate\":\"2022-11-22 00:00:00\",\"courseHours\":212,\"courseId\":3,\"courseName\":\"高级高级架构技术课程\",\"courseType\":\"公共必修课\",\"scaledGradesProportion\":0.6,\"studyingWay\":\"0\",\"teaId\":1,\"teaName\":\"罗建平\",\"term\":\"2021-2022-2\",\"usualGradesProportion\":0.5}','{\"msg\":\"操作成功\",\"code\":200}',0,NULL,'2023-02-05 16:06:20'),(459,'课程',2,'com.tq.system.controller.StuCourseController.edit()','PUT',1,'admin',NULL,'/system/course','127.0.0.1','内网IP','{\"classId\":1,\"className\":\"19计科3班\",\"courseCredit\":4,\"courseDate\":\"2022-11-22 00:00:00\",\"courseHours\":212,\"courseId\":3,\"courseName\":\"高级架构技术\",\"courseType\":\"公共必修课\",\"scaledGradesProportion\":0.6,\"studyingWay\":\"0\",\"teaId\":1,\"teaName\":\"罗建平\",\"term\":\"2021-2022-2\",\"usualGradesProportion\":0.5}','{\"msg\":\"操作成功\",\"code\":200}',0,NULL,'2023-02-05 16:06:29'),(460,'课程',2,'com.tq.system.controller.StuCourseController.edit()','PUT',1,'admin',NULL,'/system/course','127.0.0.1','内网IP','{\"classId\":1,\"className\":\"19计科3班\",\"courseCredit\":4,\"courseDate\":\"2022-11-22 00:00:00\",\"courseHours\":22,\"courseId\":4,\"courseName\":\"移动应用开发技术\",\"courseType\":\"公共选修课\",\"scaledGradesProportion\":0.6,\"studyingWay\":\"0\",\"teaId\":3,\"teaName\":\"陈焰\",\"term\":\"2021-2022-1\",\"usualGradesProportion\":0.4}','{\"msg\":\"操作成功\",\"code\":200}',0,NULL,'2023-02-05 16:06:42'),(461,'课程',1,'com.tq.system.controller.StuCourseController.add()','POST',1,'admin',NULL,'/system/course','127.0.0.1','内网IP','{\"classId\":1,\"courseCredit\":1,\"courseDate\":\"2023-02-23 00:00:00\",\"courseHours\":48,\"courseName\":\"前端设计技术\",\"courseType\":\"公共必修课0\",\"scaledGradesProportion\":0.4,\"studyingWay\":\"0\",\"teaId\":3,\"term\":\"2021-2022-2\",\"usualGradesProportion\":0.4}',NULL,1,'\r\n### Error updating database.  Cause: java.sql.SQLException: Data truncated for column \'course_type\' at row 1\r\n### The error may exist in file [D:\\graduationProject\\vue3前端借鉴\\stu-grades-admin\\stu-system\\target\\classes\\mapper\\system\\StuCourseMapper.xml]\r\n### The error may involve com.tq.system.mapper.stu.StuCourseMapper.insertStuCourse-Inline\r\n### The error occurred while setting parameters\r\n### SQL: insert into stu_course          ( course_name,             course_credit,             course_hours,             tea_id,             course_date,             studying_way,             course_type,             scaled_grades_proportion,             usual_grades_proportion,             class_id,             term )           values ( ?,             ?,             ?,             ?,             ?,             ?,             ?,             ?,             ?,             ?,             ? )\r\n### Cause: java.sql.SQLException: Data truncated for column \'course_type\' at row 1\n; Data truncated for column \'course_type\' at row 1; nested exception is java.sql.SQLException: Data truncated for column \'course_type\' at row 1','2023-02-05 16:07:32'),(462,'课程',1,'com.tq.system.controller.StuCourseController.add()','POST',1,'admin',NULL,'/system/course','127.0.0.1','内网IP','{\"classId\":1,\"courseCredit\":1,\"courseDate\":\"2023-02-23 00:00:00\",\"courseHours\":48,\"courseName\":\"前端设计技术\",\"courseType\":\"公共必修课0\",\"scaledGradesProportion\":0.4,\"studyingWay\":\"0\",\"teaId\":3,\"term\":\"2021-2022-2\",\"usualGradesProportion\":0.4}',NULL,1,'\r\n### Error updating database.  Cause: java.sql.SQLException: Data truncated for column \'course_type\' at row 1\r\n### The error may exist in file [D:\\graduationProject\\vue3前端借鉴\\stu-grades-admin\\stu-system\\target\\classes\\mapper\\system\\StuCourseMapper.xml]\r\n### The error may involve com.tq.system.mapper.stu.StuCourseMapper.insertStuCourse-Inline\r\n### The error occurred while setting parameters\r\n### SQL: insert into stu_course          ( course_name,             course_credit,             course_hours,             tea_id,             course_date,             studying_way,             course_type,             scaled_grades_proportion,             usual_grades_proportion,             class_id,             term )           values ( ?,             ?,             ?,             ?,             ?,             ?,             ?,             ?,             ?,             ?,             ? )\r\n### Cause: java.sql.SQLException: Data truncated for column \'course_type\' at row 1\n; Data truncated for column \'course_type\' at row 1; nested exception is java.sql.SQLException: Data truncated for column \'course_type\' at row 1','2023-02-05 16:09:26'),(463,'课程',1,'com.tq.system.controller.StuCourseController.add()','POST',1,'admin',NULL,'/system/course','127.0.0.1','内网IP','{\"classId\":1,\"courseCredit\":1,\"courseDate\":\"2023-02-23 00:00:00\",\"courseHours\":48,\"courseId\":10,\"courseName\":\"前端设计技术\",\"courseType\":\"公共必修课\",\"scaledGradesProportion\":0.4,\"studyingWay\":\"0\",\"teaId\":3,\"term\":\"2021-2022-2\",\"usualGradesProportion\":0.4}','{\"msg\":\"操作成功\",\"code\":200}',0,NULL,'2023-02-05 16:11:12'),(464,'课程',1,'com.tq.system.controller.StuCourseController.add()','POST',1,'admin',NULL,'/system/course','127.0.0.1','内网IP','{\"classId\":6,\"courseCredit\":1,\"courseDate\":\"2022-07-20 00:00:00\",\"courseHours\":28,\"courseId\":11,\"courseName\":\"软件测试\",\"courseType\":\"公共必修课\",\"scaledGradesProportion\":0.5,\"studyingWay\":\"0\",\"teaId\":5,\"term\":\"2021-2022-2\",\"usualGradesProportion\":0.5}','{\"msg\":\"操作成功\",\"code\":200}',0,NULL,'2023-02-05 16:13:00'),(465,'批量新增课程明细信息',1,'com.tq.system.controller.StuGradeController.addMultiple()','POST',1,'admin',NULL,'/system/grade/addMultiple','127.0.0.1','内网IP','[{\"courseId\":2,\"gradeId\":1,\"stuId\":1},{\"courseId\":2,\"gradeId\":2,\"stuId\":2},{\"courseId\":2,\"gradeId\":3,\"stuId\":3},{\"courseId\":2,\"gradeId\":4,\"stuId\":4},{\"courseId\":2,\"gradeId\":5,\"stuId\":5},{\"courseId\":2,\"gradeId\":6,\"stuId\":6}]','{\"msg\":\"操作成功\",\"code\":200}',0,NULL,'2023-02-05 16:16:00'),(466,'批量新增课程明细信息',1,'com.tq.system.controller.StuGradeController.addMultiple()','POST',1,'admin',NULL,'/system/grade/addMultiple','127.0.0.1','内网IP','[{\"courseId\":5,\"gradeId\":7,\"stuId\":7},{\"courseId\":5,\"gradeId\":8,\"stuId\":8},{\"courseId\":5,\"gradeId\":9,\"stuId\":9},{\"courseId\":5,\"gradeId\":10,\"stuId\":10},{\"courseId\":5,\"gradeId\":11,\"stuId\":11},{\"courseId\":5,\"gradeId\":12,\"stuId\":32},{\"courseId\":5,\"gradeId\":13,\"stuId\":33},{\"courseId\":5,\"gradeId\":14,\"stuId\":34},{\"courseId\":5,\"gradeId\":15,\"stuId\":35},{\"courseId\":5,\"gradeId\":16,\"stuId\":36},{\"courseId\":5,\"gradeId\":17,\"stuId\":37},{\"courseId\":5,\"gradeId\":18,\"stuId\":38},{\"courseId\":5,\"gradeId\":19,\"stuId\":39},{\"courseId\":5,\"gradeId\":20,\"stuId\":40},{\"courseId\":5,\"gradeId\":21,\"stuId\":41},{\"courseId\":5,\"gradeId\":22,\"stuId\":42},{\"courseId\":5,\"gradeId\":23,\"stuId\":43},{\"courseId\":5,\"gradeId\":24,\"stuId\":44},{\"courseId\":5,\"gradeId\":25,\"stuId\":45}]','{\"msg\":\"操作成功\",\"code\":200}',0,NULL,'2023-02-05 16:16:19'),(467,'课程考试安排',1,'com.tq.system.controller.StuExamController.add()','POST',1,'admin',NULL,'/system/exam','127.0.0.1','内网IP','{\"courseId\":5,\"examClassroom\":\"6栋-2200\",\"examEndTime\":\"10:40\",\"examId\":1,\"examName\":\"【JavaWeb开发】\",\"examStartTime\":\"8:40\",\"examType\":\"0\",\"scheduleTime\":\"2023-03-03 00:00:00\"}','{\"msg\":\"操作成功\",\"code\":200}',0,NULL,'2023-02-05 16:17:09'),(468,'课程考试安排明细',3,'com.tq.system.controller.StuExamDetailController.remove()','DELETE',1,'admin',NULL,'/system/detail/1','127.0.0.1','内网IP','{examDetailIds=1}','{\"msg\":\"操作成功\",\"code\":200}',0,NULL,'2023-02-05 16:17:47'),(469,'课程明细信息',2,'com.tq.system.controller.StuGradeController.edit()','PUT',1,'admin',NULL,'/system/grade','127.0.0.1','内网IP','{\"classId\":7,\"className\":\"22软件1班\",\"courseCredit\":4,\"courseId\":5,\"courseName\":\"JavaWeb开发\",\"examId\":1,\"gradeEntryTime\":\"2023-02-05 16:20:57\",\"gradeGpa\":2.2,\"gradeId\":15,\"scaledGrades\":60,\"scaledGradesProportion\":0.6,\"scoreGrades\":72,\"stuId\":35,\"stuName\":\"陈斯\",\"term\":\"2022-2023-1\",\"usualGrades\":90,\"usualGradesProportion\":0.4}','{\"msg\":\"操作成功\",\"code\":200}',0,NULL,'2023-02-05 16:20:58'),(470,'角色管理',2,'com.tq.web.controller.system.SysRoleController.edit()','PUT',1,'admin',NULL,'/system/role','127.0.0.1','内网IP','{\"admin\":false,\"createTime\":\"2022-11-22 23:13:34\",\"dataScope\":\"1\",\"delFlag\":\"0\",\"deptCheckStrictly\":true,\"flag\":false,\"menuCheckStrictly\":false,\"menuIds\":[2073,2055,2070,2105,2075,2076,2077,2081,2082,2107,2083,2108,2087,2088,2093,2094,2096,2099,2101,2067,2068,2069],\"roleId\":4,\"roleKey\":\"teacher\",\"roleName\":\"教师\",\"roleSort\":\"4\",\"status\":\"0\",\"updateBy\":\"admin\"}','{\"msg\":\"操作成功\",\"code\":200}',0,NULL,'2023-02-05 16:23:28'),(471,'角色管理',2,'com.tq.web.controller.system.SysRoleController.edit()','PUT',1,'admin',NULL,'/system/role','127.0.0.1','内网IP','{\"admin\":false,\"createTime\":\"2022-11-22 23:12:31\",\"dataScope\":\"1\",\"delFlag\":\"0\",\"deptCheckStrictly\":true,\"flag\":false,\"menuCheckStrictly\":false,\"menuIds\":[2070,2105,2075,2081,2093,2099,2100,2101,2102],\"roleId\":3,\"roleKey\":\"student\",\"roleName\":\"学生\",\"roleSort\":\"3\",\"status\":\"0\",\"updateBy\":\"admin\"}','{\"msg\":\"操作成功\",\"code\":200}',0,NULL,'2023-02-05 16:24:27'),(472,'批量新增课程明细信息',1,'com.tq.system.controller.StuGradeController.addMultiple()','POST',1,'admin',NULL,'/system/grade/addMultiple','127.0.0.1','内网IP','[{\"courseId\":6,\"gradeId\":26,\"stuId\":7},{\"courseId\":6,\"gradeId\":27,\"stuId\":8},{\"courseId\":6,\"gradeId\":28,\"stuId\":9},{\"courseId\":6,\"gradeId\":29,\"stuId\":10},{\"courseId\":6,\"gradeId\":30,\"stuId\":11},{\"courseId\":6,\"gradeId\":31,\"stuId\":32},{\"courseId\":6,\"gradeId\":32,\"stuId\":33},{\"courseId\":6,\"gradeId\":33,\"stuId\":34},{\"courseId\":6,\"gradeId\":34,\"stuId\":35},{\"courseId\":6,\"gradeId\":35,\"stuId\":36},{\"courseId\":6,\"gradeId\":36,\"stuId\":37},{\"courseId\":6,\"gradeId\":37,\"stuId\":38},{\"courseId\":6,\"gradeId\":38,\"stuId\":39},{\"courseId\":6,\"gradeId\":39,\"stuId\":40},{\"courseId\":6,\"gradeId\":40,\"stuId\":41},{\"courseId\":6,\"gradeId\":41,\"stuId\":42},{\"courseId\":6,\"gradeId\":42,\"stuId\":43},{\"courseId\":6,\"gradeId\":43,\"stuId\":44},{\"courseId\":6,\"gradeId\":44,\"stuId\":45}]','{\"msg\":\"操作成功\",\"code\":200}',0,NULL,'2023-02-05 16:30:51'),(473,'批量新增课程明细信息',1,'com.tq.system.controller.StuGradeController.addMultiple()','POST',1,'admin',NULL,'/system/grade/addMultiple','127.0.0.1','内网IP','[{\"courseId\":9,\"gradeId\":45,\"stuId\":7},{\"courseId\":9,\"gradeId\":46,\"stuId\":8},{\"courseId\":9,\"gradeId\":47,\"stuId\":9},{\"courseId\":9,\"gradeId\":48,\"stuId\":10},{\"courseId\":9,\"gradeId\":49,\"stuId\":11},{\"courseId\":9,\"gradeId\":50,\"stuId\":32},{\"courseId\":9,\"gradeId\":51,\"stuId\":33},{\"courseId\":9,\"gradeId\":52,\"stuId\":34},{\"courseId\":9,\"gradeId\":53,\"stuId\":35},{\"courseId\":9,\"gradeId\":54,\"stuId\":36},{\"courseId\":9,\"gradeId\":55,\"stuId\":37},{\"courseId\":9,\"gradeId\":56,\"stuId\":38},{\"courseId\":9,\"gradeId\":57,\"stuId\":39},{\"courseId\":9,\"gradeId\":58,\"stuId\":40},{\"courseId\":9,\"gradeId\":59,\"stuId\":41},{\"courseId\":9,\"gradeId\":60,\"stuId\":42},{\"courseId\":9,\"gradeId\":61,\"stuId\":43},{\"courseId\":9,\"gradeId\":62,\"stuId\":44},{\"courseId\":9,\"gradeId\":63,\"stuId\":45}]','{\"msg\":\"操作成功\",\"code\":200}',0,NULL,'2023-02-05 16:31:01'),(474,'课程考试安排',1,'com.tq.system.controller.StuExamController.add()','POST',1,'admin',NULL,'/system/exam','127.0.0.1','内网IP','{\"courseId\":9,\"examClassroom\":\"13栋-2131\",\"examEndTime\":\"16:00\",\"examId\":2,\"examName\":\"【数据结构】\",\"examStartTime\":\"14:00\",\"examType\":\"0\",\"scheduleTime\":\"2023-02-23 00:00:00\"}','{\"msg\":\"操作成功\",\"code\":200}',0,NULL,'2023-02-05 16:32:35'),(475,'课程明细信息',2,'com.tq.system.controller.StuGradeController.edit()','PUT',1,'admin',NULL,'/system/grade','127.0.0.1','内网IP','{\"classId\":7,\"className\":\"22软件1班\",\"courseCredit\":4,\"courseId\":5,\"courseName\":\"JavaWeb开发\",\"examId\":1,\"gradeEntryTime\":\"2023-02-05 16:34:32\",\"gradeGpa\":4.0,\"gradeId\":21,\"scaledGrades\":90,\"scaledGradesProportion\":0.6,\"scoreGrades\":90,\"stuId\":41,\"stuName\":\"李恺\",\"term\":\"2022-2023-1\",\"usualGrades\":90,\"usualGradesProportion\":0.4}','{\"msg\":\"操作成功\",\"code\":200}',0,NULL,'2023-02-05 16:34:33'),(476,'课程明细信息',2,'com.tq.system.controller.StuGradeController.edit()','PUT',1,'admin',NULL,'/system/grade','127.0.0.1','内网IP','{\"classId\":7,\"className\":\"22软件1班\",\"courseCredit\":1,\"courseId\":9,\"courseName\":\"数据结构\",\"examId\":2,\"gradeEntryTime\":\"2023-02-05 16:34:42\",\"gradeGpa\":2.9,\"gradeId\":59,\"scaledGrades\":65,\"scaledGradesProportion\":0.6,\"scoreGrades\":79,\"stuId\":41,\"stuName\":\"李恺\",\"term\":\"2022-2023-1\",\"usualGrades\":80,\"usualGradesProportion\":0.5}','{\"msg\":\"操作成功\",\"code\":200}',0,NULL,'2023-02-05 16:34:42'),(477,'角色管理',2,'com.tq.web.controller.system.SysRoleController.edit()','PUT',1,'admin',NULL,'/system/role','127.0.0.1','内网IP','{\"admin\":false,\"createTime\":\"2022-11-22 23:12:31\",\"dataScope\":\"1\",\"delFlag\":\"0\",\"deptCheckStrictly\":true,\"flag\":false,\"menuCheckStrictly\":false,\"menuIds\":[2070,2074,2105,2075,2080,2081,2092,2093,2098,2099,2100,2101,2102],\"roleId\":3,\"roleKey\":\"student\",\"roleName\":\"学生\",\"roleSort\":\"3\",\"status\":\"0\",\"updateBy\":\"admin\"}','{\"msg\":\"操作成功\",\"code\":200}',0,NULL,'2023-02-05 16:42:45'),(478,'角色管理',2,'com.tq.web.controller.system.SysRoleController.edit()','PUT',1,'admin',NULL,'/system/role','127.0.0.1','内网IP','{\"admin\":false,\"createTime\":\"2022-11-22 23:13:34\",\"dataScope\":\"1\",\"delFlag\":\"0\",\"deptCheckStrictly\":true,\"flag\":false,\"menuCheckStrictly\":false,\"menuIds\":[2054,2073,2055,2070,2074,2105,2075,2076,2077,2080,2081,2082,2107,2083,2086,2108,2087,2088,2092,2093,2094,2096,2098,2099,2101,2067,2068,2069],\"roleId\":4,\"roleKey\":\"teacher\",\"roleName\":\"教师\",\"roleSort\":\"4\",\"status\":\"0\",\"updateBy\":\"admin\"}','{\"msg\":\"操作成功\",\"code\":200}',0,NULL,'2023-02-05 16:43:33'),(479,'角色管理',2,'com.tq.web.controller.system.SysRoleController.edit()','PUT',1,'admin',NULL,'/system/role','127.0.0.1','内网IP','{\"admin\":false,\"createTime\":\"2022-11-22 23:12:31\",\"dataScope\":\"1\",\"delFlag\":\"0\",\"deptCheckStrictly\":true,\"flag\":false,\"menuCheckStrictly\":false,\"menuIds\":[2073,2104,2106,2071,2072,2070,2074,2105,2075,2080,2081,2092,2093,2098,2099,2100,2101,2102],\"roleId\":3,\"roleKey\":\"student\",\"roleName\":\"学生\",\"roleSort\":\"3\",\"status\":\"0\",\"updateBy\":\"admin\"}','{\"msg\":\"操作成功\",\"code\":200}',0,NULL,'2023-02-05 16:51:21'),(480,'角色管理',2,'com.tq.web.controller.system.SysRoleController.edit()','PUT',1,'admin',NULL,'/system/role','127.0.0.1','内网IP','{\"admin\":false,\"createTime\":\"2022-11-22 23:13:34\",\"dataScope\":\"1\",\"delFlag\":\"0\",\"deptCheckStrictly\":true,\"flag\":false,\"menuCheckStrictly\":false,\"menuIds\":[2054,2073,2055,2104,2025,2106,2071,2072,2070,2074,2105,2075,2076,2077,2080,2081,2082,2107,2083,2086,2108,2087,2088,2092,2093,2094,2096,2098,2099,2101,2067,2068,2069],\"roleId\":4,\"roleKey\":\"teacher\",\"roleName\":\"教师\",\"roleSort\":\"4\",\"status\":\"0\",\"updateBy\":\"admin\"}','{\"msg\":\"操作成功\",\"code\":200}',0,NULL,'2023-02-05 16:51:53'),(481,'角色管理',2,'com.tq.web.controller.system.SysRoleController.edit()','PUT',1,'admin',NULL,'/system/role','127.0.0.1','内网IP','{\"admin\":false,\"createTime\":\"2022-11-22 23:12:31\",\"dataScope\":\"1\",\"delFlag\":\"0\",\"deptCheckStrictly\":true,\"flag\":false,\"menuCheckStrictly\":false,\"menuIds\":[2073,2104,2106,2071,2072,2070,2074,2105,2075,2080,2081,2108,2087,2092,2093,2098,2099,2100,2101,2102],\"roleId\":3,\"roleKey\":\"student\",\"roleName\":\"学生\",\"roleSort\":\"3\",\"status\":\"0\",\"updateBy\":\"admin\"}','{\"msg\":\"操作成功\",\"code\":200}',0,NULL,'2023-02-05 16:54:43'),(482,'角色管理',2,'com.tq.web.controller.system.SysRoleController.edit()','PUT',1,'admin',NULL,'/system/role','127.0.0.1','内网IP','{\"admin\":false,\"createTime\":\"2022-11-22 23:12:31\",\"dataScope\":\"1\",\"delFlag\":\"0\",\"deptCheckStrictly\":true,\"flag\":false,\"menuCheckStrictly\":false,\"menuIds\":[2073,2055,2104,2106,2071,2072,2070,2074,2105,2075,2080,2081,2108,2087,2092,2093,2098,2099,2100,2101,2102],\"roleId\":3,\"roleKey\":\"student\",\"roleName\":\"学生\",\"roleSort\":\"3\",\"status\":\"0\",\"updateBy\":\"admin\"}','{\"msg\":\"操作成功\",\"code\":200}',0,NULL,'2023-02-05 17:21:01'),(483,'角色管理',2,'com.tq.web.controller.system.SysRoleController.edit()','PUT',1,'admin',NULL,'/system/role','127.0.0.1','内网IP','{\"admin\":false,\"createTime\":\"2022-11-22 23:13:34\",\"dataScope\":\"1\",\"delFlag\":\"0\",\"deptCheckStrictly\":true,\"flag\":false,\"menuCheckStrictly\":false,\"menuIds\":[2054,2073,2055,2104,2061,2025,2106,2071,2072,2070,2074,2105,2075,2076,2077,2080,2081,2082,2107,2083,2086,2108,2087,2088,2092,2093,2094,2096,2098,2099,2101,2067,2068,2069],\"roleId\":4,\"roleKey\":\"teacher\",\"roleName\":\"教师\",\"roleSort\":\"4\",\"status\":\"0\",\"updateBy\":\"admin\"}','{\"msg\":\"操作成功\",\"code\":200}',0,NULL,'2023-02-05 17:21:13'),(484,'菜单管理',1,'com.tq.web.controller.system.SysMenuController.add()','POST',1,'admin',NULL,'/system/menu','127.0.0.1','内网IP','{\"children\":[],\"icon\":\"people\",\"isCache\":\"0\",\"isFrame\":\"1\",\"menuName\":\"学生管理\",\"menuType\":\"M\",\"orderNum\":2,\"parentId\":0,\"path\":\"1212\",\"status\":\"0\",\"visible\":\"0\"}','{\"msg\":\"新增菜单\'学生管理\'失败，菜单名称已存在\",\"code\":500}',0,NULL,'2023-02-05 17:27:30'),(485,'菜单管理',1,'com.tq.web.controller.system.SysMenuController.add()','POST',1,'admin',NULL,'/system/menu','127.0.0.1','内网IP','{\"children\":[],\"createBy\":\"admin\",\"icon\":\"people\",\"isCache\":\"0\",\"isFrame\":\"1\",\"menuName\":\"学生管理1\",\"menuType\":\"M\",\"orderNum\":2,\"parentId\":0,\"path\":\"1212\",\"status\":\"0\",\"visible\":\"0\"}','{\"msg\":\"操作成功\",\"code\":200}',0,NULL,'2023-02-05 17:27:46'),(486,'菜单管理',2,'com.tq.web.controller.system.SysMenuController.edit()','PUT',1,'admin',NULL,'/system/menu','127.0.0.1','内网IP','{\"children\":[],\"component\":\"system/student/index\",\"createTime\":\"2022-11-22 13:17:41\",\"icon\":\"people\",\"isCache\":\"0\",\"isFrame\":\"1\",\"menuId\":2054,\"menuName\":\"学生信息管理\",\"menuType\":\"C\",\"orderNum\":2,\"parentId\":0,\"path\":\"student\",\"perms\":\"system:student:list\",\"status\":\"0\",\"updateBy\":\"admin\",\"visible\":\"0\"}','{\"msg\":\"操作成功\",\"code\":200}',0,NULL,'2023-02-05 17:28:07'),(487,'菜单管理',2,'com.tq.web.controller.system.SysMenuController.edit()','PUT',1,'admin',NULL,'/system/menu','127.0.0.1','内网IP','{\"children\":[],\"createTime\":\"2023-02-05 17:27:46\",\"icon\":\"people\",\"isCache\":\"0\",\"isFrame\":\"1\",\"menuId\":2110,\"menuName\":\"学生管理\",\"menuType\":\"M\",\"orderNum\":2,\"parentId\":0,\"path\":\"student\",\"perms\":\"\",\"status\":\"0\",\"updateBy\":\"admin\",\"visible\":\"0\"}','{\"msg\":\"操作成功\",\"code\":200}',0,NULL,'2023-02-05 17:28:20'),(488,'菜单管理',2,'com.tq.web.controller.system.SysMenuController.edit()','PUT',1,'admin',NULL,'/system/menu','127.0.0.1','内网IP','{\"children\":[],\"component\":\"system/student/index\",\"createTime\":\"2022-11-22 13:17:41\",\"icon\":\"people\",\"isCache\":\"0\",\"isFrame\":\"1\",\"menuId\":2054,\"menuName\":\"学生信息管理\",\"menuType\":\"C\",\"orderNum\":2,\"parentId\":2110,\"path\":\"student\",\"perms\":\"system:student:list\",\"status\":\"0\",\"updateBy\":\"admin\",\"visible\":\"0\"}','{\"msg\":\"操作成功\",\"code\":200}',0,NULL,'2023-02-05 17:28:37'),(489,'菜单管理',2,'com.tq.web.controller.system.SysMenuController.edit()','PUT',1,'admin',NULL,'/system/menu','127.0.0.1','内网IP','{\"children\":[],\"createTime\":\"2022-11-22 22:21:25\",\"icon\":\"people\",\"isCache\":\"0\",\"isFrame\":\"1\",\"menuId\":2066,\"menuName\":\"学校基础配置管理\",\"menuType\":\"M\",\"orderNum\":3,\"parentId\":0,\"path\":\"base\",\"perms\":\"\",\"status\":\"0\",\"updateBy\":\"admin\",\"visible\":\"0\"}','{\"msg\":\"操作成功\",\"code\":200}',0,NULL,'2023-02-05 17:28:52'),(490,'角色管理',2,'com.tq.web.controller.system.SysRoleController.edit()','PUT',1,'admin',NULL,'/system/role','127.0.0.1','内网IP','{\"admin\":false,\"createTime\":\"2022-11-22 23:12:31\",\"dataScope\":\"1\",\"delFlag\":\"0\",\"deptCheckStrictly\":true,\"flag\":false,\"menuCheckStrictly\":false,\"menuIds\":[2054,2073,2055,2104,2106,2071,2072,2070,2074,2105,2075,2080,2081,2108,2087,2092,2093,2098,2099,2100,2101,2102],\"roleId\":3,\"roleKey\":\"student\",\"roleName\":\"学生\",\"roleSort\":\"3\",\"status\":\"0\",\"updateBy\":\"admin\"}','{\"msg\":\"操作成功\",\"code\":200}',0,NULL,'2023-02-05 17:29:44'),(491,'菜单管理',1,'com.tq.web.controller.system.SysMenuController.add()','POST',1,'admin',NULL,'/system/menu','127.0.0.1','内网IP','{\"children\":[],\"createBy\":\"admin\",\"isCache\":\"0\",\"isFrame\":\"1\",\"menuName\":\"课程明细信息列表不分页\",\"menuType\":\"F\",\"orderNum\":0,\"parentId\":2080,\"perms\":\"system:grade:allList\",\"status\":\"0\",\"visible\":\"0\"}','{\"msg\":\"操作成功\",\"code\":200}',0,NULL,'2023-02-05 18:45:56'),(492,'角色管理',2,'com.tq.web.controller.system.SysRoleController.edit()','PUT',1,'admin',NULL,'/system/role','127.0.0.1','内网IP','{\"admin\":false,\"createTime\":\"2022-11-15 17:25:36\",\"dataScope\":\"2\",\"delFlag\":\"0\",\"deptCheckStrictly\":true,\"flag\":false,\"menuCheckStrictly\":true,\"menuIds\":[1,100,1000,1001,1002,1003,1004,1005,1006,101,1007,1008,1009,1010,1011,102,1012,1013,1014,1015,103,1016,1017,1018,1019,104,1020,1021,1022,1023,1024,105,1025,1026,1027,1028,1029,106,1030,1031,1032,1033,1034,107,1035,1036,1037,1038,108,500,1039,1040,1041,501,1042,1043,1044,1045,2110,2054,2073,2055,2056,2057,2058,2059,2109,2066,2060,2104,2061,2062,2063,2064,2065,2024,2025,2026,2027,2028,2029,2106,2036,2071,2072,2037,2038,2039,2040,2041,2042,2043,2044,2045,2046,2047,2070,2074,2105,2075,2076,2077,2078,2079,2080,2111,2081,2082,2107,2083,2084,2085,2086,2108,2087,2088,2089,2090,2091,2092,2093,2094,2095,2096,2097,2098,2099,2100,2101,2102,2103,2067,2068,2069],\"remark\":\"维护系统\",\"roleId\":2,\"roleKey\":\"common\",\"roleName\":\"教务人员\",\"roleSort\":\"2\",\"status\":\"0\",\"updateBy\":\"admin\"}','{\"msg\":\"操作成功\",\"code\":200}',0,NULL,'2023-02-05 18:46:26'),(493,'角色管理',2,'com.tq.web.controller.system.SysRoleController.edit()','PUT',1,'admin',NULL,'/system/role','127.0.0.1','内网IP','{\"admin\":false,\"createTime\":\"2022-11-22 23:12:31\",\"dataScope\":\"1\",\"delFlag\":\"0\",\"deptCheckStrictly\":true,\"flag\":false,\"menuCheckStrictly\":false,\"menuIds\":[2054,2073,2055,2104,2106,2071,2072,2070,2074,2105,2075,2080,2111,2081,2108,2087,2092,2093,2098,2099,2100,2101,2102],\"roleId\":3,\"roleKey\":\"student\",\"roleName\":\"学生\",\"roleSort\":\"3\",\"status\":\"0\",\"updateBy\":\"admin\"}','{\"msg\":\"操作成功\",\"code\":200}',0,NULL,'2023-02-05 18:46:47'),(494,'角色管理',2,'com.tq.web.controller.system.SysRoleController.edit()','PUT',1,'admin',NULL,'/system/role','127.0.0.1','内网IP','{\"admin\":false,\"createTime\":\"2022-11-22 23:13:34\",\"dataScope\":\"1\",\"delFlag\":\"0\",\"deptCheckStrictly\":true,\"flag\":false,\"menuCheckStrictly\":false,\"menuIds\":[2054,2073,2055,2104,2061,2025,2106,2071,2072,2070,2074,2105,2075,2076,2077,2080,2111,2081,2082,2107,2083,2086,2108,2087,2088,2092,2093,2094,2096,2098,2099,2101,2067,2068,2069],\"roleId\":4,\"roleKey\":\"teacher\",\"roleName\":\"教师\",\"roleSort\":\"4\",\"status\":\"0\",\"updateBy\":\"admin\"}','{\"msg\":\"操作成功\",\"code\":200}',0,NULL,'2023-02-05 18:46:56'),(495,'成绩异议处理记录',1,'com.tq.system.controller.StuGradeObjectionController.add()','POST',1,'20190411430310',NULL,'/system/objection','127.0.0.1','内网IP','{\"gradeId\":21,\"gradeObjDesc\":\"怎么可能这么高分\",\"operationStatus\":\"0\"}',NULL,1,'\r\n### Error updating database.  Cause: java.sql.SQLException: Field \'feedback\' doesn\'t have a default value\r\n### The error may exist in file [D:\\graduationProject\\vue3前端借鉴\\stu-grades-admin\\stu-system\\target\\classes\\mapper\\system\\StuGradeObjectionMapper.xml]\r\n### The error may involve com.tq.system.mapper.stu.StuGradeObjectionMapper.insertStuGradeObjection-Inline\r\n### The error occurred while setting parameters\r\n### SQL: insert into stu_grade_objection          ( grade_id,             grade_obj_desc,             operation_status )           values ( ?,             ?,             ? )\r\n### Cause: java.sql.SQLException: Field \'feedback\' doesn\'t have a default value\n; Field \'feedback\' doesn\'t have a default value; nested exception is java.sql.SQLException: Field \'feedback\' doesn\'t have a default value','2023-02-05 18:53:52'),(496,'成绩异议处理记录',1,'com.tq.system.controller.StuGradeObjectionController.add()','POST',1,'20190411430310',NULL,'/system/objection','127.0.0.1','内网IP','{\"gradeId\":21,\"gradeObjDesc\":\"怎么可能这么高分\",\"gradeObjId\":1,\"operationStatus\":\"0\"}','{\"msg\":\"操作成功\",\"code\":200}',0,NULL,'2023-02-05 18:54:33'),(497,'成绩异议处理记录',1,'com.tq.system.controller.StuGradeObjectionController.add()','POST',1,'20190411430310',NULL,'/system/objection','127.0.0.1','内网IP','{\"gradeId\":59,\"gradeObjDesc\":\"我好低分啊 不可能！！！！！\",\"gradeObjId\":2,\"operationStatus\":\"0\"}','{\"msg\":\"操作成功\",\"code\":200}',0,NULL,'2023-02-05 23:07:08'),(498,'课程明细信息',2,'com.tq.system.controller.StuGradeController.edit()','PUT',1,'admin',NULL,'/system/grade','127.0.0.1','内网IP','{\"classId\":7,\"className\":\"22软件1班\",\"courseCredit\":4,\"courseId\":5,\"courseName\":\"JavaWeb开发\",\"examId\":1,\"gradeEntryTime\":\"2023-02-05 23:28:48\",\"gradeGpa\":0.2,\"gradeId\":7,\"scaledGrades\":20,\"scaledGradesProportion\":0.6,\"scoreGrades\":52,\"stuId\":7,\"stuName\":\"李大大\",\"term\":\"2022-2023-1\",\"usualGrades\":100,\"usualGradesProportion\":0.4}','{\"msg\":\"操作成功\",\"code\":200}',0,NULL,'2023-02-05 23:28:48'),(499,'课程明细信息',2,'com.tq.system.controller.StuGradeController.edit()','PUT',1,'admin',NULL,'/system/grade','127.0.0.1','内网IP','{\"classId\":7,\"className\":\"22软件1班\",\"courseCredit\":1,\"courseId\":9,\"courseName\":\"数据结构\",\"examId\":2,\"gradeEntryTime\":\"2023-02-05 23:28:59\",\"gradeGpa\":1.7,\"gradeId\":45,\"scaledGrades\":70,\"scaledGradesProportion\":0.6,\"scoreGrades\":67,\"stuId\":7,\"stuName\":\"李大大\",\"term\":\"2022-2023-1\",\"usualGrades\":50,\"usualGradesProportion\":0.5}','{\"msg\":\"操作成功\",\"code\":200}',0,NULL,'2023-02-05 23:28:59'),(500,'成绩异议处理记录',1,'com.tq.system.controller.StuGradeObjectionController.add()','POST',1,'20190411430322',NULL,'/system/objection','127.0.0.1','内网IP','{\"gradeId\":45,\"gradeObjDesc\":\"好低分啊我要重测\",\"gradeObjId\":3,\"operationStatus\":\"0\"}','{\"msg\":\"操作成功\",\"code\":200}',0,NULL,'2023-02-06 00:02:31'),(501,'用户管理',2,'com.tq.web.controller.system.SysUserController.resetPwd()','PUT',1,'admin',NULL,'/system/user/resetPwd','127.0.0.1','内网IP','{\"admin\":false,\"updateBy\":\"admin\",\"userId\":30}','{\"msg\":\"操作成功\",\"code\":200}',0,NULL,'2023-02-06 01:35:28'),(502,'角色管理',2,'com.tq.web.controller.system.SysRoleController.edit()','PUT',1,'admin',NULL,'/system/role','127.0.0.1','内网IP','{\"admin\":false,\"createTime\":\"2022-11-22 23:13:34\",\"dataScope\":\"1\",\"delFlag\":\"0\",\"deptCheckStrictly\":true,\"flag\":false,\"menuCheckStrictly\":false,\"menuIds\":[2054,2073,2055,2060,2104,2061,2025,2106,2071,2072,2070,2074,2105,2075,2076,2077,2080,2111,2081,2082,2107,2083,2086,2108,2087,2088,2092,2093,2094,2096,2098,2099,2101,2067,2068,2069],\"roleId\":4,\"roleKey\":\"teacher\",\"roleName\":\"教师\",\"roleSort\":\"4\",\"status\":\"0\",\"updateBy\":\"admin\"}','{\"msg\":\"操作成功\",\"code\":200}',0,NULL,'2023-02-06 01:43:31');

/*Table structure for table `sys_post` */

DROP TABLE IF EXISTS `sys_post`;

CREATE TABLE `sys_post` (
  `post_id` bigint(20) NOT NULL AUTO_INCREMENT COMMENT '岗位ID',
  `post_code` varchar(64) NOT NULL COMMENT '岗位编码',
  `post_name` varchar(50) NOT NULL COMMENT '岗位名称',
  `post_sort` int(4) NOT NULL COMMENT '显示顺序',
  `status` char(1) NOT NULL COMMENT '状态（0正常 1停用）',
  `create_by` varchar(64) DEFAULT '' COMMENT '创建者',
  `create_time` datetime DEFAULT NULL COMMENT '创建时间',
  `update_by` varchar(64) DEFAULT '' COMMENT '更新者',
  `update_time` datetime DEFAULT NULL COMMENT '更新时间',
  `remark` varchar(500) DEFAULT NULL COMMENT '备注',
  PRIMARY KEY (`post_id`)
) ENGINE=InnoDB DEFAULT CHARSET=utf8 COMMENT='岗位信息表';

/*Data for the table `sys_post` */

/*Table structure for table `sys_role` */

DROP TABLE IF EXISTS `sys_role`;

CREATE TABLE `sys_role` (
  `role_id` bigint(20) NOT NULL AUTO_INCREMENT COMMENT '角色ID',
  `role_name` varchar(30) NOT NULL COMMENT '角色名称',
  `role_key` varchar(100) NOT NULL COMMENT '角色权限字符串',
  `role_sort` int(4) NOT NULL COMMENT '显示顺序',
  `data_scope` char(1) DEFAULT '1' COMMENT '数据范围（1：全部数据权限 2：自定数据权限 3：本部门数据权限 4：本部门及以下数据权限）',
  `menu_check_strictly` tinyint(1) DEFAULT '1' COMMENT '菜单树选择项是否关联显示',
  `dept_check_strictly` tinyint(1) DEFAULT '1' COMMENT '部门树选择项是否关联显示',
  `status` char(1) NOT NULL COMMENT '角色状态（0正常 1停用）',
  `del_flag` char(1) DEFAULT '0' COMMENT '删除标志（0代表存在 2代表删除）',
  `create_by` varchar(64) DEFAULT '' COMMENT '创建者',
  `create_time` datetime DEFAULT NULL COMMENT '创建时间',
  `update_by` varchar(64) DEFAULT '' COMMENT '更新者',
  `update_time` datetime DEFAULT NULL COMMENT '更新时间',
  `remark` varchar(500) DEFAULT NULL COMMENT '备注',
  PRIMARY KEY (`role_id`)
) ENGINE=InnoDB AUTO_INCREMENT=5 DEFAULT CHARSET=utf8 COMMENT='角色信息表';

/*Data for the table `sys_role` */

insert  into `sys_role`(`role_id`,`role_name`,`role_key`,`role_sort`,`data_scope`,`menu_check_strictly`,`dept_check_strictly`,`status`,`del_flag`,`create_by`,`create_time`,`update_by`,`update_time`,`remark`) values (1,'超级管理员','admin',1,'1',1,1,'0','0','admin','2022-11-15 17:25:36','',NULL,'超级管理员'),(2,'教务人员','common',2,'2',1,1,'0','0','admin','2022-11-15 17:25:36','admin','2023-02-05 18:46:26','维护系统'),(3,'学生','student',3,'1',0,1,'0','0','admin','2022-11-22 23:12:31','admin','2023-02-05 18:46:47',NULL),(4,'教师','teacher',4,'1',0,1,'0','0','admin','2022-11-22 23:13:34','admin','2023-02-06 01:43:31',NULL);

/*Table structure for table `sys_role_dept` */

DROP TABLE IF EXISTS `sys_role_dept`;

CREATE TABLE `sys_role_dept` (
  `role_id` bigint(20) NOT NULL COMMENT '角色ID',
  `dept_id` bigint(20) NOT NULL COMMENT '部门ID',
  PRIMARY KEY (`role_id`,`dept_id`)
) ENGINE=InnoDB DEFAULT CHARSET=utf8 COMMENT='角色和部门关联表';

/*Data for the table `sys_role_dept` */

insert  into `sys_role_dept`(`role_id`,`dept_id`) values (2,100),(2,101),(2,105);

/*Table structure for table `sys_role_menu` */

DROP TABLE IF EXISTS `sys_role_menu`;

CREATE TABLE `sys_role_menu` (
  `role_id` bigint(20) NOT NULL COMMENT '角色ID',
  `menu_id` bigint(20) NOT NULL COMMENT '菜单ID',
  PRIMARY KEY (`role_id`,`menu_id`)
) ENGINE=InnoDB DEFAULT CHARSET=utf8 COMMENT='角色和菜单关联表';

/*Data for the table `sys_role_menu` */

insert  into `sys_role_menu`(`role_id`,`menu_id`) values (2,1),(2,100),(2,101),(2,102),(2,103),(2,104),(2,105),(2,106),(2,107),(2,108),(2,500),(2,501),(2,1000),(2,1001),(2,1002),(2,1003),(2,1004),(2,1005),(2,1006),(2,1007),(2,1008),(2,1009),(2,1010),(2,1011),(2,1012),(2,1013),(2,1014),(2,1015),(2,1016),(2,1017),(2,1018),(2,1019),(2,1020),(2,1021),(2,1022),(2,1023),(2,1024),(2,1025),(2,1026),(2,1027),(2,1028),(2,1029),(2,1030),(2,1031),(2,1032),(2,1033),(2,1034),(2,1035),(2,1036),(2,1037),(2,1038),(2,1039),(2,1040),(2,1041),(2,1042),(2,1043),(2,1044),(2,1045),(2,2024),(2,2025),(2,2026),(2,2027),(2,2028),(2,2029),(2,2036),(2,2037),(2,2038),(2,2039),(2,2040),(2,2041),(2,2042),(2,2043),(2,2044),(2,2045),(2,2046),(2,2047),(2,2054),(2,2055),(2,2056),(2,2057),(2,2058),(2,2059),(2,2060),(2,2061),(2,2062),(2,2063),(2,2064),(2,2065),(2,2066),(2,2067),(2,2068),(2,2069),(2,2070),(2,2071),(2,2072),(2,2073),(2,2074),(2,2075),(2,2076),(2,2077),(2,2078),(2,2079),(2,2080),(2,2081),(2,2082),(2,2083),(2,2084),(2,2085),(2,2086),(2,2087),(2,2088),(2,2089),(2,2090),(2,2091),(2,2092),(2,2093),(2,2094),(2,2095),(2,2096),(2,2097),(2,2098),(2,2099),(2,2100),(2,2101),(2,2102),(2,2103),(2,2104),(2,2105),(2,2106),(2,2107),(2,2108),(2,2109),(2,2110),(2,2111),(3,2054),(3,2055),(3,2070),(3,2071),(3,2072),(3,2073),(3,2074),(3,2075),(3,2080),(3,2081),(3,2087),(3,2092),(3,2093),(3,2098),(3,2099),(3,2100),(3,2101),(3,2102),(3,2104),(3,2105),(3,2106),(3,2108),(3,2111),(4,2025),(4,2054),(4,2055),(4,2060),(4,2061),(4,2067),(4,2068),(4,2069),(4,2070),(4,2071),(4,2072),(4,2073),(4,2074),(4,2075),(4,2076),(4,2077),(4,2080),(4,2081),(4,2082),(4,2083),(4,2086),(4,2087),(4,2088),(4,2092),(4,2093),(4,2094),(4,2096),(4,2098),(4,2099),(4,2101),(4,2104),(4,2105),(4,2106),(4,2107),(4,2108),(4,2111);

/*Table structure for table `sys_user` */

DROP TABLE IF EXISTS `sys_user`;

CREATE TABLE `sys_user` (
  `user_id` bigint(20) NOT NULL AUTO_INCREMENT COMMENT '用户ID',
  `dept_id` bigint(20) DEFAULT NULL COMMENT '部门ID',
  `user_name` varchar(30) NOT NULL COMMENT '用户账号',
  `nick_name` varchar(30) NOT NULL COMMENT '用户昵称',
  `user_type` varchar(2) DEFAULT '00' COMMENT '用户类型（00系统用户）',
  `email` varchar(50) DEFAULT '' COMMENT '用户邮箱',
  `phonenumber` varchar(11) DEFAULT '' COMMENT '手机号码',
  `sex` char(1) DEFAULT '0' COMMENT '用户性别（0男 1女 2未知）',
  `avatar` varchar(100) DEFAULT '' COMMENT '头像地址',
  `password` varchar(100) DEFAULT '' COMMENT '密码',
  `status` char(1) DEFAULT '0' COMMENT '帐号状态（0正常 1停用）',
  `del_flag` char(1) DEFAULT '0' COMMENT '删除标志（0代表存在 2代表删除）',
  `login_ip` varchar(128) DEFAULT '' COMMENT '最后登录IP',
  `login_date` datetime DEFAULT NULL COMMENT '最后登录时间',
  `create_by` varchar(64) DEFAULT '' COMMENT '创建者',
  `create_time` datetime DEFAULT NULL COMMENT '创建时间',
  `update_by` varchar(64) DEFAULT '' COMMENT '更新者',
  `update_time` datetime DEFAULT NULL COMMENT '更新时间',
  `remark` varchar(500) DEFAULT NULL COMMENT '备注',
  PRIMARY KEY (`user_id`)
) ENGINE=InnoDB AUTO_INCREMENT=33 DEFAULT CHARSET=utf8 COMMENT='用户信息表';

/*Data for the table `sys_user` */

insert  into `sys_user`(`user_id`,`dept_id`,`user_name`,`nick_name`,`user_type`,`email`,`phonenumber`,`sex`,`avatar`,`password`,`status`,`del_flag`,`login_ip`,`login_date`,`create_by`,`create_time`,`update_by`,`update_time`,`remark`) values (1,102,'admin','系统管理员','00','ry@163.com','15888888888','0','/profile/avatar/2022/12/21/blob_20221221232321A002.png','$2a$10$UY0LjqS2sNmxlxXBwvNlKO8ZMJpNLFZwkWgQT1zh9wrhpAOx0Gwzy','0','0','127.0.0.1','2023-02-06 02:48:45','admin','2022-11-15 17:25:35','','2023-02-06 02:48:44','管理员'),(2,103,'dian','廖老师','00','ry@qq.com','15666666666','1','/profile/avatar/2022/11/22/blob_20221122232521A002.png','$2a$10$sairYOW9Gxqq3xN9dpr6BeaioB50OwFGbVh/1nfW3JSeUNWZdV6B2','0','0','127.0.0.1','2022-11-15 17:25:35','admin','2022-11-15 17:25:35','admin','2022-12-27 18:11:38','测试员'),(3,101,'tangqi','唐老师','00','2222222@qq.com','18688417105','1','','$2a$10$qfyxksL3XI.FZ1UumyQCh.E50P26F4B.7//8HcK48.vvHr7wEts26','0','0','',NULL,'admin','2022-11-22 23:22:02','admin','2022-12-27 18:09:55',NULL),(4,101,'dian','陈老师','00','','','0','','$2a$10$BSrUM0oCJUJrVIZeqTuPSenEKFAMtUFPEKds/MXRkbkCO0DRhzqI.','0','0','',NULL,'admin','2022-12-27 16:44:37','admin','2022-12-27 18:10:25',NULL),(5,104,'20190411430356','20190411430356','00','','','0','','$2a$10$OlT/XA5tSxCbUgrdVfPs.uzF94KfXxGhlJ/IxlXrhArsgGif1Wb4q','0','0','',NULL,'admin','2022-12-27 18:00:31','',NULL,'批量添加用户'),(6,104,'20190411430326','20190411430326','00','','','0','','$2a$10$2f6mdeG0KXB/8VzgnrZqTuFG8Caneq/kknNXzlP7SQGK/6dRfVL0e','0','0','127.0.0.1','2022-12-29 15:59:14','admin','2022-12-27 18:03:52','admin','2022-12-29 15:59:13','批量添加用户'),(7,104,'20190411430351','20190411430351','00','','','0','','$2a$10$N19lTPwoZdfDBP0z4EY4Pew4c7Et6iMt3k3C9o.1wkpqzxdWpQEHS','0','0','',NULL,'admin','2022-12-27 18:03:52','',NULL,'批量添加用户'),(8,104,'20190411430352','20190411430352','00','','','0','','$2a$10$mJS2wL0.r9RR5K820Xr7XOrmMkoSxhuTP7bvvXuz5MiytBmuEQsMu','0','0','',NULL,'admin','2022-12-27 18:04:14','',NULL,'批量添加用户'),(9,104,'20190411430363','20190411430363','00','','','0','','$2a$10$YF0vJ1VYx7sH5HIu4Mn9BuTdsNRWbjYgjEa7X5zptNiT2f4/x2pIq','0','0','',NULL,'admin','2022-12-27 18:04:14','',NULL,'批量添加用户'),(10,104,'20190411430368','20190411430368','00','','','0','','$2a$10$tjsoI9Ic0wUTl2HAMyTd1emUak2kTT9DCYfE2WwJhzhpkUQCrA4iG','0','0','',NULL,'admin','2022-12-27 18:04:14','',NULL,'批量添加用户'),(11,105,'20190411430322','20190411430322','00','','','0','','$2a$10$nCFdSORC1GVSF4jjdG39LO1ciuV3XQSvWKqJTiNSe4rq3pgOXRZGi','0','0','127.0.0.1','2023-02-06 01:33:20','admin','2022-12-27 18:04:31','','2023-02-06 01:33:20','批量添加用户'),(12,105,'20220411430321','20220411430321','00','','','0','','$2a$10$47zh23MZwOyL7/v56A/0oOI/67ouwQWjIDt7ZafJh.yQ/p98wQSYe','0','0','',NULL,'admin','2022-12-27 18:04:31','',NULL,'批量添加用户'),(13,105,'20190411432356','20190411432356','00','','','0','','$2a$10$FtDgwHgXlDR0HoXRJ8iVAen90HBc0MX799etPC3/i1NUUWEMNXhPO','0','0','',NULL,'admin','2022-12-27 18:04:31','',NULL,'批量添加用户'),(14,105,'20220414430301','20220414430301','00','','','0','','$2a$10$ofd6tGmN8V9q9TeaDgToTeAD4i.xWApdg.lebNH531hfkuRcCn/Oi','0','0','',NULL,'admin','2022-12-27 18:04:31','',NULL,'批量添加用户'),(15,105,'20220411430355','20220411430355','00','','','0','','$2a$10$23bXm07fF.HFVCSm6t9uHOr/fXIsuuEYpo6Q32HT2OHyzZGEvhnXa','0','0','',NULL,'admin','2022-12-27 18:04:31','',NULL,'批量添加用户'),(16,105,'20190411430301','20190411430301','00','','','0','','$2a$10$k3DadZVKFv1MwUtE.dvJNuRu4c9Ex2emvMVkb9q4UmEnv7bYDy4O2','0','0','',NULL,'admin','2022-12-27 18:04:32','',NULL,'批量添加用户'),(17,105,'20190411430302','20190411430302','00','','','0','','$2a$10$gGuL9ly5neFwpfBjN2C/XOOZbbjQi2XdATL29o6lhilniQ.ywzQwa','0','0','',NULL,'admin','2022-12-27 18:04:32','',NULL,'批量添加用户'),(18,105,'20190411430303','20190411430303','00','','','0','','$2a$10$C2b2RXOCV1nrAiAI5bZZ6ujWBhyIDEFMOyEMgcyxeS9kQkcNg95Ji','0','0','',NULL,'admin','2022-12-27 18:04:32','',NULL,'批量添加用户'),(19,105,'20190411430304','20190411430304','00','','','0','','$2a$10$AQWJn8z8ViSyeBVnVW7xdO.Bhphk.oCorkIA8mEsC49NghxtAtRVC','0','0','',NULL,'admin','2022-12-27 18:04:32','',NULL,'批量添加用户'),(20,105,'20190411430305','20190411430305','00','','','0','','$2a$10$iefBwH1bo0X6mAcsJFdqkOa7PVKAqWrI0s/7w87IjIq50ER75BlCS','0','0','',NULL,'admin','2022-12-27 18:04:32','',NULL,'批量添加用户'),(21,105,'20190411430306','20190411430306','00','','','0','','$2a$10$sSci/fBzskjMTf7xSEn8xOtV5loUFU9/KNEn1/UcMdkk48VIPCPNW','0','0','',NULL,'admin','2022-12-27 18:04:32','',NULL,'批量添加用户'),(22,105,'20190411430307','20190411430307','00','','','0','','$2a$10$oRacz0Dfs3Ml3QEC30hG6ONS5H1yw8KMGgxdM8pls7.HDyzMD9hyq','0','0','',NULL,'admin','2022-12-27 18:04:32','',NULL,'批量添加用户'),(23,105,'20190411430308','20190411430308','00','','','0','','$2a$10$k8lRBa8sobGpYX8ObqB.qujpvydBlKvunToBFDaaCJpVTkFwybtHe','0','0','',NULL,'admin','2022-12-27 18:04:32','',NULL,'批量添加用户'),(24,105,'20190411430309','20190411430309','00','','','0','','$2a$10$ZXw0lAye8uJyE2I469NJuerJZHJI3IEhfHmSiz.i8a7ucOD8O27cG','0','0','',NULL,'admin','2022-12-27 18:04:32','',NULL,'批量添加用户'),(25,105,'20190411430310','20190411430310','00','','','0','','$2a$10$bVLPJMfXI/nISCjxsTzq4e8XZjFokDVEz.xYhnwwlP8fD/WEDEpKa','0','0','127.0.0.1','2023-02-06 01:49:37','admin','2022-12-27 18:04:33','','2023-02-06 01:49:37','批量添加用户'),(26,100,'20190411430311','20190411430311','00','','','0','','$2a$10$Tt.M.j59M9szvuXEzYRRKuiCzmmg75te8icFcNzgnXSuUV5qjNwt2','0','0','',NULL,'admin','2022-12-27 18:04:33','',NULL,'批量添加用户'),(27,100,'20190411430312','20190411430312','00','','','0','','$2a$10$eJ9x99C3hMmP8Mae1eIQAejpj92Vy/ieGEorHTFzf/8ScEKwJ8t0y','0','0','',NULL,'admin','2022-12-27 18:04:33','',NULL,'批量添加用户'),(28,100,'20190411430313','20190411430313','00','','','0','','$2a$10$qxVcPxVTpnN0LRLok6sjp.gsgGgwSSKZlSfp.TjbhcUNvJiXnPtue','0','0','',NULL,'admin','2022-12-27 18:04:33','',NULL,'批量添加用户'),(29,100,'20190411430314','20190411430314','00','','','0','','$2a$10$yt9RkH7RvOxNW/nzXcM/Eut7iU.W8HxugbOz918nEmftS.PAfR55C','0','0','',NULL,'admin','2022-12-27 18:04:33','',NULL,'批量添加用户'),(30,101,'10000','罗建平','00','luo@qq.com','18688417333','0','','$2a$10$2Y/4W7JNnaIXVVqCwXQ.eO5q2ap4kU7Tg.Z1XkR4pm7UxikfHOSVu','0','0','127.0.0.1','2023-02-06 01:49:57','admin','2022-12-29 16:05:34','admin','2023-02-06 01:49:57',NULL),(31,101,'10001','刘飞生','00','liu@qq.com','18688412222','0','','$2a$10$Dzz/GfTRjqayTSsSRJFKVu4t6yTg5xh7DuZNUw/WxBcNmrmdc.Kii','0','0','',NULL,'admin','2022-12-29 16:06:20','',NULL,NULL),(32,101,'10004','周少波','00','zhou@qq.com','18888888455','0','','$2a$10$bufpo0KKLZaBmFzQaT0CZuGu8vE36idu9UFIbz6l9SM7S5WKMZQuq','0','0','',NULL,'admin','2022-12-29 16:07:41','',NULL,NULL);

/*Table structure for table `sys_user_post` */

DROP TABLE IF EXISTS `sys_user_post`;

CREATE TABLE `sys_user_post` (
  `user_id` bigint(20) NOT NULL COMMENT '用户ID',
  `post_id` bigint(20) NOT NULL COMMENT '岗位ID',
  PRIMARY KEY (`user_id`,`post_id`)
) ENGINE=InnoDB DEFAULT CHARSET=utf8 COMMENT='用户与岗位关联表';

/*Data for the table `sys_user_post` */

/*Table structure for table `sys_user_role` */

DROP TABLE IF EXISTS `sys_user_role`;

CREATE TABLE `sys_user_role` (
  `user_id` bigint(20) NOT NULL COMMENT '用户ID',
  `role_id` bigint(20) NOT NULL COMMENT '角色ID',
  PRIMARY KEY (`user_id`,`role_id`)
) ENGINE=InnoDB DEFAULT CHARSET=utf8 COMMENT='用户和角色关联表';

/*Data for the table `sys_user_role` */

insert  into `sys_user_role`(`user_id`,`role_id`) values (1,1),(2,2),(3,3),(4,3),(5,3),(6,3),(7,3),(8,3),(9,3),(10,3),(11,3),(12,3),(13,3),(14,3),(15,3),(16,3),(17,3),(18,3),(19,3),(20,3),(21,3),(22,3),(23,3),(24,3),(25,3),(26,3),(27,3),(28,3),(29,3),(30,4),(31,4),(32,4);

/*!40101 SET SQL_MODE=@OLD_SQL_MODE */;
/*!40014 SET FOREIGN_KEY_CHECKS=@OLD_FOREIGN_KEY_CHECKS */;
/*!40014 SET UNIQUE_CHECKS=@OLD_UNIQUE_CHECKS */;
/*!40111 SET SQL_NOTES=@OLD_SQL_NOTES */;
